,Baso,Ccr7_DC,Eos,Mast,Meg,Monocyte,Neutrophil,Undifferentiated
13199,1.0,0.0,0.0,0.0,8.0,843.0,278.0,870.0
13210,0.0,0.0,0.0,0.0,3.0,356.0,839.0,802.0
13226,625.0,0.0,1.0,742.0,408.0,2.0,25.0,197.0
13235,1079.0,0.0,0.0,643.0,170.0,0.0,13.0,95.0
13256,0.0,0.0,0.0,0.0,0.0,1957.0,5.0,38.0
13258,0.0,0.0,0.0,0.0,0.0,0.0,2000.0,0.0
13259,0.0,0.0,0.0,0.0,0.0,0.0,2000.0,0.0
13260,801.0,0.0,0.0,1167.0,0.0,0.0,0.0,32.0
13266,0.0,0.0,0.0,0.0,0.0,49.0,1837.0,114.0
13274,14.0,0.0,0.0,2.0,35.0,16.0,991.0,942.0
13291,1.0,0.0,0.0,1.0,34.0,42.0,121.0,1801.0
13300,0.0,0.0,0.0,0.0,0.0,0.0,2000.0,0.0
13302,0.0,0.0,0.0,0.0,0.0,0.0,2000.0,0.0
13313,0.0,0.0,0.0,4.0,28.0,397.0,315.0,1256.0
13314,50.0,0.0,0.0,100.0,486.0,1.0,5.0,1358.0
13322,0.0,0.0,0.0,0.0,0.0,0.0,2000.0,0.0
13341,0.0,0.0,0.0,0.0,2.0,565.0,490.0,943.0
13350,0.0,0.0,0.0,0.0,1.0,13.0,1944.0,42.0
13352,0.0,0.0,0.0,9.0,25.0,2.0,1013.0,951.0
13353,0.0,0.0,0.0,2000.0,0.0,0.0,0.0,0.0
13361,0.0,0.0,0.0,0.0,0.0,0.0,2000.0,0.0
13366,20.0,0.0,0.0,22.0,398.0,7.0,7.0,1546.0
13371,237.0,0.0,0.0,205.0,469.0,0.0,6.0,1083.0
13375,0.0,0.0,0.0,0.0,0.0,131.0,1785.0,84.0
13389,2000.0,0.0,0.0,0.0,0.0,0.0,0.0,0.0
13401,36.0,0.0,0.0,1958.0,0.0,0.0,0.0,6.0
13407,448.0,0.0,7.0,85.0,496.0,5.0,56.0,903.0
13418,2000.0,0.0,0.0,0.0,0.0,0.0,0.0,0.0
13419,0.0,0.0,0.0,1999.0,0.0,0.0,0.0,1.0
13434,348.0,0.0,6.0,340.0,489.0,164.0,86.0,567.0
13437,56.0,0.0,0.0,1944.0,0.0,0.0,0.0,0.0
13456,0.0,0.0,0.0,0.0,0.0,26.0,1928.0,46.0
13463,0.0,0.0,0.0,0.0,18.0,107.0,1059.0,816.0
13483,4.0,0.0,0.0,14.0,36.0,411.0,379.0,1156.0
13484,0.0,0.0,0.0,0.0,1.0,251.0,1420.0,328.0
13489,1768.0,0.0,0.0,50.0,60.0,13.0,1.0,108.0
13495,6.0,0.0,0.0,4.0,36.0,132.0,359.0,1463.0
13498,0.0,0.0,0.0,0.0,7.0,228.0,1164.0,601.0
13506,0.0,0.0,0.0,0.0,0.0,2000.0,0.0,0.0
13512,0.0,0.0,0.0,0.0,2.0,156.0,1289.0,553.0
13523,710.0,0.0,2.0,47.0,63.0,12.0,567.0,599.0
13525,0.0,0.0,0.0,0.0,0.0,644.0,1095.0,261.0
13526,23.0,0.0,0.0,2.0,35.0,59.0,835.0,1046.0
13558,0.0,0.0,0.0,0.0,0.0,0.0,1994.0,6.0
13562,0.0,0.0,0.0,0.0,0.0,0.0,2000.0,0.0
13567,8.0,0.0,0.0,25.0,202.0,106.0,31.0,1628.0
13588,0.0,0.0,0.0,0.0,0.0,2000.0,0.0,0.0
13592,0.0,0.0,0.0,0.0,0.0,0.0,2000.0,0.0
13609,20.0,0.0,0.0,1979.0,0.0,0.0,0.0,1.0
13611,2.0,0.0,0.0,1.0,28.0,81.0,513.0,1375.0
13614,0.0,0.0,0.0,1.0,44.0,105.0,242.0,1608.0
13616,3.0,0.0,0.0,0.0,11.0,523.0,497.0,966.0
13621,3.0,0.0,0.0,6.0,50.0,329.0,205.0,1407.0
13639,10.0,0.0,1.0,1.0,8.0,63.0,1500.0,417.0
13642,0.0,0.0,0.0,0.0,0.0,99.0,1757.0,144.0
13652,0.0,0.0,0.0,2000.0,0.0,0.0,0.0,0.0
13656,0.0,0.0,0.0,0.0,0.0,0.0,2000.0,0.0
13663,0.0,0.0,0.0,2000.0,0.0,0.0,0.0,0.0
13678,1448.0,0.0,0.0,356.0,100.0,0.0,1.0,95.0
13681,0.0,0.0,0.0,0.0,0.0,286.0,1577.0,137.0
13697,3.0,0.0,0.0,3.0,17.0,164.0,822.0,991.0
13719,0.0,0.0,0.0,2000.0,0.0,0.0,0.0,0.0
13725,101.0,0.0,94.0,2.0,9.0,160.0,714.0,920.0
13742,1.0,0.0,0.0,1.0,45.0,103.0,256.0,1594.0
13752,0.0,0.0,0.0,0.0,0.0,0.0,2000.0,0.0
13760,0.0,0.0,1.0,67.0,51.0,658.0,151.0,1072.0
13763,10.0,0.0,1.0,1.0,2.0,13.0,1812.0,161.0
13765,32.0,0.0,0.0,21.0,79.0,69.0,630.0,1169.0
13769,27.0,0.0,6.0,1.0,36.0,67.0,1322.0,541.0
13780,0.0,0.0,0.0,0.0,0.0,24.0,1926.0,50.0
13786,554.0,0.0,0.0,352.0,230.0,19.0,1.0,844.0
13803,0.0,0.0,0.0,0.0,0.0,0.0,2000.0,0.0
13804,0.0,0.0,0.0,0.0,0.0,933.0,697.0,370.0
13816,1.0,0.0,0.0,6.0,36.0,134.0,588.0,1235.0
13817,0.0,0.0,0.0,3.0,30.0,417.0,413.0,1137.0
13824,0.0,0.0,0.0,0.0,0.0,0.0,1999.0,1.0
13827,0.0,0.0,0.0,0.0,17.0,129.0,510.0,1344.0
13839,0.0,0.0,0.0,0.0,0.0,0.0,1999.0,1.0
13842,0.0,0.0,0.0,0.0,0.0,28.0,1948.0,24.0
13876,0.0,0.0,0.0,0.0,6.0,589.0,475.0,930.0
13879,0.0,0.0,0.0,0.0,0.0,60.0,1895.0,45.0
13880,37.0,0.0,0.0,31.0,110.0,90.0,421.0,1311.0
13882,1650.0,0.0,0.0,318.0,0.0,0.0,0.0,32.0
13887,52.0,0.0,0.0,13.0,48.0,13.0,1414.0,460.0
13892,0.0,0.0,0.0,0.0,0.0,0.0,2000.0,0.0
13895,902.0,0.0,3.0,373.0,360.0,1.0,16.0,345.0
13897,0.0,0.0,0.0,0.0,3.0,83.0,1709.0,205.0
13911,0.0,0.0,0.0,0.0,0.0,2000.0,0.0,0.0
13913,18.0,0.0,0.0,205.0,378.0,1.0,1.0,1397.0
13933,0.0,0.0,0.0,0.0,0.0,1626.0,15.0,359.0
13940,229.0,0.0,0.0,1690.0,24.0,11.0,1.0,45.0
13941,34.0,0.0,0.0,21.0,317.0,5.0,304.0,1319.0
13964,8.0,0.0,0.0,2.0,355.0,0.0,0.0,1635.0
13966,0.0,0.0,0.0,2000.0,0.0,0.0,0.0,0.0
13981,0.0,0.0,0.0,0.0,0.0,21.0,1957.0,22.0
13989,0.0,0.0,0.0,0.0,0.0,130.0,1776.0,94.0
13991,332.0,0.0,1.0,707.0,499.0,11.0,25.0,425.0
14007,786.0,0.0,0.0,863.0,153.0,7.0,3.0,188.0
14009,0.0,0.0,0.0,0.0,0.0,233.0,1309.0,458.0
14011,30.0,0.0,0.0,11.0,355.0,0.0,1.0,1603.0
14018,0.0,0.0,0.0,0.0,2.0,215.0,1569.0,214.0
14019,1857.0,0.0,0.0,93.0,9.0,0.0,0.0,41.0
14020,108.0,0.0,0.0,97.0,198.0,16.0,219.0,1362.0
14038,1458.0,0.0,3.0,183.0,248.0,0.0,15.0,93.0
14040,0.0,0.0,0.0,0.0,9.0,445.0,624.0,922.0
14061,261.0,0.0,2.0,895.0,513.0,4.0,40.0,285.0
14076,175.0,0.0,0.0,1799.0,5.0,0.0,0.0,21.0
14087,0.0,0.0,0.0,0.0,0.0,0.0,1999.0,1.0
14089,49.0,0.0,1.0,22.0,315.0,24.0,229.0,1360.0
14097,0.0,0.0,0.0,0.0,0.0,0.0,1999.0,1.0
14099,1.0,0.0,0.0,0.0,3.0,862.0,648.0,486.0
14106,3.0,0.0,0.0,1.0,31.0,129.0,447.0,1389.0
14125,582.0,0.0,5.0,451.0,522.0,33.0,78.0,329.0
14128,38.0,0.0,8.0,9.0,2.0,7.0,1849.0,87.0
14129,0.0,0.0,0.0,0.0,1.0,568.0,441.0,990.0
14159,830.0,0.0,27.0,71.0,28.0,51.0,464.0,529.0
14184,0.0,0.0,0.0,0.0,0.0,3.0,1988.0,9.0
14199,0.0,0.0,0.0,0.0,0.0,260.0,1595.0,145.0
14213,2000.0,0.0,0.0,0.0,0.0,0.0,0.0,0.0
14214,0.0,0.0,0.0,0.0,0.0,1969.0,4.0,27.0
14220,1927.0,0.0,0.0,36.0,17.0,0.0,1.0,19.0
14224,2000.0,0.0,0.0,0.0,0.0,0.0,0.0,0.0
14226,505.0,0.0,0.0,1453.0,20.0,0.0,0.0,22.0
14227,0.0,0.0,0.0,0.0,0.0,0.0,2000.0,0.0
14238,270.0,0.0,0.0,1721.0,0.0,0.0,0.0,9.0
14247,0.0,0.0,0.0,0.0,0.0,385.0,1377.0,238.0
14268,44.0,0.0,0.0,87.0,398.0,19.0,45.0,1407.0
14277,0.0,0.0,0.0,0.0,1.0,11.0,1913.0,75.0
14288,0.0,0.0,0.0,0.0,0.0,268.0,1548.0,184.0
14310,44.0,0.0,0.0,42.0,499.0,9.0,20.0,1386.0
14327,0.0,0.0,0.0,1.0,0.0,23.0,1897.0,79.0
14336,0.0,0.0,0.0,0.0,0.0,0.0,1998.0,2.0
14348,280.0,0.0,3.0,6.0,30.0,4.0,1406.0,271.0
14352,0.0,0.0,0.0,0.0,0.0,2000.0,0.0,0.0
14362,607.0,0.0,0.0,1338.0,4.0,0.0,2.0,49.0
14363,5.0,0.0,0.0,3.0,47.0,19.0,476.0,1450.0
14374,548.0,0.0,2.0,531.0,293.0,214.0,11.0,401.0
14384,0.0,0.0,0.0,0.0,0.0,84.0,1860.0,56.0
14385,0.0,0.0,0.0,7.0,16.0,377.0,740.0,860.0
14387,0.0,0.0,0.0,2000.0,0.0,0.0,0.0,0.0
14395,0.0,0.0,0.0,0.0,9.0,202.0,903.0,886.0
14410,0.0,0.0,2.0,0.0,0.0,53.0,1897.0,48.0
14420,337.0,0.0,82.0,0.0,0.0,0.0,427.0,1154.0
14423,15.0,0.0,0.0,0.0,18.0,7.0,1496.0,464.0
14449,80.0,0.0,0.0,1919.0,0.0,0.0,0.0,1.0
14452,0.0,0.0,0.0,0.0,0.0,0.0,2000.0,0.0
14456,0.0,0.0,0.0,1.0,8.0,453.0,155.0,1383.0
14471,14.0,0.0,3.0,1900.0,2.0,5.0,51.0,25.0
14492,0.0,0.0,0.0,1.0,3.0,818.0,324.0,854.0
14497,236.0,0.0,0.0,1745.0,0.0,0.0,0.0,19.0
14502,85.0,0.0,3.0,81.0,8.0,6.0,1715.0,102.0
14508,0.0,0.0,0.0,0.0,0.0,0.0,2000.0,0.0
14511,3.0,0.0,0.0,4.0,46.0,120.0,469.0,1358.0
14521,2000.0,0.0,0.0,0.0,0.0,0.0,0.0,0.0
14522,273.0,0.0,5.0,146.0,1234.0,1.0,102.0,239.0
14532,106.0,0.0,1.0,4.0,40.0,671.0,245.0,933.0
14544,0.0,0.0,0.0,0.0,0.0,0.0,2000.0,0.0
14549,0.0,0.0,0.0,1.0,0.0,9.0,1970.0,20.0
14566,0.0,0.0,0.0,0.0,0.0,0.0,2000.0,0.0
14584,0.0,0.0,0.0,0.0,0.0,3.0,1989.0,8.0
14589,914.0,0.0,8.0,121.0,310.0,6.0,61.0,580.0
14606,0.0,0.0,0.0,0.0,0.0,2000.0,0.0,0.0
14613,0.0,0.0,0.0,0.0,0.0,0.0,2000.0,0.0
14615,1.0,0.0,3.0,1624.0,0.0,1.0,335.0,36.0
14637,834.0,0.0,0.0,946.0,90.0,0.0,7.0,123.0
14675,46.0,0.0,0.0,245.0,91.0,307.0,102.0,1209.0
14701,0.0,0.0,0.0,0.0,0.0,1696.0,2.0,302.0
14703,0.0,0.0,0.0,0.0,0.0,0.0,2000.0,0.0
14714,36.0,0.0,2.0,219.0,222.0,10.0,95.0,1416.0
14725,7.0,0.0,0.0,11.0,114.0,32.0,170.0,1666.0
14726,9.0,0.0,0.0,1.0,9.0,16.0,1744.0,221.0
14736,0.0,0.0,0.0,0.0,6.0,151.0,439.0,1404.0
14741,19.0,0.0,0.0,33.0,152.0,8.0,66.0,1722.0
14749,0.0,0.0,0.0,0.0,1.0,610.0,1044.0,345.0
14775,0.0,0.0,0.0,0.0,0.0,14.0,1977.0,9.0
14778,1074.0,0.0,0.0,888.0,8.0,0.0,1.0,29.0
14785,0.0,0.0,0.0,0.0,0.0,2000.0,0.0,0.0
14807,0.0,0.0,0.0,2000.0,0.0,0.0,0.0,0.0
14810,75.0,0.0,1.0,51.0,452.0,13.0,39.0,1369.0
14814,1.0,0.0,0.0,288.0,7.0,408.0,759.0,537.0
14845,0.0,0.0,0.0,0.0,0.0,51.0,1889.0,60.0
14848,0.0,0.0,0.0,0.0,0.0,0.0,1998.0,2.0
14861,332.0,0.0,69.0,5.0,7.0,14.0,1359.0,214.0
14868,354.0,0.0,2.0,270.0,941.0,0.0,76.0,357.0
14903,701.0,0.0,0.0,1266.0,0.0,0.0,0.0,33.0
14909,586.0,0.0,0.0,874.0,224.0,35.0,4.0,277.0
14930,143.0,0.0,0.0,1855.0,0.0,0.0,0.0,2.0
14936,0.0,0.0,1.0,0.0,0.0,4.0,1989.0,6.0
14942,4.0,0.0,0.0,1996.0,0.0,0.0,0.0,0.0
14964,0.0,0.0,0.0,0.0,0.0,0.0,2000.0,0.0
14968,0.0,0.0,0.0,0.0,0.0,41.0,1913.0,46.0
14978,0.0,0.0,0.0,0.0,0.0,142.0,1709.0,149.0
14982,21.0,0.0,0.0,7.0,51.0,45.0,545.0,1331.0
14985,226.0,0.0,15.0,297.0,1059.0,8.0,72.0,323.0
14987,2000.0,0.0,0.0,0.0,0.0,0.0,0.0,0.0
14991,2000.0,0.0,0.0,0.0,0.0,0.0,0.0,0.0
14997,296.0,0.0,4.0,88.0,575.0,5.0,15.0,1017.0
15006,1.0,0.0,0.0,0.0,0.0,0.0,1940.0,59.0
15012,8.0,0.0,0.0,26.0,67.0,245.0,351.0,1303.0
15032,0.0,0.0,0.0,0.0,0.0,0.0,1991.0,9.0
15056,9.0,0.0,1.0,28.0,71.0,721.0,114.0,1056.0
15066,0.0,0.0,0.0,0.0,0.0,0.0,2000.0,0.0
15077,0.0,0.0,1.0,0.0,0.0,812.0,907.0,280.0
15084,644.0,0.0,0.0,555.0,368.0,57.0,8.0,368.0
15089,2000.0,0.0,0.0,0.0,0.0,0.0,0.0,0.0
15097,0.0,0.0,0.0,27.0,0.0,66.0,1029.0,878.0
15119,2.0,0.0,0.0,1756.0,3.0,9.0,135.0,95.0
15123,1516.0,0.0,0.0,412.0,39.0,0.0,0.0,33.0
15155,0.0,0.0,0.0,0.0,0.0,2000.0,0.0,0.0
15170,0.0,0.0,0.0,0.0,0.0,0.0,1996.0,4.0
15171,0.0,0.0,0.0,0.0,0.0,437.0,178.0,1385.0
15182,9.0,0.0,0.0,29.0,314.0,3.0,49.0,1596.0
15198,981.0,0.0,0.0,904.0,32.0,0.0,0.0,83.0
15207,13.0,0.0,0.0,29.0,455.0,2.0,1.0,1500.0
15214,1.0,0.0,0.0,0.0,0.0,24.0,1875.0,100.0
15216,13.0,0.0,1070.0,396.0,0.0,0.0,0.0,521.0
15240,0.0,0.0,0.0,0.0,0.0,0.0,2000.0,0.0
15241,0.0,0.0,0.0,0.0,2.0,422.0,1204.0,372.0
15266,0.0,0.0,0.0,0.0,13.0,174.0,733.0,1080.0
15298,0.0,0.0,0.0,0.0,0.0,0.0,2000.0,0.0
15307,0.0,0.0,0.0,0.0,0.0,1795.0,0.0,205.0
15331,0.0,0.0,0.0,0.0,1.0,162.0,1004.0,833.0
15336,0.0,0.0,0.0,0.0,0.0,0.0,2000.0,0.0
15345,0.0,0.0,0.0,0.0,0.0,0.0,1995.0,5.0
15352,240.0,0.0,3.0,1446.0,70.0,4.0,3.0,234.0
15358,0.0,0.0,0.0,0.0,0.0,1327.0,0.0,673.0
15360,0.0,0.0,0.0,0.0,0.0,0.0,2000.0,0.0
15363,1.0,0.0,0.0,0.0,3.0,106.0,1707.0,183.0
15368,0.0,0.0,0.0,0.0,5.0,657.0,419.0,919.0
15369,0.0,0.0,0.0,0.0,0.0,1981.0,0.0,19.0
15394,87.0,0.0,1.0,6.0,56.0,79.0,713.0,1058.0
15426,0.0,0.0,0.0,0.0,0.0,217.0,1612.0,171.0
15432,0.0,0.0,3.0,0.0,0.0,1020.0,571.0,406.0
15436,0.0,0.0,0.0,0.0,0.0,2000.0,0.0,0.0
15439,1274.0,0.0,0.0,265.0,189.0,1.0,1.0,270.0
15446,0.0,0.0,0.0,0.0,0.0,0.0,2000.0,0.0
15457,0.0,0.0,0.0,0.0,0.0,0.0,2000.0,0.0
15461,23.0,0.0,0.0,35.0,124.0,69.0,169.0,1580.0
15462,1431.0,0.0,55.0,122.0,1.0,2.0,283.0,106.0
15470,0.0,0.0,0.0,0.0,0.0,0.0,2000.0,0.0
15471,4.0,0.0,1.0,2.0,23.0,240.0,536.0,1194.0
15490,1697.0,0.0,0.0,90.0,137.0,0.0,2.0,74.0
15498,1435.0,0.0,4.0,321.0,102.0,2.0,6.0,130.0
15508,0.0,0.0,0.0,0.0,0.0,0.0,2000.0,0.0
15522,0.0,0.0,0.0,0.0,0.0,6.0,1992.0,2.0
15526,32.0,0.0,0.0,23.0,134.0,27.0,200.0,1584.0
15535,45.0,0.0,0.0,54.0,264.0,33.0,242.0,1362.0
15537,1.0,0.0,0.0,11.0,97.0,248.0,283.0,1360.0
15550,15.0,0.0,0.0,1982.0,0.0,0.0,0.0,3.0
15558,1143.0,0.0,3.0,420.0,90.0,9.0,24.0,311.0
15563,0.0,0.0,0.0,0.0,0.0,0.0,2000.0,0.0
15564,0.0,0.0,0.0,0.0,0.0,0.0,1999.0,1.0
15565,0.0,0.0,0.0,0.0,4.0,324.0,323.0,1349.0
15590,244.0,0.0,0.0,65.0,112.0,12.0,1004.0,563.0
15596,0.0,0.0,0.0,2000.0,0.0,0.0,0.0,0.0
15597,284.0,0.0,33.0,30.0,11.0,0.0,1411.0,231.0
15614,0.0,0.0,0.0,1.0,10.0,856.0,286.0,847.0
15620,0.0,0.0,0.0,0.0,0.0,774.0,620.0,606.0
15628,3.0,0.0,0.0,6.0,19.0,1131.0,92.0,749.0
15632,0.0,0.0,0.0,0.0,0.0,0.0,2000.0,0.0
15643,1410.0,0.0,0.0,221.0,157.0,0.0,4.0,208.0
15653,0.0,0.0,0.0,111.0,15.0,156.0,1178.0,540.0
15655,130.0,0.0,1.0,23.0,150.0,11.0,543.0,1142.0
15665,0.0,0.0,0.0,0.0,0.0,2000.0,0.0,0.0
15667,0.0,0.0,0.0,0.0,0.0,2000.0,0.0,0.0
15678,34.0,0.0,0.0,37.0,340.0,25.0,68.0,1496.0
15704,0.0,0.0,0.0,0.0,17.0,97.0,178.0,1708.0
15707,1105.0,0.0,0.0,810.0,9.0,0.0,2.0,74.0
15712,0.0,0.0,0.0,0.0,0.0,2000.0,0.0,0.0
15716,0.0,0.0,0.0,0.0,2.0,207.0,1508.0,283.0
15720,0.0,0.0,0.0,0.0,0.0,0.0,2000.0,0.0
15721,0.0,0.0,0.0,0.0,0.0,1.0,1992.0,7.0
15739,12.0,0.0,11.0,0.0,0.0,6.0,1421.0,550.0
15741,84.0,0.0,0.0,23.0,147.0,12.0,235.0,1499.0
15747,0.0,0.0,0.0,0.0,0.0,922.0,721.0,357.0
15760,918.0,0.0,2.0,514.0,301.0,1.0,10.0,254.0
15789,0.0,0.0,0.0,0.0,0.0,1.0,1992.0,7.0
15790,15.0,0.0,0.0,13.0,73.0,103.0,362.0,1434.0
15808,0.0,0.0,0.0,0.0,0.0,1264.0,581.0,155.0
15814,2000.0,0.0,0.0,0.0,0.0,0.0,0.0,0.0
15817,47.0,0.0,0.0,1937.0,8.0,0.0,0.0,8.0
15821,1257.0,0.0,0.0,381.0,198.0,1.0,1.0,162.0
15826,0.0,0.0,0.0,0.0,0.0,0.0,1990.0,10.0
15830,0.0,0.0,0.0,2000.0,0.0,0.0,0.0,0.0
15842,38.0,0.0,2.0,75.0,112.0,62.0,729.0,982.0
15846,794.0,0.0,0.0,162.0,220.0,56.0,40.0,728.0
15852,18.0,0.0,0.0,28.0,98.0,42.0,352.0,1462.0
15855,59.0,0.0,0.0,257.0,378.0,2.0,51.0,1253.0
15858,0.0,0.0,0.0,0.0,0.0,0.0,2000.0,0.0
15865,82.0,0.0,6.0,4.0,35.0,59.0,1276.0,538.0
15881,2.0,0.0,0.0,3.0,21.0,16.0,832.0,1126.0
15889,1.0,0.0,0.0,0.0,18.0,129.0,643.0,1209.0
15901,0.0,0.0,0.0,0.0,0.0,385.0,1455.0,160.0
15912,479.0,0.0,4.0,422.0,766.0,3.0,60.0,266.0
15929,0.0,0.0,0.0,0.0,0.0,0.0,2000.0,0.0
15941,0.0,0.0,0.0,0.0,0.0,0.0,2000.0,0.0
15944,0.0,0.0,0.0,1.0,13.0,507.0,430.0,1049.0
15945,507.0,0.0,1.0,410.0,533.0,32.0,15.0,502.0
15953,0.0,0.0,0.0,2000.0,0.0,0.0,0.0,0.0
15954,1.0,0.0,0.0,1.0,9.0,748.0,241.0,1000.0
15958,0.0,0.0,0.0,0.0,0.0,1990.0,4.0,6.0
15959,0.0,0.0,0.0,0.0,0.0,0.0,2000.0,0.0
15965,328.0,0.0,4.0,670.0,592.0,53.0,43.0,310.0
15988,0.0,0.0,0.0,0.0,0.0,2000.0,0.0,0.0
16007,0.0,0.0,2.0,0.0,0.0,4.0,1830.0,164.0
16008,0.0,0.0,0.0,0.0,0.0,0.0,2000.0,0.0
16013,423.0,0.0,0.0,629.0,321.0,94.0,15.0,518.0
16014,52.0,0.0,0.0,71.0,154.0,112.0,172.0,1439.0
16032,0.0,0.0,0.0,0.0,0.0,0.0,2000.0,0.0
16037,0.0,0.0,0.0,0.0,0.0,0.0,2000.0,0.0
16044,0.0,0.0,0.0,0.0,0.0,0.0,1999.0,1.0
16045,1.0,0.0,0.0,0.0,19.0,234.0,535.0,1211.0
16048,58.0,0.0,19.0,491.0,4.0,6.0,1126.0,296.0
16051,2000.0,0.0,0.0,0.0,0.0,0.0,0.0,0.0
16066,0.0,0.0,0.0,5.0,35.0,43.0,143.0,1774.0
16089,1553.0,0.0,0.0,420.0,0.0,0.0,0.0,27.0
16095,0.0,0.0,0.0,0.0,0.0,0.0,2000.0,0.0
16098,1.0,0.0,0.0,4.0,63.0,43.0,456.0,1433.0
16107,0.0,0.0,0.0,0.0,0.0,67.0,1881.0,52.0
16119,0.0,0.0,0.0,0.0,0.0,0.0,1999.0,1.0
16125,90.0,0.0,0.0,147.0,158.0,47.0,24.0,1534.0
16155,40.0,0.0,3.0,35.0,122.0,37.0,775.0,988.0
16160,0.0,0.0,0.0,0.0,0.0,47.0,1922.0,31.0
16162,0.0,0.0,0.0,0.0,0.0,0.0,2000.0,0.0
16173,3.0,0.0,0.0,3.0,15.0,181.0,738.0,1060.0
16174,0.0,0.0,0.0,0.0,0.0,221.0,1229.0,550.0
16179,1.0,0.0,0.0,0.0,10.0,419.0,421.0,1149.0
16187,0.0,0.0,0.0,0.0,2.0,104.0,1750.0,144.0
16196,1846.0,0.0,0.0,64.0,8.0,4.0,0.0,78.0
16203,0.0,0.0,0.0,0.0,0.0,1.0,1988.0,11.0
16207,1680.0,0.0,1.0,165.0,87.0,0.0,6.0,61.0
16228,3.0,0.0,0.0,0.0,6.0,293.0,832.0,866.0
16230,2000.0,0.0,0.0,0.0,0.0,0.0,0.0,0.0
16231,454.0,0.0,2.0,947.0,293.0,14.0,19.0,271.0
16253,0.0,0.0,0.0,0.0,0.0,0.0,1993.0,7.0
16255,6.0,0.0,0.0,6.0,26.0,187.0,335.0,1440.0
16257,0.0,0.0,0.0,0.0,0.0,0.0,41.0,1959.0
16264,0.0,0.0,0.0,0.0,0.0,8.0,1971.0,21.0
16275,26.0,0.0,1.0,1.0,12.0,32.0,1591.0,337.0
16277,0.0,0.0,0.0,0.0,2.0,415.0,1004.0,579.0
16297,0.0,0.0,0.0,0.0,2.0,880.0,725.0,393.0
16318,0.0,0.0,0.0,0.0,14.0,182.0,443.0,1361.0
16331,23.0,0.0,0.0,10.0,92.0,27.0,177.0,1671.0
16332,513.0,0.0,36.0,282.0,787.0,1.0,155.0,226.0
16347,68.0,0.0,0.0,28.0,310.0,7.0,243.0,1344.0
16350,2000.0,0.0,0.0,0.0,0.0,0.0,0.0,0.0
16357,538.0,0.0,1.0,522.0,632.0,1.0,21.0,285.0
16393,1342.0,0.0,0.0,622.0,0.0,0.0,0.0,36.0
16398,9.0,0.0,0.0,14.0,120.0,149.0,157.0,1551.0
16415,0.0,0.0,0.0,0.0,0.0,1.0,1987.0,12.0
16424,0.0,0.0,0.0,2000.0,0.0,0.0,0.0,0.0
16428,0.0,0.0,0.0,0.0,0.0,3.0,1972.0,25.0
16432,0.0,0.0,0.0,0.0,0.0,39.0,1768.0,193.0
16435,131.0,0.0,3.0,69.0,445.0,17.0,180.0,1155.0
16447,75.0,0.0,0.0,112.0,522.0,3.0,25.0,1263.0
16461,1951.0,0.0,0.0,48.0,0.0,0.0,0.0,1.0
16470,425.0,0.0,0.0,504.0,433.0,114.0,13.0,511.0
16479,0.0,0.0,0.0,0.0,0.0,9.0,1983.0,8.0
16492,0.0,0.0,0.0,0.0,0.0,40.0,1908.0,52.0
16512,25.0,0.0,0.0,36.0,143.0,52.0,573.0,1171.0
16519,34.0,0.0,3.0,213.0,109.0,107.0,335.0,1199.0
16520,0.0,0.0,0.0,2.0,24.0,261.0,296.0,1417.0
16530,87.0,0.0,0.0,48.0,501.0,2.0,57.0,1305.0
16532,439.0,0.0,0.0,329.0,326.0,22.0,6.0,878.0
16543,0.0,0.0,0.0,0.0,3.0,226.0,393.0,1378.0
16550,0.0,0.0,0.0,0.0,13.0,44.0,1057.0,886.0
16555,0.0,0.0,0.0,0.0,0.0,0.0,2000.0,0.0
16559,1424.0,0.0,0.0,544.0,0.0,0.0,0.0,32.0
16565,490.0,0.0,0.0,1388.0,54.0,0.0,1.0,67.0
16567,0.0,0.0,0.0,0.0,0.0,0.0,1999.0,1.0
16570,7.0,0.0,0.0,2.0,24.0,125.0,363.0,1479.0
16574,0.0,0.0,0.0,0.0,0.0,0.0,2000.0,0.0
16579,0.0,0.0,1.0,0.0,0.0,5.0,1973.0,21.0
16582,0.0,0.0,0.0,0.0,0.0,0.0,2000.0,0.0
16588,1237.0,0.0,0.0,412.0,21.0,6.0,9.0,315.0
16593,0.0,0.0,0.0,0.0,0.0,0.0,2000.0,0.0
16606,30.0,0.0,0.0,16.0,324.0,5.0,125.0,1500.0
16611,11.0,0.0,0.0,24.0,85.0,233.0,180.0,1467.0
16632,0.0,0.0,0.0,0.0,0.0,18.0,1923.0,59.0
16641,0.0,0.0,0.0,2000.0,0.0,0.0,0.0,0.0
16647,0.0,0.0,0.0,0.0,0.0,669.0,881.0,450.0
16650,13.0,0.0,0.0,33.0,124.0,43.0,17.0,1770.0
16660,2000.0,0.0,0.0,0.0,0.0,0.0,0.0,0.0
16663,2.0,0.0,0.0,1.0,16.0,459.0,434.0,1088.0
16669,0.0,0.0,0.0,0.0,0.0,101.0,1814.0,85.0
16673,9.0,0.0,0.0,1978.0,5.0,0.0,0.0,8.0
16679,606.0,0.0,0.0,1328.0,19.0,0.0,1.0,46.0
16693,0.0,0.0,0.0,2000.0,0.0,0.0,0.0,0.0
16697,426.0,0.0,0.0,1564.0,0.0,0.0,0.0,10.0
16710,0.0,0.0,0.0,0.0,0.0,0.0,2000.0,0.0
16723,0.0,0.0,0.0,0.0,0.0,0.0,2000.0,0.0
16725,209.0,0.0,15.0,196.0,1200.0,9.0,78.0,293.0
16735,1.0,0.0,0.0,0.0,3.0,258.0,626.0,1112.0
16779,1322.0,0.0,0.0,629.0,18.0,0.0,0.0,31.0
16785,0.0,0.0,0.0,0.0,0.0,0.0,2000.0,0.0
16790,0.0,0.0,0.0,0.0,0.0,551.0,1.0,1448.0
16799,0.0,0.0,0.0,0.0,0.0,934.0,282.0,784.0
16801,1.0,0.0,0.0,5.0,18.0,292.0,280.0,1404.0
16804,273.0,0.0,1.0,276.0,670.0,16.0,38.0,726.0
16809,0.0,0.0,0.0,0.0,0.0,7.0,1946.0,47.0
16822,0.0,0.0,0.0,0.0,0.0,1568.0,253.0,179.0
16824,0.0,0.0,0.0,0.0,4.0,149.0,1131.0,716.0
16832,0.0,0.0,0.0,0.0,0.0,2000.0,0.0,0.0
16833,0.0,0.0,0.0,0.0,0.0,557.0,1207.0,236.0
16836,273.0,0.0,0.0,363.0,353.0,58.0,7.0,946.0
16861,0.0,0.0,0.0,0.0,0.0,5.0,1984.0,11.0
16878,387.0,0.0,0.0,322.0,281.0,128.0,6.0,876.0
16883,0.0,0.0,0.0,0.0,3.0,117.0,1735.0,145.0
16894,603.0,0.0,0.0,1384.0,0.0,0.0,0.0,13.0
16905,348.0,0.0,0.0,434.0,465.0,0.0,3.0,750.0
16908,2.0,0.0,0.0,0.0,8.0,282.0,734.0,974.0
16911,215.0,0.0,3.0,514.0,814.0,7.0,26.0,421.0
16919,0.0,0.0,0.0,2000.0,0.0,0.0,0.0,0.0
16922,485.0,0.0,0.0,468.0,487.0,3.0,2.0,555.0
16950,0.0,0.0,0.0,0.0,0.0,152.0,1730.0,118.0
16977,0.0,0.0,0.0,2000.0,0.0,0.0,0.0,0.0
16984,27.0,0.0,0.0,36.0,137.0,173.0,273.0,1354.0
16990,366.0,0.0,15.0,43.0,21.0,0.0,1325.0,230.0
16993,0.0,0.0,0.0,0.0,0.0,0.0,2000.0,0.0
17006,0.0,0.0,0.0,0.0,0.0,0.0,1998.0,2.0
17015,0.0,0.0,0.0,2000.0,0.0,0.0,0.0,0.0
17022,19.0,0.0,1.0,319.0,335.0,9.0,1.0,1316.0
17024,0.0,0.0,0.0,0.0,0.0,5.0,1978.0,17.0
17032,0.0,0.0,0.0,0.0,0.0,2000.0,0.0,0.0
17066,0.0,0.0,0.0,0.0,9.0,232.0,406.0,1353.0
17086,5.0,0.0,0.0,14.0,57.0,268.0,142.0,1514.0
17092,2000.0,0.0,0.0,0.0,0.0,0.0,0.0,0.0
17104,0.0,0.0,0.0,0.0,0.0,1927.0,51.0,22.0
17105,0.0,0.0,0.0,0.0,0.0,0.0,1998.0,2.0
17111,38.0,0.0,1.0,26.0,399.0,5.0,65.0,1466.0
17116,0.0,0.0,0.0,0.0,0.0,0.0,2000.0,0.0
17120,793.0,0.0,1.0,704.0,268.0,0.0,8.0,226.0
17124,2.0,0.0,0.0,0.0,3.0,7.0,1909.0,79.0
17143,47.0,0.0,2.0,1.0,2.0,302.0,623.0,1023.0
17148,624.0,0.0,0.0,187.0,186.0,6.0,4.0,993.0
17153,0.0,0.0,0.0,0.0,0.0,0.0,2000.0,0.0
17155,27.0,0.0,0.0,12.0,125.0,34.0,370.0,1432.0
17160,0.0,0.0,0.0,0.0,0.0,0.0,2000.0,0.0
17188,0.0,0.0,0.0,0.0,0.0,0.0,2000.0,0.0
17193,699.0,0.0,0.0,1205.0,35.0,1.0,0.0,60.0
17198,0.0,0.0,0.0,0.0,0.0,34.0,1928.0,38.0
17218,1219.0,0.0,0.0,150.0,101.0,81.0,1.0,448.0
17228,0.0,0.0,0.0,0.0,0.0,28.0,1937.0,35.0
17230,40.0,0.0,1.0,8.0,149.0,25.0,340.0,1437.0
17234,673.0,0.0,0.0,1006.0,137.0,5.0,4.0,175.0
17237,0.0,0.0,0.0,0.0,0.0,0.0,2000.0,0.0
17248,682.0,0.0,0.0,649.0,361.0,1.0,3.0,304.0
17249,222.0,0.0,0.0,1718.0,0.0,0.0,0.0,60.0
17278,13.0,0.0,0.0,264.0,325.0,4.0,3.0,1391.0
17287,0.0,0.0,0.0,0.0,0.0,0.0,1995.0,5.0
17292,0.0,0.0,0.0,2000.0,0.0,0.0,0.0,0.0
17294,2000.0,0.0,0.0,0.0,0.0,0.0,0.0,0.0
17343,0.0,0.0,0.0,1.0,2.0,8.0,1179.0,810.0
17366,107.0,0.0,0.0,274.0,407.0,9.0,28.0,1175.0
17379,1993.0,0.0,0.0,7.0,0.0,0.0,0.0,0.0
17383,19.0,0.0,0.0,6.0,63.0,258.0,328.0,1326.0
17386,27.0,0.0,9.0,3.0,38.0,64.0,1415.0,444.0
17388,0.0,0.0,0.0,0.0,0.0,41.0,1854.0,105.0
17415,34.0,0.0,3.0,2.0,11.0,12.0,1684.0,254.0
17427,0.0,0.0,0.0,0.0,0.0,0.0,2000.0,0.0
17428,0.0,0.0,0.0,0.0,6.0,66.0,1186.0,742.0
17432,0.0,0.0,1.0,0.0,0.0,1.0,1957.0,41.0
17435,0.0,0.0,0.0,1.0,1.0,322.0,953.0,723.0
17444,0.0,0.0,0.0,0.0,0.0,0.0,1997.0,3.0
17448,1.0,0.0,0.0,0.0,16.0,200.0,758.0,1025.0
17464,0.0,0.0,0.0,2.0,22.0,324.0,140.0,1512.0
17508,0.0,0.0,0.0,2.0,4.0,157.0,1560.0,277.0
17509,0.0,0.0,0.0,2000.0,0.0,0.0,0.0,0.0
17511,0.0,0.0,1.0,0.0,0.0,0.0,1991.0,8.0
17516,611.0,0.0,0.0,617.0,330.0,65.0,9.0,368.0
17526,8.0,0.0,0.0,11.0,82.0,19.0,594.0,1286.0
17528,0.0,0.0,0.0,2000.0,0.0,0.0,0.0,0.0
17530,0.0,0.0,0.0,0.0,0.0,447.0,1332.0,221.0
17533,100.0,0.0,8.0,9.0,26.0,13.0,1497.0,347.0
17546,248.0,0.0,3.0,336.0,803.0,11.0,37.0,562.0
17551,0.0,0.0,0.0,0.0,0.0,0.0,2000.0,0.0
17556,204.0,0.0,2.0,451.0,531.0,1.0,8.0,803.0
17584,958.0,0.0,1.0,916.0,49.0,2.0,2.0,72.0
17624,0.0,0.0,0.0,0.0,2.0,81.0,1427.0,490.0
17636,59.0,0.0,0.0,46.0,205.0,158.0,165.0,1367.0
17640,1.0,0.0,0.0,0.0,6.0,877.0,572.0,544.0
17662,3.0,0.0,0.0,0.0,38.0,173.0,359.0,1427.0
17663,2.0,0.0,0.0,1.0,22.0,125.0,453.0,1397.0
17665,0.0,0.0,0.0,2000.0,0.0,0.0,0.0,0.0
17666,5.0,0.0,0.0,2.0,26.0,64.0,299.0,1604.0
17668,589.0,0.0,1.0,280.0,460.0,19.0,18.0,633.0
17675,0.0,0.0,0.0,0.0,0.0,0.0,2000.0,0.0
17682,0.0,0.0,0.0,0.0,0.0,1998.0,0.0,2.0
17720,4.0,0.0,0.0,0.0,81.0,78.0,381.0,1456.0
17721,0.0,0.0,0.0,0.0,0.0,1985.0,1.0,14.0
17731,581.0,0.0,0.0,1283.0,2.0,0.0,1.0,133.0
17733,0.0,0.0,0.0,0.0,0.0,52.0,1864.0,84.0
17749,2000.0,0.0,0.0,0.0,0.0,0.0,0.0,0.0
17750,0.0,0.0,0.0,3.0,25.0,112.0,496.0,1364.0
17766,3.0,0.0,1.0,28.0,136.0,29.0,586.0,1217.0
17772,974.0,0.0,0.0,1020.0,0.0,0.0,0.0,6.0
17777,58.0,0.0,0.0,32.0,497.0,1.0,5.0,1407.0
17797,38.0,0.0,0.0,22.0,345.0,7.0,112.0,1476.0
17820,14.0,0.0,0.0,5.0,51.0,71.0,469.0,1390.0
17826,407.0,0.0,29.0,133.0,578.0,11.0,147.0,695.0
17851,0.0,0.0,0.0,0.0,0.0,0.0,1997.0,3.0
17856,0.0,0.0,0.0,0.0,0.0,1.0,1993.0,6.0
17857,4.0,0.0,0.0,2.0,22.0,64.0,794.0,1114.0
17861,0.0,0.0,0.0,0.0,0.0,1173.0,95.0,732.0
17869,0.0,0.0,0.0,2.0,0.0,184.0,1712.0,102.0
17871,4.0,0.0,0.0,3.0,29.0,55.0,425.0,1484.0
17879,0.0,0.0,0.0,0.0,0.0,0.0,2000.0,0.0
17882,0.0,0.0,0.0,0.0,0.0,0.0,2000.0,0.0
17895,0.0,0.0,0.0,0.0,0.0,0.0,2000.0,0.0
17899,0.0,0.0,0.0,0.0,5.0,378.0,496.0,1121.0
17909,29.0,0.0,0.0,24.0,148.0,100.0,142.0,1557.0
17920,0.0,0.0,0.0,0.0,0.0,1914.0,0.0,86.0
17926,3.0,0.0,0.0,3.0,12.0,821.0,483.0,678.0
17932,1.0,0.0,0.0,0.0,1.0,316.0,1310.0,372.0
17965,4.0,0.0,2.0,1.0,12.0,90.0,1677.0,214.0
17967,0.0,0.0,0.0,0.0,0.0,573.0,1096.0,331.0
17969,0.0,0.0,0.0,1.0,4.0,492.0,494.0,1009.0
17971,616.0,0.0,16.0,402.0,552.0,27.0,80.0,307.0
17973,568.0,0.0,1.0,504.0,541.0,4.0,10.0,372.0
17990,532.0,0.0,0.0,255.0,245.0,34.0,36.0,898.0
17992,313.0,0.0,5.0,200.0,1068.0,9.0,80.0,325.0
18003,0.0,0.0,0.0,0.0,0.0,0.0,2000.0,0.0
18006,107.0,0.0,7.0,5.0,30.0,3.0,1604.0,244.0
18024,77.0,0.0,0.0,23.0,74.0,67.0,305.0,1454.0
18031,29.0,0.0,0.0,54.0,185.0,5.0,10.0,1717.0
18038,113.0,0.0,0.0,1880.0,0.0,0.0,0.0,7.0
18041,9.0,0.0,0.0,21.0,49.0,95.0,771.0,1055.0
18049,66.0,0.0,0.0,34.0,147.0,50.0,273.0,1430.0
18050,0.0,0.0,0.0,0.0,0.0,0.0,2000.0,0.0
18054,84.0,0.0,0.0,1895.0,13.0,0.0,0.0,8.0
18065,0.0,0.0,0.0,0.0,0.0,23.0,1962.0,15.0
18073,341.0,0.0,0.0,1006.0,386.0,12.0,7.0,248.0
18075,1.0,0.0,0.0,0.0,17.0,29.0,1052.0,901.0
18077,114.0,0.0,0.0,1878.0,0.0,0.0,0.0,8.0
18082,1083.0,0.0,1.0,433.0,237.0,2.0,8.0,236.0
18089,0.0,0.0,0.0,0.0,0.0,0.0,1998.0,2.0
18090,35.0,0.0,1.0,3.0,45.0,220.0,605.0,1091.0
18100,6.0,0.0,0.0,5.0,59.0,41.0,265.0,1624.0
18108,0.0,0.0,0.0,2000.0,0.0,0.0,0.0,0.0
18135,0.0,0.0,0.0,0.0,16.0,306.0,497.0,1181.0
18141,393.0,0.0,1.0,512.0,217.0,29.0,48.0,800.0
18164,4.0,0.0,0.0,1.0,40.0,100.0,435.0,1420.0
18168,1325.0,0.0,0.0,337.0,207.0,0.0,14.0,117.0
18173,0.0,0.0,0.0,0.0,0.0,16.0,1928.0,56.0
18183,381.0,0.0,3.0,369.0,884.0,5.0,46.0,312.0
18186,0.0,0.0,0.0,0.0,0.0,1.0,1995.0,4.0
18187,0.0,0.0,0.0,0.0,0.0,0.0,1991.0,9.0
18188,0.0,0.0,1.0,0.0,0.0,0.0,1995.0,4.0
18193,0.0,0.0,0.0,0.0,0.0,0.0,2000.0,0.0
18202,0.0,0.0,0.0,0.0,0.0,0.0,2000.0,0.0
18212,0.0,0.0,0.0,0.0,0.0,0.0,2000.0,0.0
18221,20.0,0.0,2.0,3.0,17.0,36.0,1507.0,415.0
18222,0.0,0.0,0.0,0.0,0.0,2000.0,0.0,0.0
18235,3.0,0.0,0.0,8.0,75.0,37.0,109.0,1768.0
18242,0.0,0.0,0.0,0.0,0.0,2000.0,0.0,0.0
18244,79.0,0.0,1.0,48.0,135.0,37.0,890.0,810.0
18255,63.0,0.0,0.0,41.0,474.0,11.0,77.0,1334.0
18279,0.0,0.0,0.0,0.0,0.0,0.0,1997.0,3.0
18292,137.0,0.0,2.0,376.0,418.0,9.0,27.0,1031.0
18300,0.0,0.0,0.0,2.0,9.0,658.0,138.0,1193.0
18301,193.0,0.0,3.0,74.0,320.0,20.0,312.0,1078.0
18322,0.0,0.0,0.0,0.0,3.0,437.0,426.0,1134.0
18331,0.0,0.0,0.0,0.0,0.0,0.0,2000.0,0.0
18345,0.0,0.0,0.0,0.0,3.0,170.0,1441.0,386.0
18364,175.0,0.0,0.0,1494.0,92.0,69.0,2.0,168.0
18373,379.0,0.0,1.0,666.0,138.0,300.0,89.0,427.0
18375,0.0,0.0,0.0,0.0,0.0,0.0,1271.0,729.0
18379,0.0,0.0,0.0,0.0,0.0,0.0,2000.0,0.0
18385,88.0,0.0,0.0,135.0,284.0,19.0,77.0,1397.0
18388,0.0,0.0,0.0,0.0,0.0,0.0,1996.0,4.0
18391,6.0,0.0,0.0,901.0,5.0,60.0,823.0,205.0
18393,60.0,0.0,0.0,39.0,296.0,13.0,65.0,1527.0
18409,136.0,0.0,0.0,1720.0,34.0,0.0,1.0,109.0
18414,1456.0,0.0,0.0,438.0,18.0,0.0,0.0,88.0
18425,708.0,0.0,0.0,471.0,246.0,53.0,4.0,518.0
18436,0.0,0.0,8.0,0.0,0.0,0.0,1853.0,139.0
18440,0.0,0.0,0.0,0.0,0.0,2000.0,0.0,0.0
18451,0.0,0.0,0.0,0.0,0.0,0.0,2000.0,0.0
18464,0.0,0.0,0.0,0.0,0.0,0.0,2000.0,0.0
18465,0.0,0.0,0.0,0.0,0.0,0.0,1993.0,7.0
18486,0.0,0.0,0.0,0.0,1.0,857.0,383.0,759.0
18487,0.0,0.0,0.0,0.0,0.0,0.0,2000.0,0.0
18504,446.0,0.0,6.0,485.0,405.0,186.0,16.0,456.0
18515,616.0,0.0,2.0,393.0,180.0,289.0,5.0,515.0
18517,223.0,0.0,9.0,331.0,826.0,36.0,59.0,516.0
18519,1.0,0.0,0.0,0.0,11.0,157.0,704.0,1127.0
18527,3.0,0.0,0.0,1997.0,0.0,0.0,0.0,0.0
18530,1.0,0.0,0.0,0.0,23.0,160.0,312.0,1504.0
18532,7.0,0.0,0.0,10.0,147.0,11.0,116.0,1709.0
18539,0.0,0.0,0.0,0.0,0.0,12.0,1951.0,37.0
18542,0.0,0.0,0.0,0.0,0.0,1989.0,0.0,11.0
18544,4.0,0.0,0.0,0.0,17.0,81.0,948.0,950.0
18550,0.0,0.0,0.0,0.0,0.0,33.0,1928.0,39.0
18582,0.0,0.0,0.0,0.0,17.0,213.0,586.0,1184.0
18605,0.0,0.0,0.0,0.0,0.0,0.0,2000.0,0.0
18623,0.0,0.0,0.0,0.0,0.0,123.0,1795.0,82.0
18631,0.0,0.0,0.0,0.0,0.0,0.0,2000.0,0.0
18636,0.0,0.0,0.0,2.0,6.0,584.0,156.0,1252.0
18637,10.0,0.0,0.0,0.0,7.0,228.0,735.0,1020.0
18644,0.0,0.0,0.0,0.0,9.0,253.0,143.0,1595.0
18651,173.0,0.0,0.0,116.0,518.0,7.0,13.0,1173.0
18658,0.0,0.0,0.0,0.0,0.0,0.0,2000.0,0.0
18660,5.0,0.0,0.0,1.0,7.0,224.0,689.0,1074.0
18683,0.0,0.0,0.0,0.0,0.0,2000.0,0.0,0.0
18729,4.0,0.0,0.0,21.0,179.0,13.0,33.0,1750.0
18741,0.0,0.0,0.0,0.0,0.0,0.0,1997.0,3.0
18742,0.0,0.0,0.0,0.0,0.0,29.0,1784.0,187.0
18745,1.0,0.0,0.0,0.0,3.0,18.0,1789.0,189.0
18764,0.0,0.0,0.0,0.0,0.0,0.0,2000.0,0.0
18783,0.0,0.0,0.0,0.0,0.0,917.0,781.0,302.0
18796,0.0,0.0,0.0,2000.0,0.0,0.0,0.0,0.0
18808,136.0,0.0,0.0,94.0,179.0,57.0,138.0,1396.0
18832,1.0,0.0,0.0,0.0,21.0,55.0,546.0,1377.0
18834,0.0,0.0,0.0,0.0,0.0,0.0,2000.0,0.0
18859,0.0,0.0,0.0,0.0,0.0,0.0,2000.0,0.0
18865,0.0,0.0,0.0,0.0,3.0,707.0,139.0,1151.0
18882,987.0,0.0,1.0,247.0,153.0,56.0,7.0,549.0
18889,8.0,0.0,0.0,199.0,320.0,13.0,1.0,1459.0
18893,6.0,0.0,0.0,3.0,65.0,30.0,331.0,1565.0
18898,0.0,0.0,0.0,0.0,0.0,0.0,1985.0,15.0
18903,0.0,0.0,0.0,0.0,0.0,0.0,1998.0,2.0
18907,0.0,0.0,0.0,0.0,0.0,2000.0,0.0,0.0
18911,0.0,0.0,0.0,0.0,0.0,2.0,1985.0,13.0
18912,0.0,0.0,0.0,0.0,0.0,0.0,2000.0,0.0
18916,54.0,0.0,0.0,1946.0,0.0,0.0,0.0,0.0
18922,0.0,0.0,0.0,2.0,26.0,142.0,497.0,1333.0
18926,0.0,0.0,0.0,0.0,0.0,1.0,1973.0,26.0
18927,1991.0,0.0,0.0,9.0,0.0,0.0,0.0,0.0
18931,0.0,0.0,0.0,0.0,0.0,1951.0,0.0,49.0
18933,47.0,0.0,2.0,7.0,51.0,128.0,1057.0,708.0
18941,0.0,0.0,0.0,7.0,40.0,74.0,408.0,1471.0
18951,0.0,0.0,0.0,0.0,0.0,0.0,2000.0,0.0
18955,696.0,0.0,0.0,1283.0,0.0,0.0,0.0,21.0
18956,77.0,0.0,0.0,1906.0,0.0,0.0,0.0,17.0
18962,634.0,0.0,22.0,55.0,24.0,133.0,603.0,529.0
18973,5.0,0.0,3.0,12.0,1.0,47.0,1793.0,139.0
18987,0.0,0.0,0.0,0.0,1.0,91.0,1827.0,81.0
18999,0.0,0.0,0.0,0.0,11.0,178.0,1024.0,787.0
19000,36.0,0.0,2.0,5.0,100.0,8.0,1161.0,688.0
19016,0.0,0.0,0.0,0.0,0.0,0.0,1984.0,16.0
19017,0.0,0.0,0.0,0.0,0.0,84.0,1843.0,73.0
19028,5.0,0.0,0.0,11.0,72.0,65.0,312.0,1535.0
19048,0.0,0.0,0.0,0.0,0.0,26.0,1936.0,38.0
19063,88.0,0.0,2.0,21.0,147.0,10.0,747.0,985.0
19068,191.0,0.0,12.0,12.0,106.0,94.0,595.0,990.0
19071,1518.0,0.0,0.0,454.0,0.0,0.0,0.0,28.0
19092,0.0,0.0,0.0,2000.0,0.0,0.0,0.0,0.0
19093,625.0,0.0,9.0,175.0,349.0,17.0,87.0,738.0
19108,1920.0,0.0,0.0,1.0,69.0,0.0,1.0,9.0
19131,0.0,0.0,0.0,0.0,0.0,63.0,1883.0,54.0
19137,0.0,0.0,0.0,0.0,0.0,0.0,2000.0,0.0
19138,0.0,0.0,0.0,0.0,0.0,260.0,1574.0,166.0
19139,20.0,0.0,0.0,1963.0,0.0,0.0,0.0,17.0
19142,0.0,0.0,0.0,0.0,0.0,0.0,1996.0,4.0
19146,0.0,0.0,0.0,1.0,35.0,15.0,661.0,1288.0
19149,0.0,0.0,0.0,0.0,0.0,0.0,2000.0,0.0
19160,0.0,0.0,0.0,0.0,0.0,0.0,1999.0,1.0
19165,36.0,0.0,0.0,65.0,414.0,0.0,3.0,1482.0
19171,0.0,0.0,0.0,0.0,0.0,39.0,1897.0,64.0
19189,0.0,0.0,0.0,0.0,0.0,0.0,2000.0,0.0
19190,14.0,0.0,0.0,205.0,8.0,843.0,43.0,887.0
19191,919.0,0.0,0.0,638.0,249.0,0.0,2.0,192.0
19194,0.0,0.0,0.0,0.0,0.0,0.0,2000.0,0.0
19196,0.0,0.0,0.0,0.0,6.0,179.0,526.0,1289.0
19214,103.0,0.0,2.0,91.0,257.0,10.0,410.0,1127.0
19217,0.0,0.0,0.0,0.0,0.0,2000.0,0.0,0.0
19226,9.0,0.0,0.0,13.0,79.0,54.0,302.0,1543.0
19233,794.0,0.0,1.0,785.0,228.0,0.0,6.0,186.0
19234,9.0,0.0,0.0,1988.0,1.0,0.0,0.0,2.0
19251,2.0,0.0,0.0,0.0,6.0,346.0,640.0,1006.0
19261,0.0,0.0,0.0,1.0,28.0,36.0,249.0,1686.0
19262,581.0,0.0,48.0,28.0,5.0,0.0,1189.0,149.0
19287,0.0,0.0,0.0,0.0,5.0,165.0,395.0,1435.0
19320,0.0,0.0,0.0,0.0,0.0,1991.0,0.0,9.0
19352,0.0,0.0,0.0,0.0,4.0,111.0,1030.0,855.0
19353,0.0,0.0,0.0,0.0,0.0,566.0,1183.0,251.0
19365,0.0,0.0,1.0,0.0,0.0,201.0,1595.0,203.0
19384,0.0,0.0,0.0,0.0,1.0,489.0,370.0,1140.0
19386,0.0,0.0,0.0,1.0,2.0,457.0,873.0,667.0
19391,3.0,0.0,0.0,0.0,0.0,97.0,1721.0,179.0
19399,0.0,0.0,0.0,0.0,0.0,20.0,1947.0,33.0
19400,5.0,0.0,0.0,4.0,27.0,93.0,406.0,1465.0
19406,1244.0,0.0,0.0,669.0,0.0,0.0,0.0,87.0
19409,0.0,0.0,0.0,0.0,0.0,0.0,2000.0,0.0
19419,0.0,0.0,0.0,0.0,0.0,0.0,2000.0,0.0
19440,12.0,0.0,1.0,214.0,77.0,170.0,304.0,1222.0
19450,1.0,0.0,0.0,0.0,2.0,372.0,551.0,1074.0
19458,733.0,0.0,11.0,891.0,0.0,0.0,6.0,359.0
19477,0.0,0.0,0.0,0.0,5.0,423.0,242.0,1330.0
19480,435.0,0.0,6.0,508.0,607.0,39.0,22.0,383.0
19483,2.0,0.0,0.0,4.0,35.0,170.0,273.0,1516.0
19484,0.0,0.0,0.0,0.0,0.0,0.0,1999.0,1.0
19497,14.0,0.0,2.0,6.0,17.0,26.0,1036.0,899.0
19498,61.0,0.0,514.0,4.0,0.0,0.0,1046.0,375.0
19499,1935.0,0.0,0.0,51.0,0.0,0.0,0.0,14.0
19504,0.0,0.0,0.0,0.0,0.0,0.0,2000.0,0.0
19516,3.0,0.0,0.0,57.0,362.0,0.0,2.0,1576.0
19517,1230.0,0.0,0.0,467.0,120.0,1.0,9.0,173.0
19533,2.0,0.0,0.0,2.0,31.0,17.0,799.0,1149.0
19539,1.0,0.0,0.0,0.0,8.0,129.0,1492.0,370.0
19543,1.0,0.0,0.0,0.0,16.0,59.0,1003.0,921.0
19549,0.0,0.0,0.0,0.0,0.0,0.0,2000.0,0.0
19554,2000.0,0.0,0.0,0.0,0.0,0.0,0.0,0.0
19556,304.0,0.0,0.0,1695.0,0.0,0.0,0.0,1.0
19560,0.0,0.0,0.0,0.0,0.0,0.0,1998.0,2.0
19575,0.0,0.0,0.0,0.0,0.0,0.0,2000.0,0.0
19585,0.0,0.0,0.0,0.0,0.0,0.0,1983.0,17.0
19593,0.0,0.0,0.0,0.0,0.0,243.0,1279.0,478.0
19603,0.0,0.0,0.0,0.0,0.0,0.0,2000.0,0.0
19611,0.0,0.0,0.0,0.0,0.0,1093.0,456.0,451.0
19612,1.0,0.0,0.0,3.0,29.0,237.0,251.0,1479.0
19615,1994.0,0.0,0.0,3.0,0.0,0.0,0.0,3.0
19619,0.0,0.0,0.0,0.0,0.0,0.0,2000.0,0.0
19624,0.0,0.0,0.0,0.0,0.0,1800.0,0.0,200.0
19629,0.0,0.0,0.0,0.0,3.0,82.0,1502.0,413.0
19630,152.0,0.0,1.0,154.0,434.0,41.0,96.0,1122.0
19641,0.0,0.0,0.0,0.0,0.0,28.0,1904.0,68.0
19645,759.0,0.0,0.0,887.0,144.0,0.0,3.0,207.0
19675,281.0,0.0,0.0,440.0,818.0,0.0,20.0,441.0
19690,36.0,0.0,0.0,34.0,405.0,2.0,4.0,1519.0
19692,0.0,0.0,0.0,0.0,0.0,1887.0,5.0,108.0
19702,0.0,0.0,0.0,0.0,0.0,249.0,1516.0,235.0
19703,0.0,0.0,0.0,0.0,0.0,0.0,2000.0,0.0
19713,1.0,0.0,0.0,0.0,0.0,302.0,1137.0,560.0
19714,2.0,0.0,0.0,0.0,16.0,42.0,848.0,1092.0
19724,662.0,0.0,0.0,1227.0,2.0,0.0,1.0,108.0
19741,0.0,0.0,0.0,0.0,0.0,4.0,1982.0,14.0
19755,3.0,0.0,0.0,0.0,28.0,237.0,552.0,1180.0
19760,4.0,0.0,0.0,5.0,48.0,94.0,223.0,1626.0
19781,9.0,0.0,0.0,0.0,29.0,89.0,615.0,1258.0
19799,4.0,0.0,2.0,0.0,3.0,97.0,1457.0,437.0
19800,0.0,0.0,0.0,0.0,0.0,854.0,366.0,780.0
19811,16.0,0.0,0.0,11.0,117.0,33.0,104.0,1719.0
19837,0.0,0.0,0.0,0.0,1.0,655.0,1003.0,341.0
19841,2000.0,0.0,0.0,0.0,0.0,0.0,0.0,0.0
19846,80.0,0.0,0.0,10.0,73.0,49.0,615.0,1173.0
19856,0.0,0.0,0.0,1.0,27.0,43.0,396.0,1533.0
19858,2.0,0.0,0.0,4.0,55.0,98.0,331.0,1510.0
19859,47.0,0.0,0.0,7.0,96.0,66.0,446.0,1338.0
19865,15.0,0.0,0.0,5.0,54.0,107.0,347.0,1472.0
19874,0.0,0.0,0.0,0.0,0.0,8.0,1964.0,28.0
19883,0.0,0.0,0.0,0.0,0.0,0.0,2000.0,0.0
19884,0.0,0.0,0.0,0.0,0.0,0.0,2000.0,0.0
19897,0.0,0.0,0.0,0.0,10.0,119.0,874.0,997.0
19905,0.0,0.0,0.0,0.0,0.0,16.0,1940.0,44.0
19919,36.0,0.0,0.0,330.0,362.0,62.0,13.0,1197.0
19927,0.0,0.0,0.0,0.0,0.0,2000.0,0.0,0.0
19960,4.0,0.0,0.0,28.0,42.0,617.0,123.0,1186.0
19962,0.0,0.0,0.0,0.0,10.0,213.0,547.0,1230.0
19969,4.0,0.0,0.0,1984.0,3.0,1.0,0.0,8.0
19973,0.0,0.0,0.0,1.0,0.0,6.0,1964.0,29.0
19976,1.0,0.0,0.0,0.0,0.0,1.0,1998.0,0.0
19977,3.0,0.0,0.0,4.0,56.0,27.0,409.0,1501.0
19982,0.0,0.0,0.0,0.0,28.0,136.0,343.0,1493.0
19996,571.0,0.0,0.0,1361.0,9.0,0.0,1.0,58.0
20019,6.0,0.0,0.0,1989.0,0.0,0.0,0.0,5.0
20044,1855.0,0.0,0.0,134.0,2.0,0.0,0.0,9.0
20061,0.0,0.0,0.0,0.0,0.0,0.0,2000.0,0.0
20081,3.0,0.0,0.0,18.0,71.0,544.0,314.0,1050.0
20083,1.0,0.0,0.0,44.0,4.0,22.0,1454.0,475.0
20091,637.0,0.0,2.0,848.0,347.0,0.0,11.0,155.0
20110,914.0,0.0,0.0,1082.0,0.0,0.0,0.0,4.0
41510,2.0,0.0,0.0,4.0,28.0,215.0,320.0,1431.0
41515,347.0,0.0,11.0,3.0,80.0,107.0,593.0,859.0
41592,107.0,0.0,6.0,1.0,42.0,119.0,793.0,932.0
41625,199.0,0.0,0.0,48.0,254.0,99.0,83.0,1317.0
41635,76.0,0.0,1.0,5.0,37.0,376.0,413.0,1092.0
41642,25.0,0.0,7.0,402.0,75.0,133.0,196.0,1162.0
41665,106.0,0.0,1.0,86.0,235.0,71.0,246.0,1255.0
41674,61.0,0.0,19.0,356.0,27.0,88.0,886.0,563.0
41713,30.0,0.0,0.0,35.0,94.0,510.0,97.0,1234.0
41726,0.0,0.0,0.0,0.0,0.0,1636.0,16.0,348.0
41730,1.0,0.0,0.0,2.0,30.0,507.0,110.0,1350.0
41737,0.0,0.0,0.0,0.0,0.0,0.0,2000.0,0.0
41766,182.0,0.0,33.0,0.0,79.0,227.0,422.0,1057.0
41798,1933.0,0.0,13.0,14.0,0.0,0.0,0.0,40.0
41820,3.0,0.0,0.0,0.0,3.0,1938.0,0.0,56.0
41821,1085.0,0.0,0.0,313.0,156.0,27.0,1.0,418.0
41856,638.0,0.0,1.0,539.0,276.0,74.0,8.0,464.0
41860,0.0,0.0,0.0,0.0,1.0,1866.0,43.0,90.0
41903,1.0,0.0,0.0,1.0,17.0,292.0,352.0,1337.0
41909,1.0,0.0,0.0,1988.0,0.0,9.0,1.0,1.0
41936,326.0,0.0,0.0,1218.0,182.0,0.0,1.0,273.0
41971,74.0,0.0,4.0,8.0,249.0,7.0,537.0,1121.0
41975,69.0,0.0,4.0,1046.0,0.0,845.0,0.0,36.0
41977,3.0,0.0,0.0,212.0,97.0,146.0,68.0,1474.0
41979,25.0,0.0,0.0,6.0,164.0,30.0,319.0,1456.0
42005,0.0,0.0,0.0,1.0,19.0,200.0,216.0,1564.0
42021,684.0,0.0,4.0,498.0,445.0,1.0,9.0,359.0
42025,170.0,0.0,0.0,1163.0,329.0,12.0,6.0,320.0
42044,1226.0,0.0,53.0,1.0,0.0,545.0,46.0,129.0
42049,121.0,0.0,0.0,74.0,513.0,15.0,45.0,1232.0
42054,27.0,0.0,1.0,208.0,0.0,1662.0,1.0,101.0
42056,0.0,0.0,0.0,1907.0,0.0,88.0,0.0,5.0
42066,3.0,0.0,3.0,10.0,6.0,19.0,1839.0,120.0
42068,88.0,0.0,4.0,0.0,7.0,48.0,1704.0,149.0
42099,17.0,0.0,0.0,187.0,80.0,215.0,282.0,1219.0
42123,8.0,0.0,0.0,13.0,82.0,307.0,99.0,1491.0
42128,0.0,0.0,0.0,0.0,0.0,2000.0,0.0,0.0
42151,5.0,0.0,0.0,5.0,123.0,23.0,246.0,1598.0
42160,541.0,0.0,54.0,22.0,0.0,1290.0,12.0,81.0
42161,649.0,0.0,13.0,26.0,70.0,91.0,230.0,921.0
42181,74.0,0.0,0.0,1665.0,4.0,30.0,0.0,227.0
42198,68.0,0.0,1.0,143.0,419.0,2.0,32.0,1335.0
42205,17.0,0.0,1.0,86.0,230.0,183.0,53.0,1430.0
42219,8.0,0.0,0.0,9.0,58.0,38.0,465.0,1422.0
42224,1.0,0.0,0.0,1964.0,0.0,34.0,0.0,1.0
42234,11.0,0.0,0.0,17.0,82.0,313.0,148.0,1429.0
42251,5.0,0.0,0.0,75.0,61.0,1083.0,40.0,736.0
42279,510.0,0.0,0.0,908.0,306.0,0.0,5.0,271.0
42296,1.0,0.0,0.0,0.0,23.0,394.0,430.0,1152.0
42303,115.0,0.0,0.0,85.0,476.0,4.0,78.0,1242.0
42318,16.0,0.0,0.0,314.0,327.0,0.0,0.0,1343.0
42321,0.0,0.0,0.0,0.0,0.0,1977.0,0.0,23.0
42359,271.0,0.0,1.0,189.0,368.0,154.0,19.0,998.0
42387,0.0,0.0,0.0,1.0,8.0,1371.0,39.0,581.0
42412,1998.0,0.0,0.0,0.0,0.0,0.0,0.0,2.0
42467,0.0,0.0,0.0,0.0,0.0,2000.0,0.0,0.0
42490,111.0,0.0,3.0,89.0,299.0,23.0,174.0,1301.0
42492,27.0,0.0,0.0,0.0,177.0,2.0,1.0,1793.0
42502,0.0,0.0,0.0,3.0,29.0,128.0,398.0,1442.0
42503,936.0,0.0,1.0,362.0,274.0,8.0,7.0,412.0
42510,0.0,0.0,0.0,2000.0,0.0,0.0,0.0,0.0
42512,77.0,0.0,0.0,1428.0,15.0,364.0,0.0,116.0
42547,50.0,0.0,0.0,306.0,193.0,99.0,6.0,1346.0
42584,21.0,0.0,1.0,0.0,52.0,47.0,849.0,1030.0
42589,0.0,0.0,0.0,3.0,14.0,648.0,263.0,1072.0
42639,1574.0,0.0,6.0,41.0,60.0,45.0,2.0,272.0
42664,0.0,0.0,0.0,0.0,0.0,1988.0,3.0,9.0
42678,996.0,0.0,0.0,986.0,1.0,0.0,0.0,17.0
42691,605.0,0.0,21.0,1038.0,0.0,0.0,0.0,336.0
42708,2.0,0.0,0.0,36.0,8.0,717.0,186.0,1051.0
42720,1.0,0.0,0.0,0.0,7.0,23.0,1529.0,440.0
42741,6.0,0.0,15.0,6.0,0.0,743.0,815.0,415.0
42775,1.0,0.0,0.0,0.0,17.0,157.0,183.0,1642.0
42776,0.0,0.0,0.0,0.0,0.0,1990.0,5.0,5.0
42780,514.0,0.0,0.0,2.0,1.0,1320.0,7.0,156.0
42810,0.0,0.0,0.0,0.0,0.0,34.0,1933.0,33.0
42844,0.0,0.0,0.0,0.0,0.0,1995.0,1.0,4.0
42857,136.0,0.0,1.0,356.0,496.0,6.0,9.0,996.0
42880,1.0,0.0,0.0,1.0,22.0,326.0,176.0,1474.0
42917,5.0,0.0,0.0,818.0,11.0,264.0,204.0,698.0
42961,0.0,0.0,0.0,0.0,1.0,596.0,612.0,791.0
43005,40.0,0.0,4.0,91.0,181.0,99.0,1.0,1584.0
43006,1207.0,0.0,0.0,745.0,1.0,0.0,0.0,47.0
43029,677.0,0.0,2.0,415.0,503.0,10.0,19.0,374.0
43033,575.0,0.0,1.0,14.0,82.0,181.0,121.0,1026.0
43068,0.0,0.0,0.0,0.0,0.0,2000.0,0.0,0.0
43069,16.0,0.0,1.0,4.0,107.0,114.0,176.0,1582.0
43070,4.0,0.0,0.0,0.0,25.0,280.0,350.0,1341.0
43071,1140.0,0.0,0.0,156.0,180.0,12.0,8.0,504.0
43072,294.0,0.0,0.0,435.0,328.0,9.0,56.0,878.0
43126,14.0,0.0,0.0,234.0,22.0,895.0,191.0,644.0
43130,1.0,0.0,1.0,151.0,6.0,389.0,1142.0,310.0
43144,0.0,0.0,0.0,0.0,6.0,1256.0,15.0,723.0
43172,1508.0,0.0,4.0,383.0,3.0,24.0,8.0,70.0
43206,73.0,0.0,1.0,3.0,85.0,51.0,313.0,1474.0
43272,169.0,0.0,13.0,71.0,114.0,648.0,256.0,729.0
43287,36.0,0.0,13.0,4.0,221.0,6.0,1007.0,713.0
43295,79.0,0.0,1.0,191.0,111.0,353.0,13.0,1252.0
43297,2000.0,0.0,0.0,0.0,0.0,0.0,0.0,0.0
43304,1820.0,0.0,0.0,116.0,0.0,0.0,0.0,64.0
43325,3.0,0.0,0.0,0.0,0.0,1989.0,8.0,0.0
43348,360.0,0.0,0.0,755.0,389.0,0.0,12.0,484.0
43369,17.0,0.0,0.0,10.0,101.0,97.0,87.0,1688.0
43390,37.0,0.0,13.0,0.0,2.0,355.0,44.0,1549.0
43405,0.0,0.0,0.0,0.0,2.0,390.0,699.0,909.0
43416,0.0,0.0,0.0,681.0,0.0,1021.0,0.0,298.0
43450,4.0,0.0,0.0,0.0,39.0,126.0,266.0,1565.0
43455,0.0,0.0,0.0,0.0,0.0,442.0,460.0,1098.0
43463,106.0,0.0,0.0,74.0,247.0,165.0,20.0,1388.0
43496,4.0,0.0,8.0,1.0,0.0,17.0,1904.0,66.0
43524,1.0,0.0,0.0,1.0,20.0,277.0,315.0,1386.0
43534,1529.0,0.0,3.0,371.0,0.0,0.0,1.0,96.0
43568,4.0,0.0,0.0,25.0,27.0,671.0,195.0,1078.0
43569,185.0,0.0,0.0,640.0,700.0,4.0,12.0,459.0
43634,0.0,0.0,0.0,2000.0,0.0,0.0,0.0,0.0
43639,0.0,0.0,0.0,16.0,6.0,420.0,515.0,1043.0
43640,0.0,0.0,0.0,0.0,6.0,784.0,325.0,885.0
43672,15.0,0.0,3.0,0.0,6.0,417.0,864.0,695.0
43677,49.0,0.0,1.0,156.0,489.0,1.0,4.0,1300.0
43712,424.0,0.0,0.0,573.0,506.0,0.0,4.0,493.0
43745,0.0,0.0,0.0,0.0,0.0,1518.0,205.0,277.0
43751,1.0,0.0,0.0,0.0,11.0,396.0,363.0,1229.0
43766,1733.0,0.0,33.0,0.0,0.0,32.0,54.0,148.0
43791,319.0,0.0,1.0,712.0,357.0,11.0,21.0,579.0
43799,0.0,0.0,0.0,148.0,0.0,1840.0,8.0,4.0
43817,0.0,0.0,0.0,0.0,15.0,198.0,115.0,1672.0
43836,8.0,0.0,0.0,15.0,0.0,1121.0,284.0,572.0
43839,0.0,0.0,0.0,0.0,6.0,58.0,195.0,1741.0
43888,0.0,0.0,0.0,0.0,17.0,136.0,236.0,1611.0
43930,609.0,0.0,4.0,590.0,146.0,4.0,18.0,629.0
43936,11.0,0.0,0.0,2.0,36.0,251.0,274.0,1426.0
43944,270.0,0.0,0.0,18.0,194.0,68.0,74.0,1376.0
43948,65.0,0.0,9.0,9.0,0.0,1212.0,395.0,310.0
43975,1210.0,0.0,109.0,403.0,0.0,0.0,160.0,118.0
44011,0.0,0.0,0.0,196.0,0.0,1797.0,0.0,7.0
44085,686.0,0.0,1.0,531.0,285.0,11.0,2.0,484.0
44090,1.0,0.0,0.0,0.0,22.0,383.0,450.0,1144.0
44127,3.0,0.0,0.0,0.0,18.0,229.0,345.0,1405.0
44129,2000.0,0.0,0.0,0.0,0.0,0.0,0.0,0.0
44144,2000.0,0.0,0.0,0.0,0.0,0.0,0.0,0.0
44152,240.0,0.0,0.0,466.0,358.0,2.0,6.0,928.0
44162,16.0,0.0,0.0,33.0,157.0,186.0,247.0,1361.0
44170,0.0,0.0,0.0,0.0,0.0,0.0,2000.0,0.0
44172,596.0,0.0,6.0,95.0,151.0,149.0,70.0,933.0
44201,2.0,0.0,0.0,3.0,30.0,265.0,157.0,1543.0
44282,91.0,0.0,3.0,1803.0,9.0,12.0,6.0,76.0
44286,0.0,0.0,1.0,814.0,0.0,1178.0,0.0,7.0
44302,0.0,0.0,0.0,0.0,0.0,1970.0,0.0,30.0
44320,13.0,0.0,0.0,1987.0,0.0,0.0,0.0,0.0
44346,1077.0,0.0,0.0,851.0,21.0,0.0,0.0,51.0
44408,208.0,0.0,2.0,0.0,0.0,1670.0,0.0,120.0
44428,0.0,0.0,0.0,0.0,0.0,1888.0,49.0,63.0
44470,496.0,0.0,7.0,5.0,58.0,121.0,450.0,863.0
44472,1119.0,0.0,6.0,87.0,104.0,30.0,69.0,585.0
44474,159.0,0.0,2.0,27.0,344.0,35.0,139.0,1294.0
44476,2.0,0.0,0.0,1.0,31.0,109.0,222.0,1635.0
44479,11.0,0.0,0.0,8.0,148.0,36.0,119.0,1678.0
44496,7.0,0.0,0.0,2.0,4.0,1884.0,7.0,96.0
44509,0.0,0.0,0.0,1.0,20.0,158.0,264.0,1557.0
44516,652.0,0.0,0.0,830.0,62.0,159.0,28.0,269.0
44528,0.0,0.0,0.0,0.0,0.0,1276.0,542.0,182.0
44549,0.0,0.0,0.0,1.0,1.0,582.0,482.0,934.0
44614,5.0,0.0,0.0,1995.0,0.0,0.0,0.0,0.0
44619,153.0,0.0,0.0,5.0,94.0,172.0,320.0,1256.0
44675,387.0,0.0,1.0,312.0,423.0,8.0,33.0,836.0
44698,1396.0,0.0,0.0,0.0,0.0,538.0,0.0,66.0
44735,0.0,0.0,0.0,0.0,0.0,2000.0,0.0,0.0
44766,119.0,0.0,62.0,1523.0,0.0,187.0,23.0,86.0
44772,1.0,0.0,0.0,0.0,13.0,226.0,329.0,1431.0
44775,259.0,0.0,0.0,847.0,186.0,35.0,110.0,563.0
44788,448.0,0.0,0.0,1547.0,0.0,0.0,0.0,5.0
44811,4.0,0.0,1.0,6.0,0.0,1834.0,62.0,93.0
44825,0.0,0.0,0.0,9.0,1.0,1949.0,6.0,35.0
44867,340.0,0.0,0.0,0.0,0.0,1236.0,0.0,424.0
44870,0.0,0.0,0.0,0.0,0.0,2000.0,0.0,0.0
44886,1220.0,0.0,72.0,0.0,0.0,115.0,403.0,190.0
44890,331.0,0.0,0.0,0.0,0.0,571.0,0.0,1098.0
44916,290.0,0.0,10.0,23.0,441.0,5.0,253.0,978.0
44941,0.0,0.0,0.0,0.0,8.0,777.0,185.0,1030.0
44963,27.0,0.0,3.0,57.0,211.0,48.0,131.0,1523.0
44966,34.0,0.0,0.0,420.0,86.0,617.0,44.0,799.0
45002,223.0,0.0,22.0,8.0,100.0,187.0,674.0,786.0
45036,6.0,0.0,0.0,3.0,75.0,177.0,237.0,1502.0
45037,903.0,0.0,11.0,74.0,129.0,172.0,7.0,704.0
45040,7.0,0.0,0.0,22.0,31.0,1161.0,26.0,753.0
45052,465.0,0.0,7.0,606.0,197.0,52.0,91.0,582.0
45142,70.0,0.0,1.0,990.0,251.0,2.0,7.0,679.0
45146,0.0,0.0,0.0,0.0,3.0,607.0,400.0,990.0
45153,695.0,0.0,0.0,821.0,197.0,1.0,2.0,284.0
45178,53.0,0.0,0.0,11.0,283.0,5.0,259.0,1389.0
45223,0.0,0.0,0.0,0.0,0.0,1224.0,453.0,323.0
45224,4.0,0.0,0.0,6.0,29.0,324.0,221.0,1416.0
45227,0.0,0.0,0.0,68.0,9.0,24.0,1419.0,480.0
45228,41.0,0.0,1.0,24.0,134.0,211.0,380.0,1209.0
45231,1146.0,0.0,0.0,645.0,53.0,0.0,0.0,156.0
45232,0.0,0.0,0.0,0.0,17.0,162.0,183.0,1638.0
45234,64.0,0.0,0.0,2.0,19.0,1670.0,25.0,220.0
45273,56.0,0.0,1.0,38.0,192.0,255.0,64.0,1394.0
45287,25.0,0.0,0.0,3.0,30.0,198.0,358.0,1386.0
45294,2.0,0.0,0.0,4.0,25.0,365.0,171.0,1433.0
45296,4.0,0.0,1.0,11.0,30.0,137.0,529.0,1288.0
45335,5.0,0.0,0.0,7.0,65.0,63.0,403.0,1457.0
45381,14.0,0.0,0.0,114.0,312.0,0.0,0.0,1560.0
45383,22.0,0.0,0.0,14.0,19.0,783.0,200.0,962.0
45385,18.0,0.0,0.0,4.0,69.0,58.0,180.0,1671.0
45403,64.0,0.0,3.0,24.0,398.0,4.0,430.0,1077.0
45414,0.0,0.0,0.0,1.0,15.0,552.0,257.0,1175.0
45415,0.0,0.0,0.0,0.0,0.0,1300.0,14.0,686.0
45419,91.0,0.0,10.0,112.0,454.0,12.0,187.0,1134.0
45435,0.0,0.0,0.0,0.0,0.0,410.0,1374.0,216.0
45449,301.0,0.0,154.0,5.0,41.0,27.0,825.0,647.0
45509,0.0,0.0,0.0,52.0,0.0,1614.0,211.0,123.0
45519,2000.0,0.0,0.0,0.0,0.0,0.0,0.0,0.0
45521,11.0,0.0,0.0,0.0,41.0,27.0,185.0,1736.0
45524,1.0,0.0,0.0,9.0,18.0,882.0,90.0,1000.0
45534,2.0,0.0,0.0,0.0,3.0,348.0,988.0,659.0
45555,0.0,0.0,0.0,0.0,0.0,1118.0,479.0,403.0
45556,744.0,0.0,11.0,14.0,222.0,268.0,30.0,711.0
45558,144.0,0.0,1.0,127.0,266.0,31.0,138.0,1293.0
45573,216.0,0.0,1.0,42.0,336.0,6.0,34.0,1365.0
45589,0.0,0.0,0.0,251.0,0.0,1326.0,0.0,423.0
45594,29.0,0.0,0.0,14.0,26.0,891.0,19.0,1021.0
45597,1498.0,0.0,0.0,473.0,0.0,0.0,0.0,29.0
45599,1.0,0.0,0.0,1.0,29.0,61.0,383.0,1525.0
45601,30.0,0.0,0.0,33.0,132.0,69.0,424.0,1312.0
45631,0.0,0.0,0.0,0.0,1.0,492.0,613.0,894.0
45635,9.0,0.0,0.0,0.0,9.0,394.0,1067.0,521.0
45648,50.0,0.0,9.0,65.0,19.0,378.0,785.0,694.0
45659,0.0,0.0,0.0,0.0,0.0,1998.0,0.0,2.0
45668,426.0,0.0,3.0,67.0,146.0,340.0,147.0,871.0
45669,1.0,0.0,0.0,0.0,6.0,790.0,295.0,908.0
45682,9.0,0.0,0.0,11.0,47.0,703.0,200.0,1030.0
45717,2.0,0.0,0.0,35.0,59.0,853.0,124.0,927.0
45765,0.0,0.0,0.0,0.0,0.0,1778.0,136.0,86.0
45795,302.0,0.0,26.0,16.0,0.0,361.0,1.0,1294.0
45820,21.0,0.0,0.0,16.0,107.0,126.0,187.0,1543.0
45834,71.0,0.0,0.0,1902.0,7.0,10.0,0.0,10.0
45857,74.0,0.0,0.0,1.0,34.0,324.0,312.0,1255.0
45888,2.0,0.0,0.0,16.0,0.0,1655.0,54.0,273.0
45973,0.0,0.0,0.0,0.0,0.0,1972.0,4.0,24.0
45985,151.0,0.0,0.0,506.0,345.0,6.0,51.0,941.0
46007,104.0,0.0,0.0,20.0,87.0,128.0,291.0,1370.0
46044,0.0,0.0,0.0,0.0,1.0,857.0,824.0,318.0
46046,4.0,0.0,0.0,0.0,19.0,267.0,468.0,1242.0
46049,1987.0,0.0,0.0,0.0,0.0,2.0,0.0,11.0
46055,0.0,0.0,0.0,0.0,0.0,1488.0,306.0,206.0
46069,0.0,0.0,0.0,1154.0,0.0,497.0,3.0,346.0
46072,2.0,0.0,5.0,0.0,0.0,11.0,1951.0,31.0
46099,1.0,0.0,0.0,3.0,59.0,239.0,204.0,1494.0
46101,0.0,0.0,0.0,0.0,0.0,1276.0,218.0,506.0
46102,0.0,0.0,0.0,0.0,0.0,1090.0,557.0,353.0
46118,7.0,0.0,0.0,9.0,55.0,376.0,185.0,1368.0
46131,1.0,0.0,0.0,23.0,7.0,1151.0,227.0,591.0
46137,446.0,0.0,0.0,16.0,107.0,260.0,17.0,1154.0
46152,9.0,0.0,150.0,492.0,0.0,77.0,979.0,293.0
46155,176.0,0.0,5.0,1089.0,105.0,122.0,67.0,436.0
46158,3.0,0.0,0.0,1.0,7.0,235.0,459.0,1295.0
46273,23.0,0.0,0.0,34.0,123.0,92.0,138.0,1590.0
46278,178.0,0.0,0.0,383.0,237.0,31.0,109.0,1062.0
46326,104.0,0.0,1.0,54.0,813.0,4.0,27.0,997.0
46327,0.0,0.0,0.0,0.0,0.0,1483.0,172.0,345.0
46385,48.0,0.0,3.0,4.0,28.0,5.0,1538.0,374.0
46421,2.0,0.0,0.0,189.0,79.0,445.0,153.0,1132.0
46463,1.0,0.0,0.0,22.0,13.0,460.0,675.0,829.0
46496,897.0,0.0,5.0,24.0,448.0,30.0,8.0,588.0
46512,0.0,0.0,0.0,1.0,8.0,256.0,223.0,1512.0
46513,32.0,0.0,12.0,10.0,13.0,61.0,1076.0,796.0
46539,511.0,0.0,0.0,279.0,340.0,10.0,31.0,829.0
46553,569.0,0.0,2.0,1342.0,4.0,5.0,2.0,76.0
46559,0.0,0.0,0.0,0.0,0.0,2000.0,0.0,0.0
46571,42.0,0.0,1.0,43.0,212.0,15.0,127.0,1560.0
46575,0.0,0.0,0.0,1.0,0.0,56.0,1893.0,50.0
46609,2000.0,0.0,0.0,0.0,0.0,0.0,0.0,0.0
46634,0.0,0.0,0.0,0.0,28.0,123.0,198.0,1651.0
46636,13.0,0.0,0.0,1150.0,123.0,37.0,21.0,656.0
46638,6.0,0.0,0.0,16.0,28.0,475.0,382.0,1093.0
46652,932.0,0.0,0.0,45.0,164.0,16.0,154.0,689.0
46673,39.0,0.0,38.0,23.0,0.0,328.0,891.0,681.0
46675,313.0,0.0,4.0,218.0,396.0,29.0,95.0,945.0
46727,0.0,0.0,0.0,1.0,5.0,677.0,151.0,1166.0
46771,2.0,0.0,0.0,952.0,0.0,1037.0,5.0,4.0
46808,1532.0,0.0,1.0,74.0,1.0,330.0,0.0,62.0
46819,444.0,0.0,4.0,108.0,458.0,6.0,80.0,900.0
46823,523.0,0.0,165.0,0.0,0.0,957.0,101.0,254.0
46864,62.0,0.0,20.0,1090.0,28.0,65.0,197.0,538.0
46881,8.0,0.0,0.0,25.0,82.0,147.0,141.0,1597.0
46883,0.0,0.0,0.0,0.0,2.0,1524.0,49.0,425.0
46889,0.0,0.0,0.0,0.0,19.0,857.0,187.0,937.0
46916,158.0,0.0,0.0,272.0,260.0,52.0,99.0,1159.0
46918,25.0,0.0,0.0,55.0,404.0,12.0,4.0,1500.0
46924,7.0,0.0,0.0,0.0,0.0,1983.0,0.0,10.0
46955,1123.0,0.0,5.0,675.0,142.0,0.0,2.0,53.0
46957,0.0,0.0,0.0,0.0,0.0,1897.0,26.0,77.0
46965,11.0,0.0,0.0,27.0,58.0,1003.0,47.0,854.0
46996,4.0,0.0,0.0,3.0,63.0,37.0,461.0,1432.0
47007,1911.0,0.0,88.0,0.0,0.0,0.0,1.0,0.0
47036,17.0,0.0,0.0,13.0,49.0,100.0,213.0,1608.0
47054,1.0,0.0,0.0,1.0,21.0,52.0,344.0,1581.0
47057,69.0,0.0,0.0,67.0,35.0,1685.0,0.0,144.0
47076,1404.0,0.0,0.0,467.0,52.0,0.0,0.0,77.0
47115,8.0,0.0,0.0,1710.0,18.0,46.0,25.0,193.0
47116,1633.0,0.0,0.0,203.0,47.0,0.0,18.0,99.0
47120,34.0,0.0,0.0,68.0,493.0,1.0,3.0,1401.0
47123,1.0,0.0,0.0,0.0,31.0,199.0,211.0,1558.0
47129,0.0,0.0,0.0,0.0,1.0,506.0,440.0,1053.0
47144,256.0,0.0,0.0,165.0,119.0,157.0,11.0,1292.0
47164,68.0,0.0,5.0,3.0,37.0,33.0,947.0,907.0
47182,0.0,0.0,0.0,0.0,0.0,0.0,1998.0,2.0
47185,27.0,0.0,1.0,12.0,249.0,22.0,200.0,1489.0
47211,10.0,0.0,0.0,23.0,26.0,1378.0,139.0,424.0
47229,481.0,0.0,2.0,99.0,342.0,39.0,55.0,982.0
47258,1775.0,0.0,2.0,19.0,0.0,155.0,7.0,42.0
47262,0.0,0.0,0.0,1.0,1.0,1973.0,2.0,23.0
47268,1588.0,0.0,0.0,402.0,0.0,0.0,0.0,10.0
47305,0.0,2000.0,0.0,0.0,0.0,0.0,0.0,0.0
47334,146.0,0.0,40.0,17.0,5.0,956.0,433.0,403.0
47345,466.0,0.0,0.0,1043.0,0.0,0.0,0.0,491.0
47369,7.0,0.0,1.0,4.0,43.0,65.0,192.0,1688.0
47392,1.0,0.0,0.0,88.0,0.0,1137.0,604.0,170.0
47400,20.0,0.0,0.0,7.0,144.0,154.0,135.0,1540.0
47415,2000.0,0.0,0.0,0.0,0.0,0.0,0.0,0.0
47419,245.0,0.0,1.0,7.0,82.0,160.0,488.0,1017.0
47424,109.0,0.0,0.0,936.0,46.0,360.0,0.0,549.0
47484,1260.0,0.0,150.0,6.0,190.0,25.0,130.0,239.0
47492,1873.0,0.0,4.0,0.0,0.0,9.0,4.0,110.0
47585,16.0,0.0,0.0,150.0,131.0,300.0,73.0,1330.0
47598,23.0,0.0,5.0,1.0,6.0,192.0,1253.0,520.0
47643,20.0,0.0,0.0,1785.0,5.0,23.0,46.0,121.0
47675,0.0,0.0,0.0,0.0,3.0,341.0,241.0,1415.0
47690,0.0,0.0,0.0,0.0,3.0,1758.0,7.0,232.0
47715,0.0,0.0,0.0,0.0,0.0,2000.0,0.0,0.0
47719,461.0,0.0,22.0,117.0,471.0,4.0,108.0,817.0
47735,0.0,0.0,0.0,251.0,0.0,1742.0,0.0,7.0
47753,1050.0,0.0,0.0,561.0,16.0,0.0,0.0,373.0
47766,132.0,0.0,8.0,0.0,8.0,274.0,200.0,1378.0
47773,3.0,0.0,0.0,389.0,3.0,40.0,995.0,570.0
47789,0.0,0.0,0.0,0.0,4.0,211.0,345.0,1440.0
47828,0.0,0.0,0.0,0.0,0.0,1894.0,4.0,102.0
47893,0.0,0.0,0.0,1463.0,0.0,447.0,73.0,17.0
47908,53.0,0.0,0.0,645.0,85.0,692.0,22.0,503.0
47940,628.0,0.0,2.0,71.0,200.0,41.0,63.0,995.0
47941,260.0,0.0,1.0,11.0,123.0,39.0,499.0,1067.0
47942,136.0,0.0,1.0,131.0,608.0,9.0,18.0,1097.0
47946,1079.0,0.0,6.0,180.0,96.0,74.0,41.0,524.0
47947,0.0,0.0,0.0,0.0,3.0,609.0,84.0,1304.0
47954,12.0,0.0,0.0,507.0,56.0,509.0,157.0,759.0
47977,323.0,0.0,8.0,42.0,145.0,175.0,419.0,888.0
47990,2.0,0.0,0.0,1816.0,6.0,77.0,7.0,92.0
47999,84.0,0.0,267.0,184.0,1.0,0.0,171.0,1293.0
48008,296.0,0.0,0.0,920.0,0.0,322.0,0.0,462.0
48029,1219.0,0.0,0.0,234.0,346.0,0.0,4.0,197.0
48043,0.0,0.0,0.0,0.0,0.0,1998.0,0.0,2.0
48091,0.0,0.0,0.0,0.0,0.0,2000.0,0.0,0.0
48096,105.0,0.0,3.0,0.0,73.0,215.0,431.0,1173.0
48098,200.0,0.0,1.0,142.0,366.0,16.0,98.0,1177.0
48126,574.0,0.0,44.0,24.0,201.0,47.0,213.0,897.0
48154,367.0,0.0,1.0,505.0,728.0,3.0,24.0,372.0
48155,2000.0,0.0,0.0,0.0,0.0,0.0,0.0,0.0
48164,0.0,0.0,0.0,0.0,4.0,423.0,146.0,1427.0
48176,288.0,0.0,14.0,350.0,249.0,10.0,111.0,978.0
48199,10.0,0.0,0.0,3.0,70.0,63.0,308.0,1546.0
48216,67.0,0.0,0.0,74.0,309.0,26.0,106.0,1418.0
48314,1962.0,0.0,0.0,26.0,0.0,0.0,0.0,12.0
48315,351.0,0.0,10.0,42.0,473.0,12.0,94.0,1018.0
48320,0.0,0.0,0.0,0.0,0.0,2000.0,0.0,0.0
48347,0.0,0.0,0.0,0.0,13.0,439.0,278.0,1270.0
48348,3.0,0.0,0.0,0.0,10.0,234.0,415.0,1338.0
48350,12.0,0.0,0.0,3.0,42.0,140.0,672.0,1131.0
48352,553.0,0.0,22.0,48.0,87.0,344.0,221.0,725.0
48355,39.0,0.0,0.0,29.0,99.0,246.0,190.0,1397.0
48356,21.0,0.0,10.0,1394.0,6.0,1.0,443.0,125.0
48383,17.0,0.0,0.0,0.0,14.0,560.0,430.0,979.0
48385,1027.0,0.0,126.0,756.0,0.0,3.0,16.0,72.0
48411,0.0,0.0,0.0,64.0,0.0,1883.0,2.0,51.0
48451,69.0,0.0,1.0,500.0,116.0,638.0,50.0,626.0
48497,8.0,0.0,0.0,100.0,68.0,150.0,343.0,1331.0
48528,4.0,0.0,0.0,9.0,57.0,203.0,206.0,1521.0
48537,6.0,0.0,0.0,4.0,76.0,188.0,222.0,1504.0
48538,118.0,0.0,0.0,78.0,302.0,26.0,84.0,1392.0
48580,0.0,0.0,0.0,1.0,23.0,610.0,100.0,1266.0
48603,0.0,0.0,0.0,96.0,10.0,542.0,184.0,1168.0
48614,22.0,0.0,0.0,1324.0,77.0,56.0,119.0,402.0
48616,8.0,0.0,0.0,571.0,14.0,1188.0,6.0,213.0
48633,185.0,0.0,0.0,418.0,225.0,8.0,7.0,1157.0
48642,4.0,0.0,0.0,3.0,94.0,16.0,129.0,1754.0
48647,1520.0,0.0,0.0,467.0,0.0,0.0,0.0,13.0
48653,60.0,0.0,20.0,18.0,3.0,244.0,1298.0,357.0
48679,2.0,0.0,0.0,1.0,25.0,73.0,806.0,1093.0
48687,1.0,0.0,0.0,32.0,1.0,205.0,1344.0,417.0
48690,817.0,0.0,53.0,65.0,864.0,1.0,39.0,161.0
48695,1858.0,0.0,45.0,0.0,0.0,27.0,8.0,62.0
48733,25.0,0.0,0.0,82.0,65.0,216.0,343.0,1269.0
48747,0.0,0.0,0.0,0.0,3.0,1688.0,80.0,229.0
48761,827.0,0.0,15.0,18.0,93.0,89.0,151.0,807.0
48773,653.0,0.0,18.0,18.0,52.0,548.0,43.0,668.0
48777,0.0,0.0,0.0,0.0,0.0,2000.0,0.0,0.0
48787,0.0,0.0,0.0,0.0,5.0,1313.0,61.0,621.0
48810,207.0,0.0,0.0,387.0,296.0,208.0,39.0,863.0
48825,2.0,0.0,0.0,14.0,30.0,883.0,111.0,960.0
48834,2.0,0.0,1.0,11.0,2.0,1397.0,322.0,265.0
48878,1994.0,0.0,0.0,0.0,0.0,0.0,0.0,6.0
48902,284.0,0.0,9.0,26.0,238.0,287.0,219.0,937.0
48932,42.0,0.0,0.0,0.0,35.0,1266.0,74.0,583.0
48933,138.0,0.0,5.0,39.0,416.0,11.0,110.0,1281.0
48980,82.0,0.0,0.0,121.0,235.0,239.0,49.0,1274.0
48982,3.0,0.0,0.0,35.0,79.0,290.0,300.0,1293.0
48988,1102.0,0.0,122.0,377.0,1.0,1.0,84.0,313.0
49065,5.0,0.0,1.0,54.0,22.0,243.0,876.0,799.0
49089,386.0,0.0,0.0,251.0,330.0,155.0,16.0,862.0
49103,0.0,0.0,0.0,0.0,0.0,0.0,0.0,2000.0
49167,297.0,0.0,4.0,22.0,485.0,13.0,127.0,1052.0
49172,0.0,0.0,0.0,7.0,46.0,265.0,218.0,1464.0
49197,9.0,0.0,0.0,6.0,87.0,126.0,168.0,1604.0
49206,4.0,0.0,0.0,0.0,17.0,165.0,1165.0,649.0
49220,17.0,0.0,1.0,142.0,14.0,571.0,213.0,1042.0
49280,1.0,0.0,0.0,27.0,2.0,169.0,900.0,901.0
49281,7.0,0.0,0.0,32.0,65.0,208.0,124.0,1564.0
49287,553.0,0.0,0.0,920.0,120.0,0.0,0.0,407.0
49290,18.0,0.0,2.0,671.0,98.0,146.0,6.0,1059.0
49354,0.0,0.0,0.0,3.0,23.0,267.0,705.0,1002.0
49372,2.0,0.0,0.0,39.0,35.0,1061.0,106.0,757.0
49427,6.0,0.0,0.0,33.0,21.0,1795.0,22.0,123.0
49434,508.0,0.0,5.0,224.0,295.0,5.0,53.0,910.0
49435,8.0,0.0,0.0,1.0,23.0,132.0,473.0,1363.0
49441,40.0,0.0,0.0,203.0,410.0,7.0,5.0,1335.0
49466,121.0,0.0,6.0,648.0,77.0,252.0,124.0,772.0
49471,5.0,0.0,0.0,1229.0,46.0,97.0,76.0,547.0
49500,266.0,0.0,2.0,22.0,386.0,59.0,137.0,1128.0
49501,21.0,0.0,0.0,50.0,288.0,77.0,58.0,1506.0
49532,23.0,0.0,0.0,7.0,49.0,154.0,190.0,1577.0
49550,121.0,0.0,0.0,1527.0,119.0,1.0,4.0,228.0
49560,542.0,0.0,0.0,888.0,307.0,1.0,12.0,250.0
49591,0.0,0.0,0.0,13.0,2.0,1342.0,564.0,79.0
49620,10.0,0.0,0.0,588.0,20.0,361.0,268.0,753.0
49642,4.0,0.0,0.0,644.0,113.0,144.0,59.0,1036.0
49668,44.0,0.0,0.0,1.0,25.0,118.0,799.0,1013.0
49671,26.0,0.0,0.0,24.0,16.0,1401.0,15.0,518.0
49692,2000.0,0.0,0.0,0.0,0.0,0.0,0.0,0.0
49696,1809.0,0.0,0.0,187.0,0.0,0.0,0.0,4.0
49741,434.0,0.0,6.0,60.0,222.0,193.0,69.0,1016.0
49760,0.0,0.0,0.0,0.0,8.0,717.0,292.0,983.0
49764,1.0,0.0,0.0,4.0,36.0,848.0,84.0,1027.0
49769,86.0,0.0,10.0,22.0,240.0,19.0,599.0,1024.0
49785,16.0,0.0,0.0,0.0,11.0,327.0,933.0,713.0
49790,0.0,0.0,0.0,0.0,1.0,1380.0,162.0,457.0
49815,4.0,0.0,0.0,2.0,61.0,142.0,219.0,1572.0
49844,1.0,0.0,0.0,6.0,10.0,770.0,320.0,893.0
49853,130.0,0.0,178.0,1115.0,0.0,171.0,208.0,198.0
49861,5.0,0.0,0.0,3.0,41.0,145.0,314.0,1492.0
49892,3.0,0.0,0.0,2.0,25.0,128.0,384.0,1458.0
49900,41.0,0.0,5.0,1942.0,0.0,0.0,3.0,9.0
49929,0.0,0.0,0.0,0.0,2.0,1208.0,10.0,780.0
49938,1.0,0.0,0.0,517.0,72.0,194.0,1.0,1215.0
49950,36.0,0.0,0.0,451.0,74.0,469.0,115.0,855.0
49975,0.0,0.0,0.0,0.0,0.0,679.0,869.0,452.0
49978,4.0,0.0,0.0,3.0,9.0,6.0,1384.0,594.0
49980,1308.0,0.0,0.0,0.0,0.0,0.0,0.0,692.0
50006,1.0,0.0,0.0,0.0,24.0,253.0,180.0,1542.0
50008,9.0,0.0,0.0,44.0,102.0,134.0,297.0,1414.0
50010,944.0,0.0,689.0,124.0,3.0,9.0,47.0,184.0
50011,10.0,0.0,0.0,7.0,97.0,110.0,154.0,1622.0
50030,1.0,0.0,0.0,17.0,11.0,1124.0,34.0,813.0
50100,0.0,0.0,0.0,0.0,1.0,1329.0,166.0,504.0
50102,59.0,0.0,6.0,9.0,21.0,427.0,777.0,701.0
50136,1.0,0.0,0.0,1969.0,8.0,2.0,0.0,20.0
50168,21.0,0.0,1.0,798.0,42.0,421.0,84.0,633.0
50171,0.0,0.0,0.0,0.0,0.0,52.0,0.0,1948.0
50172,165.0,0.0,1.0,103.0,354.0,77.0,137.0,1163.0
50174,49.0,0.0,0.0,0.0,41.0,228.0,463.0,1219.0
50199,3.0,0.0,0.0,1096.0,1.0,162.0,187.0,551.0
50231,248.0,0.0,0.0,1654.0,40.0,0.0,1.0,57.0
50238,488.0,0.0,14.0,1376.0,4.0,0.0,16.0,102.0
50254,170.0,0.0,0.0,307.0,268.0,40.0,88.0,1127.0
50259,15.0,0.0,0.0,146.0,96.0,249.0,85.0,1409.0
50277,0.0,0.0,0.0,0.0,0.0,1998.0,0.0,2.0
50279,1.0,0.0,0.0,0.0,8.0,592.0,124.0,1275.0
50281,0.0,0.0,0.0,3.0,0.0,1964.0,2.0,31.0
50282,635.0,0.0,4.0,43.0,283.0,14.0,114.0,907.0
50283,44.0,0.0,0.0,1954.0,1.0,0.0,0.0,1.0
50294,404.0,0.0,2.0,41.0,421.0,22.0,100.0,1010.0
50330,0.0,0.0,0.0,0.0,6.0,97.0,684.0,1213.0
50335,2.0,0.0,0.0,1.0,9.0,1121.0,186.0,681.0
50355,346.0,0.0,4.0,1536.0,0.0,0.0,1.0,113.0
50379,567.0,0.0,64.0,137.0,16.0,75.0,436.0,705.0
50419,472.0,0.0,19.0,24.0,71.0,94.0,174.0,1146.0
50429,17.0,0.0,1.0,71.0,140.0,183.0,221.0,1367.0
50454,93.0,0.0,1.0,88.0,185.0,91.0,114.0,1428.0
50457,575.0,0.0,18.0,0.0,1.0,413.0,130.0,863.0
50492,0.0,0.0,0.0,0.0,0.0,0.0,0.0,2000.0
50516,15.0,0.0,1.0,8.0,122.0,53.0,111.0,1690.0
50537,36.0,0.0,0.0,156.0,290.0,166.0,21.0,1331.0
50561,15.0,0.0,0.0,102.0,139.0,66.0,140.0,1538.0
50565,0.0,0.0,0.0,1995.0,0.0,4.0,1.0,0.0
50572,53.0,0.0,6.0,333.0,5.0,15.0,1186.0,402.0
50591,172.0,0.0,1.0,1786.0,3.0,0.0,0.0,38.0
50615,0.0,0.0,0.0,0.0,0.0,1939.0,0.0,61.0
50616,499.0,0.0,440.0,327.0,0.0,0.0,171.0,563.0
50635,0.0,0.0,0.0,104.0,0.0,1868.0,0.0,28.0
50636,0.0,0.0,0.0,0.0,0.0,1140.0,54.0,806.0
50642,227.0,0.0,0.0,250.0,556.0,5.0,38.0,924.0
50664,21.0,0.0,0.0,7.0,188.0,75.0,313.0,1396.0
50665,0.0,0.0,0.0,0.0,0.0,364.0,1586.0,50.0
50675,0.0,0.0,0.0,0.0,0.0,1411.0,0.0,589.0
50689,0.0,0.0,0.0,0.0,0.0,2000.0,0.0,0.0
50752,11.0,0.0,1.0,97.0,301.0,22.0,1.0,1567.0
50781,54.0,0.0,1.0,13.0,573.0,2.0,47.0,1310.0
50795,0.0,0.0,0.0,3.0,23.0,570.0,109.0,1295.0
50821,42.0,0.0,0.0,3.0,30.0,238.0,732.0,955.0
50870,1224.0,0.0,111.0,37.0,19.0,76.0,230.0,303.0
50873,238.0,0.0,0.0,1733.0,4.0,0.0,0.0,25.0
50906,0.0,0.0,0.0,0.0,0.0,1991.0,0.0,9.0
50908,0.0,0.0,0.0,327.0,14.0,991.0,76.0,592.0
50909,5.0,0.0,59.0,391.0,0.0,1243.0,89.0,213.0
50929,188.0,0.0,0.0,387.0,109.0,166.0,176.0,974.0
50931,81.0,0.0,0.0,1599.0,103.0,11.0,0.0,206.0
50934,31.0,0.0,0.0,64.0,384.0,4.0,11.0,1506.0
50944,0.0,0.0,0.0,0.0,0.0,848.0,125.0,1027.0
50955,20.0,0.0,2.0,574.0,19.0,447.0,54.0,884.0
50961,13.0,0.0,0.0,85.0,329.0,13.0,3.0,1557.0
51007,1.0,0.0,0.0,0.0,2.0,1399.0,165.0,433.0
51017,1951.0,0.0,0.0,40.0,1.0,0.0,0.0,8.0
51066,9.0,0.0,0.0,6.0,82.0,47.0,165.0,1691.0
51073,0.0,0.0,0.0,2000.0,0.0,0.0,0.0,0.0
51074,1645.0,0.0,48.0,138.0,0.0,0.0,35.0,134.0
51087,0.0,0.0,0.0,0.0,0.0,1876.0,0.0,124.0
51099,0.0,0.0,0.0,1998.0,1.0,1.0,0.0,0.0
51102,704.0,0.0,5.0,0.0,0.0,311.0,0.0,980.0
51132,0.0,0.0,0.0,0.0,11.0,294.0,396.0,1299.0
51157,264.0,0.0,3.0,175.0,329.0,22.0,120.0,1087.0
51183,5.0,0.0,0.0,1.0,18.0,263.0,342.0,1371.0
51186,1998.0,0.0,0.0,0.0,0.0,1.0,0.0,1.0
51240,1965.0,0.0,0.0,1.0,0.0,28.0,5.0,1.0
51254,1.0,0.0,0.0,3.0,26.0,408.0,245.0,1317.0
51264,482.0,0.0,0.0,602.0,263.0,35.0,9.0,609.0
51279,0.0,0.0,0.0,2.0,2.0,422.0,452.0,1122.0
51294,1.0,0.0,0.0,0.0,7.0,950.0,525.0,517.0
51337,1.0,0.0,0.0,1.0,19.0,180.0,586.0,1213.0
51344,162.0,0.0,6.0,505.0,172.0,39.0,3.0,1113.0
51368,124.0,0.0,110.0,0.0,1.0,85.0,1474.0,206.0
51369,4.0,0.0,0.0,58.0,1.0,1235.0,125.0,577.0
51372,20.0,0.0,0.0,13.0,145.0,30.0,173.0,1619.0
51373,0.0,0.0,0.0,0.0,7.0,1362.0,35.0,596.0
51375,7.0,0.0,0.0,35.0,15.0,1883.0,0.0,60.0
51393,1025.0,0.0,0.0,304.0,309.0,3.0,12.0,347.0
51396,0.0,0.0,0.0,1.0,36.0,22.0,49.0,1892.0
51401,16.0,0.0,0.0,1222.0,25.0,4.0,0.0,733.0
51431,455.0,0.0,0.0,1248.0,90.0,0.0,0.0,207.0
51453,1.0,0.0,0.0,0.0,12.0,165.0,270.0,1552.0
51481,0.0,0.0,0.0,1581.0,4.0,115.0,163.0,137.0
51531,359.0,0.0,0.0,1057.0,260.0,0.0,2.0,322.0
51535,0.0,0.0,0.0,32.0,5.0,58.0,1497.0,408.0
51537,0.0,0.0,0.0,0.0,13.0,649.0,116.0,1222.0
51580,202.0,0.0,23.0,1503.0,78.0,24.0,3.0,167.0
51588,713.0,0.0,5.0,36.0,235.0,4.0,8.0,999.0
51604,0.0,0.0,0.0,2000.0,0.0,0.0,0.0,0.0
51607,6.0,0.0,0.0,2.0,42.0,82.0,609.0,1259.0
51621,2000.0,0.0,0.0,0.0,0.0,0.0,0.0,0.0
51625,10.0,0.0,1.0,227.0,0.0,1745.0,0.0,17.0
51675,177.0,0.0,105.0,363.0,19.0,7.0,701.0,628.0
51730,29.0,0.0,2.0,1576.0,31.0,69.0,22.0,271.0
51733,83.0,0.0,0.0,88.0,267.0,19.0,51.0,1492.0
51760,0.0,0.0,0.0,0.0,0.0,1611.0,54.0,335.0
51779,240.0,0.0,4.0,20.0,108.0,213.0,133.0,1282.0
51780,610.0,0.0,7.0,40.0,216.0,62.0,185.0,880.0
51856,322.0,0.0,1.0,740.0,346.0,16.0,6.0,569.0
51885,1419.0,0.0,0.0,0.0,0.0,0.0,0.0,581.0
51886,3.0,0.0,0.0,6.0,130.0,18.0,70.0,1773.0
51889,45.0,0.0,6.0,287.0,294.0,16.0,12.0,1340.0
51903,0.0,0.0,0.0,0.0,2.0,294.0,412.0,1292.0
51914,1963.0,0.0,1.0,23.0,0.0,0.0,0.0,13.0
51916,64.0,0.0,0.0,52.0,190.0,122.0,212.0,1360.0
51917,1.0,0.0,0.0,47.0,8.0,514.0,312.0,1118.0
51919,0.0,0.0,0.0,0.0,0.0,2000.0,0.0,0.0
51930,24.0,0.0,0.0,39.0,116.0,305.0,65.0,1451.0
51939,5.0,0.0,0.0,47.0,160.0,53.0,62.0,1673.0
51958,0.0,0.0,0.0,0.0,4.0,623.0,92.0,1281.0
52045,249.0,0.0,0.0,2.0,87.0,462.0,60.0,1140.0
52050,2.0,0.0,0.0,1723.0,0.0,0.0,250.0,25.0
52056,576.0,0.0,1.0,309.0,418.0,3.0,19.0,674.0
52086,296.0,0.0,8.0,16.0,517.0,18.0,53.0,1092.0
52109,325.0,0.0,1.0,411.0,380.0,37.0,39.0,807.0
52111,0.0,0.0,0.0,205.0,0.0,1727.0,0.0,68.0
52151,15.0,0.0,0.0,6.0,26.0,958.0,352.0,643.0
52158,119.0,0.0,0.0,28.0,666.0,2.0,5.0,1180.0
52210,4.0,0.0,0.0,2.0,16.0,366.0,805.0,807.0
52240,20.0,0.0,0.0,10.0,86.0,145.0,208.0,1531.0
52295,1.0,0.0,1.0,698.0,28.0,759.0,75.0,438.0
52321,20.0,0.0,0.0,37.0,226.0,97.0,101.0,1519.0
52326,132.0,0.0,1.0,1069.0,237.0,26.0,6.0,529.0
52336,1076.0,0.0,10.0,7.0,0.0,486.0,1.0,420.0
52357,3.0,0.0,0.0,105.0,41.0,438.0,182.0,1231.0
52364,840.0,0.0,227.0,290.0,13.0,2.0,371.0,257.0
52367,1.0,0.0,0.0,0.0,0.0,1961.0,4.0,34.0
52369,410.0,0.0,0.0,1589.0,0.0,0.0,0.0,1.0
52394,113.0,0.0,85.0,15.0,1.0,381.0,861.0,544.0
52397,2000.0,0.0,0.0,0.0,0.0,0.0,0.0,0.0
52426,113.0,0.0,0.0,156.0,222.0,55.0,49.0,1405.0
52443,939.0,0.0,0.0,506.0,0.0,0.0,0.0,555.0
52473,0.0,0.0,0.0,0.0,1.0,998.0,11.0,990.0
52492,526.0,0.0,0.0,1216.0,66.0,90.0,9.0,93.0
52499,0.0,0.0,0.0,0.0,4.0,304.0,106.0,1586.0
52518,0.0,0.0,0.0,654.0,0.0,1.0,1061.0,284.0
52537,4.0,0.0,0.0,7.0,65.0,304.0,93.0,1527.0
52558,67.0,0.0,0.0,2.0,45.0,63.0,253.0,1570.0
52594,1411.0,0.0,0.0,267.0,75.0,11.0,0.0,236.0
52595,31.0,0.0,1.0,0.0,4.0,446.0,256.0,1262.0
52653,34.0,0.0,1.0,1716.0,26.0,12.0,19.0,192.0
52704,0.0,0.0,0.0,0.0,2.0,819.0,240.0,939.0
52705,0.0,0.0,0.0,1.0,8.0,298.0,349.0,1344.0
52845,87.0,0.0,0.0,130.0,546.0,4.0,17.0,1216.0
52894,1767.0,0.0,76.0,122.0,0.0,0.0,0.0,35.0
52898,0.0,0.0,0.0,0.0,0.0,0.0,0.0,2000.0
52899,2.0,0.0,0.0,0.0,3.0,884.0,0.0,1111.0
52913,74.0,0.0,1.0,276.0,129.0,123.0,359.0,1038.0
52939,4.0,0.0,0.0,3.0,33.0,449.0,350.0,1161.0
52941,655.0,0.0,7.0,70.0,394.0,5.0,16.0,853.0
52983,0.0,0.0,0.0,0.0,0.0,2000.0,0.0,0.0
52985,0.0,0.0,0.0,2.0,4.0,826.0,358.0,810.0
53033,454.0,0.0,2.0,65.0,407.0,58.0,57.0,957.0
53041,44.0,0.0,4.0,0.0,56.0,41.0,650.0,1205.0
53081,0.0,0.0,0.0,2000.0,0.0,0.0,0.0,0.0
53082,1260.0,0.0,416.0,100.0,0.0,0.0,94.0,130.0
53083,14.0,0.0,0.0,32.0,156.0,182.0,145.0,1471.0
53095,0.0,0.0,0.0,0.0,7.0,208.0,306.0,1479.0
53105,0.0,0.0,0.0,0.0,3.0,1201.0,491.0,305.0
53138,1.0,0.0,0.0,5.0,14.0,1510.0,18.0,452.0
53159,662.0,0.0,40.0,28.0,237.0,146.0,107.0,780.0
53173,0.0,0.0,0.0,0.0,86.0,78.0,0.0,1836.0
53185,0.0,0.0,0.0,0.0,0.0,2000.0,0.0,0.0
53198,15.0,0.0,1.0,0.0,0.0,1645.0,13.0,326.0
53206,32.0,0.0,0.0,597.0,324.0,0.0,0.0,1047.0
53239,0.0,0.0,0.0,2000.0,0.0,0.0,0.0,0.0
53242,1.0,0.0,0.0,1.0,17.0,127.0,544.0,1310.0
53243,108.0,0.0,0.0,1876.0,0.0,0.0,0.0,16.0
53273,0.0,0.0,0.0,17.0,16.0,898.0,115.0,954.0
53314,5.0,0.0,1.0,61.0,28.0,58.0,854.0,993.0
53316,0.0,0.0,0.0,1991.0,0.0,0.0,7.0,2.0
53343,1054.0,0.0,0.0,159.0,241.0,68.0,30.0,448.0
53362,0.0,0.0,0.0,0.0,0.0,2000.0,0.0,0.0
53408,415.0,0.0,29.0,48.0,451.0,3.0,189.0,865.0
53424,0.0,0.0,0.0,1.0,43.0,832.0,51.0,1073.0
53455,894.0,0.0,195.0,431.0,0.0,46.0,247.0,187.0
53476,358.0,0.0,0.0,1192.0,64.0,0.0,0.0,386.0
53487,295.0,0.0,65.0,65.0,93.0,56.0,793.0,633.0
53554,5.0,0.0,0.0,57.0,41.0,692.0,206.0,999.0
53587,4.0,0.0,0.0,0.0,24.0,108.0,533.0,1331.0
53591,2000.0,0.0,0.0,0.0,0.0,0.0,0.0,0.0
53614,2.0,0.0,0.0,1.0,16.0,302.0,415.0,1264.0
53615,362.0,0.0,21.0,1474.0,0.0,0.0,70.0,73.0
53616,4.0,0.0,1.0,2.0,17.0,416.0,354.0,1206.0
53639,189.0,0.0,1.0,772.0,210.0,33.0,60.0,735.0
53643,209.0,0.0,0.0,70.0,237.0,53.0,68.0,1363.0
53644,21.0,0.0,0.0,1.0,24.0,203.0,884.0,867.0
53685,31.0,0.0,1.0,57.0,184.0,11.0,949.0,767.0
53705,93.0,0.0,0.0,19.0,218.0,9.0,685.0,976.0
53708,1.0,0.0,0.0,1.0,26.0,1173.0,79.0,720.0
53710,7.0,0.0,1.0,4.0,41.0,105.0,460.0,1382.0
53717,0.0,0.0,0.0,0.0,0.0,1974.0,11.0,15.0
53729,0.0,0.0,0.0,0.0,4.0,986.0,97.0,913.0
53755,18.0,0.0,0.0,52.0,157.0,51.0,47.0,1675.0
53758,8.0,0.0,0.0,17.0,37.0,1007.0,22.0,909.0
53770,361.0,0.0,2.0,709.0,280.0,0.0,1.0,647.0
53771,1.0,0.0,0.0,3.0,26.0,752.0,44.0,1174.0
53774,0.0,0.0,0.0,2000.0,0.0,0.0,0.0,0.0
53775,32.0,0.0,0.0,8.0,3.0,1703.0,69.0,185.0
53785,15.0,0.0,0.0,46.0,130.0,309.0,208.0,1292.0
53808,127.0,0.0,2.0,1739.0,16.0,3.0,1.0,112.0
53850,196.0,0.0,11.0,171.0,0.0,127.0,1057.0,438.0
53874,0.0,0.0,0.0,81.0,12.0,1222.0,111.0,574.0
53905,0.0,0.0,0.0,0.0,0.0,1944.0,0.0,56.0
53906,273.0,0.0,1.0,259.0,377.0,12.0,14.0,1064.0
53913,513.0,0.0,0.0,0.0,0.0,1266.0,0.0,221.0
53914,12.0,0.0,0.0,90.0,99.0,116.0,41.0,1642.0
53951,0.0,0.0,3.0,299.0,0.0,1393.0,0.0,305.0
54037,0.0,0.0,0.0,0.0,0.0,1471.0,358.0,171.0
54048,0.0,0.0,0.0,0.0,0.0,1990.0,9.0,1.0
54058,64.0,0.0,1.0,36.0,295.0,12.0,267.0,1325.0
54061,1.0,0.0,0.0,13.0,142.0,215.0,8.0,1621.0
54110,1921.0,0.0,2.0,1.0,0.0,47.0,14.0,15.0
54111,3.0,0.0,0.0,6.0,37.0,98.0,300.0,1556.0
54185,1725.0,0.0,0.0,0.0,0.0,4.0,0.0,271.0
54214,0.0,0.0,0.0,0.0,2.0,1944.0,3.0,51.0
54217,180.0,0.0,0.0,145.0,305.0,0.0,30.0,1340.0
54237,1.0,0.0,0.0,2.0,41.0,139.0,135.0,1682.0
54261,14.0,0.0,0.0,1149.0,24.0,648.0,4.0,161.0
54325,0.0,0.0,0.0,51.0,0.0,1790.0,0.0,159.0
54388,0.0,0.0,0.0,0.0,7.0,242.0,258.0,1493.0
54395,2000.0,0.0,0.0,0.0,0.0,0.0,0.0,0.0
54443,0.0,0.0,0.0,1995.0,0.0,0.0,0.0,5.0
54469,64.0,0.0,0.0,852.0,312.0,19.0,9.0,744.0
54506,40.0,0.0,0.0,39.0,365.0,8.0,15.0,1533.0
54536,0.0,0.0,0.0,0.0,0.0,0.0,1999.0,1.0
54537,3.0,0.0,0.0,653.0,39.0,374.0,13.0,918.0
54538,17.0,0.0,0.0,706.0,67.0,233.0,63.0,914.0
54548,1.0,0.0,0.0,1.0,34.0,516.0,22.0,1426.0
54550,107.0,0.0,1.0,48.0,521.0,61.0,52.0,1210.0
54577,0.0,0.0,0.0,0.0,0.0,13.0,1973.0,14.0
54660,166.0,0.0,0.0,10.0,31.0,659.0,229.0,905.0
54803,2.0,0.0,0.0,0.0,1.0,1755.0,30.0,212.0
54804,210.0,0.0,0.0,884.0,25.0,644.0,0.0,237.0
54810,0.0,0.0,0.0,0.0,1.0,1909.0,8.0,82.0
54820,0.0,0.0,0.0,0.0,0.0,1468.0,198.0,334.0
54824,15.0,0.0,0.0,162.0,2.0,686.0,338.0,797.0
54839,29.0,0.0,0.0,7.0,106.0,45.0,216.0,1597.0
54841,80.0,0.0,18.0,739.0,7.0,344.0,54.0,758.0
54850,1113.0,0.0,57.0,14.0,36.0,12.0,693.0,75.0
54879,17.0,0.0,0.0,32.0,115.0,167.0,286.0,1383.0
54894,0.0,0.0,0.0,856.0,0.0,198.0,18.0,928.0
54915,1.0,0.0,0.0,961.0,1.0,1025.0,0.0,12.0
54917,73.0,0.0,0.0,469.0,87.0,222.0,201.0,948.0
54938,2.0,0.0,0.0,75.0,45.0,521.0,35.0,1322.0
54948,15.0,0.0,0.0,60.0,170.0,275.0,42.0,1438.0
54950,1.0,0.0,0.0,1.0,12.0,426.0,364.0,1196.0
54953,180.0,0.0,11.0,953.0,45.0,40.0,8.0,763.0
54954,0.0,0.0,0.0,1995.0,0.0,5.0,0.0,0.0
55036,50.0,0.0,0.0,569.0,85.0,34.0,114.0,1148.0
55051,26.0,0.0,6.0,155.0,12.0,823.0,49.0,929.0
55077,0.0,0.0,0.0,207.0,7.0,657.0,35.0,1094.0
55086,160.0,0.0,0.0,304.0,411.0,14.0,16.0,1095.0
55153,0.0,0.0,0.0,4.0,14.0,418.0,153.0,1411.0
55200,0.0,0.0,0.0,12.0,0.0,1125.0,149.0,714.0
55203,1.0,0.0,0.0,6.0,18.0,1056.0,38.0,881.0
55233,0.0,0.0,0.0,7.0,1.0,1858.0,32.0,102.0
55234,121.0,0.0,2.0,312.0,252.0,226.0,22.0,1065.0
55266,0.0,0.0,0.0,0.0,0.0,2000.0,0.0,0.0
55270,553.0,0.0,5.0,179.0,129.0,10.0,2.0,1122.0
55271,24.0,0.0,0.0,146.0,157.0,115.0,69.0,1489.0
55316,0.0,0.0,0.0,1.0,2.0,309.0,626.0,1062.0
55344,0.0,0.0,0.0,3.0,20.0,687.0,16.0,1274.0
55349,1989.0,0.0,11.0,0.0,0.0,0.0,0.0,0.0
55413,595.0,0.0,0.0,680.0,340.0,1.0,2.0,382.0
55414,0.0,0.0,0.0,0.0,0.0,520.0,1127.0,353.0
55453,0.0,0.0,0.0,0.0,1.0,1175.0,78.0,746.0
55467,246.0,0.0,4.0,206.0,367.0,72.0,70.0,1035.0
55470,69.0,0.0,0.0,1081.0,190.0,113.0,7.0,540.0
55512,0.0,0.0,1.0,0.0,0.0,0.0,1995.0,4.0
55535,19.0,0.0,0.0,57.0,55.0,932.0,209.0,728.0
55537,9.0,0.0,3.0,138.0,0.0,1819.0,17.0,14.0
55605,95.0,0.0,0.0,55.0,478.0,6.0,75.0,1291.0
55610,0.0,0.0,0.0,2.0,1.0,864.0,57.0,1076.0
55699,1699.0,0.0,49.0,4.0,56.0,7.0,18.0,167.0
55727,0.0,0.0,0.0,0.0,0.0,178.0,1738.0,84.0
55733,72.0,0.0,1.0,105.0,486.0,5.0,7.0,1324.0
55745,230.0,0.0,0.0,16.0,0.0,0.0,0.0,1754.0
55763,0.0,0.0,0.0,0.0,13.0,240.0,227.0,1520.0
55765,7.0,0.0,0.0,821.0,160.0,42.0,13.0,957.0
55767,16.0,0.0,1.0,1.0,81.0,175.0,387.0,1339.0
55770,138.0,0.0,0.0,77.0,688.0,5.0,12.0,1080.0
55788,1314.0,0.0,0.0,536.0,74.0,0.0,1.0,75.0
55818,4.0,0.0,0.0,352.0,0.0,1390.0,0.0,254.0
55839,2.0,0.0,0.0,0.0,20.0,396.0,341.0,1241.0
55842,12.0,0.0,0.0,4.0,57.0,472.0,168.0,1287.0
55851,0.0,0.0,0.0,0.0,0.0,1160.0,194.0,646.0
55877,0.0,0.0,0.0,2000.0,0.0,0.0,0.0,0.0
55880,976.0,0.0,0.0,507.0,255.0,2.0,4.0,256.0
55885,83.0,0.0,2.0,361.0,132.0,218.0,67.0,1137.0
55886,6.0,0.0,0.0,0.0,0.0,1976.0,2.0,16.0
55911,0.0,0.0,0.0,0.0,1.0,810.0,511.0,678.0
55930,5.0,0.0,6.0,1642.0,0.0,191.0,61.0,95.0
55966,15.0,0.0,0.0,469.0,26.0,1122.0,0.0,368.0
56064,1346.0,0.0,25.0,12.0,78.0,35.0,89.0,415.0
56065,149.0,0.0,0.0,555.0,428.0,77.0,14.0,777.0
56068,395.0,0.0,18.0,0.0,75.0,963.0,23.0,526.0
56096,30.0,0.0,1.0,375.0,116.0,71.0,93.0,1314.0
56100,46.0,0.0,1.0,160.0,527.0,2.0,1.0,1263.0
56102,263.0,0.0,1.0,228.0,419.0,42.0,39.0,1008.0
56106,95.0,0.0,0.0,1891.0,5.0,0.0,0.0,9.0
56139,2000.0,0.0,0.0,0.0,0.0,0.0,0.0,0.0
56173,88.0,0.0,0.0,304.0,146.0,227.0,26.0,1209.0
56180,0.0,0.0,0.0,21.0,23.0,575.0,261.0,1120.0
56207,513.0,0.0,0.0,4.0,24.0,6.0,1034.0,419.0
56216,1.0,0.0,0.0,349.0,37.0,326.0,199.0,1088.0
56326,0.0,0.0,0.0,0.0,7.0,765.0,393.0,835.0
56329,13.0,0.0,1.0,0.0,10.0,98.0,1163.0,715.0
56332,180.0,0.0,54.0,767.0,3.0,184.0,498.0,314.0
56388,4.0,0.0,0.0,0.0,21.0,573.0,467.0,935.0
56405,0.0,0.0,0.0,0.0,2.0,1822.0,0.0,176.0
56417,4.0,0.0,0.0,0.0,42.0,32.0,382.0,1540.0
56452,0.0,0.0,0.0,0.0,1.0,1279.0,243.0,477.0
56484,19.0,0.0,0.0,10.0,245.0,34.0,132.0,1560.0
56489,645.0,0.0,2.0,288.0,371.0,3.0,3.0,688.0
56498,797.0,0.0,178.0,492.0,0.0,5.0,14.0,514.0
56514,0.0,0.0,0.0,0.0,14.0,501.0,212.0,1273.0
56523,3.0,0.0,0.0,1785.0,18.0,4.0,0.0,190.0
56546,1.0,0.0,0.0,2.0,12.0,291.0,249.0,1445.0
56554,0.0,0.0,0.0,0.0,0.0,2000.0,0.0,0.0
56555,0.0,0.0,3.0,0.0,0.0,0.0,1963.0,34.0
56593,7.0,0.0,0.0,0.0,7.0,465.0,473.0,1048.0
56636,26.0,0.0,0.0,98.0,585.0,1.0,4.0,1286.0
56640,121.0,0.0,2.0,0.0,0.0,1696.0,0.0,181.0
56671,19.0,0.0,18.0,2.0,0.0,1941.0,0.0,20.0
56756,46.0,0.0,0.0,69.0,489.0,2.0,10.0,1384.0
56757,302.0,0.0,92.0,1.0,81.0,165.0,553.0,806.0
56758,2.0,0.0,0.0,2.0,10.0,522.0,393.0,1071.0
56786,3.0,0.0,8.0,1036.0,0.0,575.0,5.0,373.0
56790,37.0,0.0,0.0,31.0,114.0,69.0,497.0,1252.0
56828,38.0,0.0,0.0,10.0,118.0,25.0,228.0,1581.0
56830,190.0,0.0,8.0,1.0,0.0,377.0,107.0,1317.0
56866,137.0,0.0,4.0,30.0,519.0,3.0,34.0,1273.0
56867,70.0,0.0,56.0,0.0,0.0,1229.0,222.0,423.0
56872,54.0,0.0,2.0,1.0,16.0,1707.0,37.0,183.0
56907,21.0,0.0,0.0,95.0,92.0,635.0,92.0,1065.0
56918,1994.0,0.0,0.0,0.0,0.0,0.0,0.0,6.0
56928,0.0,0.0,0.0,1.0,0.0,515.0,6.0,1478.0
56939,36.0,0.0,7.0,1883.0,13.0,1.0,1.0,59.0
56951,5.0,0.0,0.0,1023.0,21.0,383.0,100.0,468.0
57051,2000.0,0.0,0.0,0.0,0.0,0.0,0.0,0.0
57085,283.0,0.0,185.0,1060.0,1.0,0.0,50.0,421.0
57102,43.0,0.0,0.0,18.0,119.0,29.0,136.0,1655.0
57146,0.0,0.0,0.0,0.0,1.0,734.0,870.0,395.0
57148,0.0,0.0,0.0,0.0,0.0,1789.0,128.0,83.0
57182,0.0,0.0,0.0,41.0,0.0,1710.0,17.0,232.0
57222,83.0,0.0,2.0,7.0,40.0,181.0,818.0,869.0
57224,99.0,0.0,0.0,658.0,178.0,338.0,1.0,726.0
57231,142.0,0.0,1.0,167.0,448.0,2.0,1.0,1239.0
57267,0.0,0.0,0.0,0.0,10.0,303.0,220.0,1467.0
57305,0.0,0.0,0.0,141.0,3.0,708.0,556.0,592.0
57322,597.0,0.0,0.0,185.0,477.0,157.0,4.0,580.0
57382,350.0,0.0,392.0,699.0,1.0,2.0,163.0,393.0
57470,344.0,0.0,0.0,314.0,285.0,34.0,11.0,1012.0
57491,0.0,0.0,0.0,2000.0,0.0,0.0,0.0,0.0
57497,1822.0,0.0,0.0,177.0,0.0,0.0,0.0,1.0
57536,90.0,0.0,2.0,35.0,629.0,5.0,17.0,1222.0
57540,1.0,0.0,4.0,1682.0,0.0,234.0,39.0,40.0
57541,179.0,0.0,0.0,130.0,239.0,45.0,80.0,1327.0
57542,887.0,0.0,243.0,6.0,5.0,70.0,417.0,372.0
57555,1745.0,0.0,172.0,0.0,0.0,9.0,53.0,21.0
57567,13.0,0.0,1.0,27.0,107.0,436.0,119.0,1297.0
57581,0.0,0.0,0.0,1288.0,0.0,606.0,73.0,33.0
57606,190.0,0.0,2.0,59.0,350.0,16.0,124.0,1259.0
57607,37.0,0.0,0.0,16.0,79.0,73.0,334.0,1461.0
57647,388.0,0.0,20.0,16.0,330.0,44.0,430.0,772.0
57683,0.0,0.0,0.0,0.0,0.0,0.0,2000.0,0.0
57730,1724.0,0.0,65.0,27.0,0.0,0.0,7.0,177.0
57759,0.0,0.0,0.0,0.0,3.0,701.0,179.0,1117.0
57762,1459.0,0.0,54.0,1.0,10.0,43.0,88.0,345.0
57771,1953.0,0.0,21.0,1.0,0.0,0.0,16.0,9.0
57801,67.0,0.0,0.0,1808.0,25.0,0.0,40.0,60.0
57807,1989.0,0.0,0.0,10.0,0.0,0.0,0.0,1.0
57832,261.0,0.0,9.0,175.0,404.0,33.0,104.0,1014.0
57869,4.0,0.0,0.0,7.0,59.0,272.0,190.0,1468.0
57880,1943.0,0.0,0.0,0.0,0.0,0.0,0.0,57.0
57894,244.0,0.0,4.0,1682.0,0.0,8.0,6.0,56.0
57956,126.0,0.0,0.0,534.0,419.0,0.0,4.0,917.0
57981,257.0,0.0,0.0,52.0,270.0,26.0,212.0,1183.0
58017,934.0,0.0,198.0,714.0,0.0,0.0,0.0,154.0
58092,1012.0,0.0,0.0,653.0,149.0,1.0,2.0,183.0
58119,99.0,0.0,0.0,271.0,521.0,0.0,0.0,1109.0
58121,20.0,0.0,0.0,37.0,22.0,1717.0,8.0,196.0
58177,255.0,0.0,0.0,234.0,263.0,1.0,5.0,1242.0
58207,820.0,0.0,5.0,11.0,117.0,209.0,105.0,733.0
58211,647.0,0.0,2.0,870.0,273.0,0.0,4.0,204.0
58252,3.0,0.0,2.0,0.0,16.0,156.0,647.0,1176.0
58293,166.0,0.0,3.0,66.0,257.0,112.0,5.0,1391.0
58322,199.0,0.0,0.0,18.0,122.0,20.0,626.0,1015.0
58333,1895.0,0.0,17.0,50.0,1.0,3.0,4.0,30.0
58345,4.0,0.0,6.0,2.0,3.0,915.0,425.0,645.0
58364,0.0,0.0,0.0,0.0,0.0,1425.0,112.0,463.0
58365,137.0,0.0,7.0,39.0,22.0,53.0,258.0,1484.0
58372,15.0,0.0,3.0,426.0,0.0,1320.0,57.0,179.0
58399,50.0,0.0,0.0,1.0,22.0,167.0,885.0,875.0
58403,336.0,0.0,2.0,1557.0,0.0,70.0,3.0,32.0
58417,0.0,0.0,0.0,0.0,0.0,200.0,1717.0,83.0
58474,25.0,0.0,0.0,43.0,142.0,211.0,178.0,1401.0
58497,765.0,0.0,0.0,41.0,183.0,33.0,39.0,939.0
58559,0.0,0.0,0.0,347.0,13.0,152.0,36.0,1452.0
58605,21.0,0.0,1.0,1503.0,100.0,38.0,13.0,324.0
58615,1900.0,0.0,5.0,5.0,2.0,62.0,0.0,26.0
58676,2.0,0.0,0.0,1.0,23.0,604.0,58.0,1312.0
58677,37.0,0.0,0.0,104.0,448.0,1.0,3.0,1407.0
58690,0.0,0.0,0.0,0.0,2.0,1680.0,39.0,279.0
58713,0.0,0.0,0.0,6.0,5.0,791.0,167.0,1031.0
58800,0.0,0.0,0.0,2000.0,0.0,0.0,0.0,0.0
58827,610.0,0.0,1.0,158.0,204.0,34.0,94.0,899.0
58842,19.0,0.0,0.0,1202.0,68.0,61.0,14.0,636.0
58860,0.0,0.0,0.0,0.0,0.0,1946.0,33.0,21.0
58861,164.0,0.0,161.0,448.0,0.0,0.0,412.0,815.0
58862,0.0,0.0,0.0,0.0,0.0,694.0,327.0,979.0
58895,0.0,0.0,0.0,0.0,12.0,1033.0,71.0,884.0
58934,1109.0,0.0,2.0,173.0,328.0,21.0,4.0,363.0
58944,0.0,0.0,0.0,0.0,13.0,526.0,100.0,1361.0
58956,410.0,0.0,5.0,26.0,630.0,450.0,36.0,443.0
58968,7.0,0.0,0.0,1.0,3.0,491.0,751.0,747.0
58970,7.0,0.0,0.0,439.0,11.0,1341.0,1.0,201.0
59003,4.0,0.0,0.0,4.0,40.0,122.0,207.0,1623.0
59009,1.0,0.0,0.0,0.0,2.0,259.0,621.0,1117.0
59045,797.0,0.0,0.0,997.0,0.0,65.0,0.0,141.0
59063,9.0,0.0,0.0,1989.0,0.0,0.0,0.0,2.0
59065,0.0,0.0,0.0,0.0,0.0,1998.0,0.0,2.0
59088,0.0,0.0,0.0,0.0,1.0,1751.0,23.0,225.0
59095,20.0,0.0,1.0,4.0,50.0,291.0,268.0,1366.0
59130,96.0,0.0,0.0,613.0,230.0,2.0,0.0,1059.0
59168,30.0,0.0,17.0,0.0,0.0,1780.0,0.0,173.0
59171,3.0,0.0,0.0,0.0,21.0,507.0,229.0,1240.0
59182,110.0,0.0,1.0,7.0,102.0,1330.0,6.0,444.0
59208,3.0,0.0,0.0,0.0,4.0,340.0,1239.0,414.0
59209,269.0,0.0,2.0,676.0,508.0,2.0,8.0,535.0
59246,15.0,0.0,0.0,1.0,45.0,175.0,587.0,1177.0
59287,4.0,0.0,0.0,95.0,58.0,626.0,167.0,1050.0
59319,70.0,0.0,0.0,2.0,82.0,28.0,250.0,1568.0
59324,0.0,0.0,0.0,0.0,0.0,2000.0,0.0,0.0
59398,0.0,0.0,0.0,0.0,0.0,701.0,582.0,717.0
59405,63.0,0.0,0.0,12.0,22.0,334.0,516.0,1053.0
59431,262.0,0.0,5.0,21.0,290.0,7.0,24.0,1391.0
59470,2.0,0.0,0.0,2.0,16.0,419.0,201.0,1360.0
59480,0.0,0.0,0.0,1.0,1.0,770.0,94.0,1134.0
59545,78.0,0.0,0.0,672.0,111.0,512.0,71.0,556.0
59549,6.0,0.0,0.0,775.0,16.0,739.0,35.0,429.0
59620,0.0,0.0,0.0,53.0,3.0,1588.0,39.0,317.0
59658,13.0,0.0,0.0,211.0,396.0,1.0,0.0,1379.0
59668,232.0,0.0,0.0,78.0,162.0,74.0,145.0,1309.0
59699,11.0,0.0,0.0,25.0,28.0,442.0,560.0,934.0
59705,3.0,0.0,0.0,43.0,3.0,1688.0,27.0,236.0
59733,217.0,0.0,0.0,872.0,515.0,6.0,11.0,379.0
59737,6.0,0.0,4.0,61.0,3.0,1264.0,213.0,449.0
59739,124.0,0.0,0.0,112.0,304.0,23.0,56.0,1381.0
59767,149.0,0.0,0.0,638.0,395.0,13.0,9.0,796.0
59768,0.0,0.0,0.0,1.0,1.0,1114.0,138.0,746.0
59770,15.0,0.0,6.0,1637.0,0.0,186.0,1.0,155.0
59792,8.0,0.0,0.0,1496.0,0.0,431.0,0.0,65.0
59809,0.0,0.0,0.0,12.0,0.0,1982.0,0.0,6.0
59812,1801.0,0.0,27.0,138.0,3.0,1.0,0.0,30.0
59816,0.0,0.0,0.0,0.0,2.0,1076.0,104.0,818.0
59841,7.0,0.0,0.0,3.0,38.0,333.0,232.0,1387.0
59920,14.0,0.0,1.0,96.0,128.0,105.0,46.0,1610.0
59925,280.0,0.0,3.0,33.0,102.0,212.0,540.0,830.0
59936,173.0,0.0,24.0,517.0,150.0,141.0,172.0,823.0
59964,0.0,0.0,0.0,0.0,5.0,416.0,176.0,1403.0
60003,21.0,0.0,2.0,21.0,48.0,300.0,372.0,1236.0
60013,16.0,0.0,9.0,0.0,1.0,0.0,1904.0,70.0
60030,11.0,0.0,0.0,380.0,29.0,210.0,0.0,1370.0
60042,933.0,0.0,2.0,778.0,3.0,119.0,0.0,165.0
60086,0.0,0.0,0.0,13.0,11.0,590.0,207.0,1179.0
60120,14.0,0.0,0.0,6.0,142.0,47.0,99.0,1692.0
60121,3.0,0.0,0.0,4.0,61.0,182.0,106.0,1644.0
60122,0.0,0.0,0.0,0.0,0.0,1949.0,3.0,48.0
60160,163.0,0.0,7.0,76.0,132.0,188.0,284.0,1150.0
60164,0.0,0.0,0.0,0.0,10.0,604.0,372.0,1014.0
60211,6.0,0.0,0.0,0.0,27.0,215.0,240.0,1512.0
60221,1336.0,0.0,15.0,17.0,86.0,84.0,32.0,430.0
60238,24.0,0.0,0.0,10.0,117.0,291.0,249.0,1309.0
60243,14.0,0.0,0.0,53.0,194.0,87.0,124.0,1528.0
60280,37.0,0.0,2.0,61.0,49.0,561.0,91.0,1199.0
60295,1.0,0.0,0.0,0.0,37.0,986.0,25.0,951.0
60297,0.0,0.0,0.0,0.0,0.0,2000.0,0.0,0.0
60309,1430.0,0.0,0.0,537.0,0.0,0.0,0.0,33.0
60322,2.0,0.0,0.0,235.0,8.0,841.0,146.0,768.0
60365,5.0,0.0,1.0,64.0,113.0,173.0,29.0,1615.0
60403,5.0,0.0,0.0,0.0,42.0,68.0,270.0,1615.0
60437,18.0,0.0,1.0,152.0,64.0,120.0,110.0,1535.0
60438,1996.0,0.0,0.0,0.0,0.0,2.0,0.0,2.0
60439,134.0,0.0,14.0,834.0,16.0,378.0,80.0,544.0
60442,0.0,0.0,0.0,82.0,2.0,267.0,846.0,803.0
60457,1169.0,0.0,0.0,810.0,0.0,0.0,0.0,21.0
60478,0.0,0.0,0.0,2000.0,0.0,0.0,0.0,0.0
60483,0.0,0.0,0.0,11.0,23.0,655.0,139.0,1172.0
60488,1.0,0.0,0.0,0.0,9.0,240.0,335.0,1415.0
60496,1.0,0.0,0.0,1.0,3.0,495.0,263.0,1237.0
60508,772.0,0.0,45.0,5.0,16.0,64.0,887.0,211.0
60515,30.0,0.0,0.0,10.0,128.0,336.0,158.0,1338.0
60527,0.0,0.0,0.0,0.0,2.0,1150.0,476.0,372.0
60558,189.0,0.0,1.0,1644.0,0.0,128.0,0.0,38.0
60566,16.0,0.0,0.0,2.0,123.0,172.0,284.0,1403.0
60572,33.0,0.0,0.0,1949.0,2.0,0.0,0.0,16.0
60584,153.0,0.0,0.0,1814.0,0.0,0.0,0.0,33.0
60585,554.0,0.0,19.0,148.0,118.0,219.0,137.0,805.0
60602,121.0,0.0,5.0,1.0,13.0,1404.0,37.0,419.0
60624,131.0,0.0,3.0,172.0,350.0,31.0,114.0,1199.0
60636,11.0,0.0,0.0,238.0,51.0,383.0,232.0,1085.0
60699,285.0,0.0,0.0,623.0,14.0,764.0,5.0,309.0
60707,131.0,0.0,2.0,38.0,266.0,50.0,188.0,1325.0
60743,0.0,0.0,0.0,1.0,0.0,1208.0,232.0,559.0
60796,2.0,0.0,0.0,1.0,20.0,385.0,129.0,1463.0
60814,0.0,0.0,0.0,5.0,9.0,1171.0,70.0,745.0
60848,909.0,0.0,2.0,242.0,85.0,73.0,107.0,582.0
60888,4.0,0.0,0.0,3.0,63.0,84.0,237.0,1609.0
60889,0.0,0.0,0.0,0.0,1.0,372.0,864.0,763.0
60891,11.0,0.0,0.0,9.0,95.0,152.0,227.0,1506.0
60905,73.0,0.0,12.0,1568.0,10.0,40.0,129.0,168.0
60962,127.0,0.0,1.0,41.0,302.0,20.0,194.0,1315.0
60966,8.0,0.0,0.0,1.0,15.0,65.0,846.0,1065.0
60978,2000.0,0.0,0.0,0.0,0.0,0.0,0.0,0.0
60999,37.0,0.0,0.0,34.0,159.0,59.0,160.0,1551.0
61052,1999.0,0.0,0.0,0.0,0.0,1.0,0.0,0.0
61069,894.0,0.0,5.0,911.0,13.0,0.0,6.0,171.0
61103,620.0,0.0,18.0,980.0,37.0,94.0,16.0,235.0
61149,316.0,0.0,0.0,1256.0,268.0,1.0,12.0,147.0
61184,0.0,0.0,0.0,1.0,13.0,596.0,323.0,1067.0
61305,19.0,0.0,0.0,117.0,384.0,5.0,0.0,1475.0
61341,1143.0,0.0,1.0,234.0,99.0,61.0,10.0,452.0
61355,4.0,0.0,0.0,53.0,45.0,960.0,60.0,878.0
61379,0.0,0.0,0.0,1.0,17.0,829.0,182.0,971.0
61384,0.0,0.0,0.0,994.0,9.0,187.0,43.0,767.0
61417,5.0,0.0,0.0,7.0,0.0,1952.0,0.0,36.0
61423,1.0,0.0,25.0,0.0,0.0,841.0,398.0,735.0
61450,496.0,0.0,0.0,1188.0,190.0,1.0,3.0,122.0
61463,0.0,0.0,0.0,0.0,1.0,1826.0,1.0,172.0
61479,1049.0,0.0,10.0,738.0,135.0,1.0,7.0,60.0
61487,29.0,0.0,17.0,0.0,2.0,65.0,1717.0,170.0
61520,0.0,0.0,0.0,0.0,7.0,110.0,704.0,1179.0
61526,55.0,0.0,1.0,6.0,183.0,54.0,287.0,1414.0
61635,112.0,0.0,0.0,30.0,579.0,0.0,6.0,1273.0
61659,0.0,0.0,0.0,1846.0,2.0,92.0,14.0,46.0
61704,1066.0,0.0,211.0,474.0,0.0,7.0,130.0,112.0
61722,1.0,0.0,0.0,1999.0,0.0,0.0,0.0,0.0
61742,101.0,0.0,1.0,615.0,155.0,145.0,129.0,854.0
61743,0.0,0.0,0.0,0.0,0.0,817.0,820.0,363.0
61746,32.0,0.0,2.0,1662.0,0.0,161.0,49.0,94.0
61754,0.0,0.0,0.0,0.0,0.0,1922.0,0.0,78.0
61796,243.0,0.0,58.0,52.0,711.0,3.0,55.0,878.0
61816,60.0,0.0,0.0,668.0,128.0,30.0,0.0,1114.0
61819,3.0,0.0,0.0,4.0,69.0,181.0,86.0,1657.0
61858,55.0,0.0,26.0,1239.0,0.0,0.0,635.0,45.0
61861,60.0,0.0,10.0,3.0,11.0,175.0,1102.0,639.0
61874,114.0,0.0,0.0,1.0,2.0,19.0,1087.0,777.0
68480,0.0,0.0,0.0,0.0,2.0,1094.0,317.0,587.0
68482,0.0,0.0,0.0,221.0,9.0,368.0,740.0,662.0
68483,0.0,0.0,0.0,59.0,2.0,1144.0,170.0,625.0
68486,462.0,0.0,2.0,43.0,76.0,178.0,96.0,1143.0
68487,209.0,0.0,0.0,366.0,487.0,27.0,18.0,893.0
68488,1598.0,0.0,0.0,161.0,125.0,0.0,2.0,114.0
68490,0.0,0.0,0.0,0.0,0.0,109.0,1770.0,121.0
68496,0.0,0.0,0.0,0.0,0.0,0.0,1997.0,3.0
68497,0.0,0.0,0.0,6.0,0.0,887.0,554.0,553.0
68500,0.0,0.0,0.0,0.0,0.0,0.0,2000.0,0.0
68501,32.0,0.0,2.0,8.0,42.0,142.0,568.0,1206.0
68502,0.0,0.0,0.0,0.0,0.0,1783.0,97.0,120.0
68506,0.0,0.0,0.0,0.0,0.0,57.0,1902.0,41.0
68509,460.0,0.0,4.0,778.0,354.0,13.0,11.0,380.0
68513,0.0,0.0,0.0,0.0,0.0,50.0,1925.0,25.0
68516,0.0,0.0,0.0,0.0,0.0,1859.0,66.0,75.0
68522,0.0,0.0,0.0,0.0,0.0,353.0,1115.0,532.0
68527,0.0,0.0,0.0,0.0,0.0,0.0,2000.0,0.0
68529,6.0,0.0,0.0,6.0,50.0,129.0,94.0,1715.0
68533,0.0,0.0,0.0,0.0,0.0,0.0,2000.0,0.0
68537,1343.0,0.0,23.0,326.0,65.0,1.0,23.0,219.0
68538,0.0,0.0,0.0,0.0,0.0,0.0,2000.0,0.0
68540,0.0,0.0,0.0,0.0,0.0,188.0,1724.0,88.0
68541,0.0,0.0,0.0,0.0,0.0,0.0,1999.0,1.0
68543,0.0,0.0,0.0,0.0,0.0,1999.0,0.0,1.0
68546,4.0,0.0,0.0,0.0,2.0,62.0,1755.0,177.0
68548,0.0,0.0,0.0,0.0,0.0,1934.0,19.0,47.0
68550,0.0,0.0,0.0,0.0,2.0,202.0,1182.0,614.0
68551,425.0,0.0,0.0,500.0,248.0,43.0,30.0,754.0
68565,0.0,0.0,0.0,0.0,0.0,0.0,2000.0,0.0
68570,0.0,0.0,0.0,0.0,2.0,1038.0,423.0,537.0
68572,0.0,0.0,0.0,0.0,0.0,0.0,100.0,1900.0
68574,71.0,0.0,0.0,10.0,90.0,187.0,270.0,1372.0
68577,28.0,0.0,1.0,1903.0,29.0,0.0,0.0,39.0
68590,1.0,0.0,0.0,2.0,24.0,98.0,218.0,1657.0
68591,1.0,0.0,0.0,0.0,13.0,105.0,906.0,975.0
68592,0.0,0.0,0.0,337.0,1.0,399.0,70.0,1193.0
68596,1.0,0.0,0.0,2.0,23.0,206.0,256.0,1512.0
68601,0.0,0.0,0.0,2.0,19.0,253.0,280.0,1446.0
68602,0.0,0.0,0.0,1.0,19.0,284.0,397.0,1299.0
68603,419.0,0.0,1.0,660.0,372.0,8.0,13.0,527.0
68606,0.0,0.0,0.0,0.0,0.0,2.0,1997.0,1.0
68613,0.0,0.0,0.0,0.0,0.0,1998.0,1.0,1.0
68615,1781.0,0.0,0.0,202.0,0.0,0.0,0.0,17.0
68619,0.0,0.0,0.0,2000.0,0.0,0.0,0.0,0.0
68620,0.0,0.0,0.0,0.0,0.0,1227.0,376.0,397.0
68621,0.0,0.0,0.0,0.0,0.0,1203.0,478.0,319.0
68624,8.0,0.0,0.0,1990.0,0.0,0.0,0.0,2.0
68625,0.0,0.0,0.0,0.0,0.0,1998.0,0.0,2.0
68626,724.0,0.0,1.0,181.0,202.0,51.0,18.0,823.0
68634,0.0,0.0,0.0,0.0,0.0,0.0,1999.0,1.0
68636,0.0,0.0,0.0,0.0,2.0,163.0,187.0,1648.0
68637,1146.0,0.0,0.0,249.0,222.0,5.0,3.0,375.0
68639,150.0,0.0,0.0,360.0,489.0,15.0,7.0,979.0
68643,491.0,0.0,7.0,370.0,524.0,26.0,14.0,568.0
68645,307.0,0.0,0.0,1690.0,0.0,0.0,0.0,3.0
68646,0.0,0.0,0.0,0.0,2.0,762.0,530.0,706.0
68649,0.0,0.0,0.0,1312.0,0.0,0.0,686.0,2.0
68651,150.0,0.0,0.0,23.0,125.0,13.0,3.0,1686.0
68653,674.0,0.0,1.0,114.0,314.0,33.0,20.0,844.0
68654,0.0,0.0,0.0,0.0,1.0,1273.0,314.0,412.0
68655,0.0,0.0,0.0,0.0,0.0,1995.0,0.0,5.0
68657,0.0,0.0,0.0,0.0,0.0,0.0,1996.0,4.0
68659,0.0,0.0,0.0,0.0,0.0,1.0,1999.0,0.0
68661,1983.0,0.0,0.0,15.0,0.0,0.0,0.0,2.0
68662,0.0,0.0,0.0,0.0,0.0,901.0,863.0,236.0
68670,17.0,0.0,0.0,11.0,63.0,110.0,311.0,1488.0
68674,6.0,0.0,1.0,0.0,5.0,193.0,1264.0,531.0
68675,0.0,0.0,0.0,7.0,30.0,182.0,78.0,1703.0
68676,12.0,0.0,16.0,5.0,1.0,104.0,1661.0,201.0
68679,0.0,0.0,0.0,0.0,0.0,0.0,2000.0,0.0
68680,439.0,0.0,0.0,842.0,169.0,24.0,6.0,520.0
68682,0.0,0.0,0.0,0.0,0.0,8.0,1989.0,3.0
68687,1.0,0.0,0.0,0.0,13.0,153.0,387.0,1446.0
68688,36.0,0.0,1.0,7.0,58.0,216.0,266.0,1416.0
68689,0.0,0.0,0.0,0.0,0.0,0.0,1994.0,6.0
68692,0.0,0.0,0.0,0.0,0.0,0.0,2000.0,0.0
68696,0.0,0.0,0.0,0.0,0.0,12.0,1971.0,17.0
68697,2000.0,0.0,0.0,0.0,0.0,0.0,0.0,0.0
68699,13.0,0.0,4.0,0.0,0.0,0.0,1970.0,13.0
68700,0.0,0.0,0.0,14.0,0.0,1765.0,91.0,130.0
68701,0.0,0.0,0.0,0.0,0.0,65.0,1896.0,39.0
68703,0.0,0.0,0.0,0.0,0.0,2000.0,0.0,0.0
68704,0.0,0.0,0.0,0.0,0.0,158.0,1709.0,133.0
68705,68.0,0.0,2.0,4.0,33.0,236.0,498.0,1159.0
68706,0.0,0.0,0.0,0.0,7.0,187.0,468.0,1338.0
68707,0.0,0.0,0.0,0.0,0.0,2000.0,0.0,0.0
68708,200.0,0.0,0.0,257.0,231.0,13.0,1.0,1298.0
68709,0.0,0.0,0.0,0.0,0.0,0.0,2000.0,0.0
68712,0.0,0.0,0.0,0.0,0.0,680.0,717.0,603.0
68713,15.0,0.0,0.0,5.0,21.0,494.0,275.0,1190.0
68714,0.0,0.0,0.0,0.0,0.0,0.0,2000.0,0.0
68715,1767.0,0.0,0.0,192.0,0.0,0.0,0.0,41.0
68719,0.0,0.0,0.0,0.0,0.0,0.0,1999.0,1.0
68723,1.0,0.0,0.0,2.0,24.0,60.0,247.0,1666.0
68728,0.0,0.0,0.0,0.0,0.0,0.0,1999.0,1.0
68731,3.0,0.0,0.0,0.0,27.0,72.0,274.0,1624.0
68733,0.0,0.0,0.0,0.0,0.0,2000.0,0.0,0.0
68734,0.0,0.0,0.0,2.0,10.0,389.0,150.0,1449.0
68735,111.0,0.0,0.0,546.0,198.0,33.0,19.0,1093.0
68738,0.0,0.0,0.0,0.0,1.0,357.0,652.0,990.0
68740,0.0,0.0,0.0,0.0,0.0,0.0,2000.0,0.0
68742,787.0,0.0,0.0,678.0,0.0,0.0,0.0,535.0
68751,2000.0,0.0,0.0,0.0,0.0,0.0,0.0,0.0
68756,0.0,0.0,0.0,0.0,0.0,1087.0,656.0,257.0
68757,0.0,0.0,0.0,0.0,0.0,0.0,2000.0,0.0
68758,273.0,0.0,2.0,588.0,558.0,86.0,19.0,474.0
68761,0.0,0.0,0.0,0.0,0.0,872.0,897.0,231.0
68763,124.0,0.0,0.0,160.0,368.0,0.0,6.0,1342.0
68764,2.0,0.0,0.0,3.0,40.0,81.0,183.0,1691.0
68767,0.0,0.0,0.0,0.0,0.0,0.0,2000.0,0.0
68771,12.0,0.0,0.0,300.0,80.0,171.0,107.0,1330.0
68772,894.0,0.0,1.0,194.0,324.0,40.0,5.0,542.0
68777,0.0,0.0,0.0,0.0,0.0,365.0,349.0,1286.0
68782,12.0,0.0,0.0,0.0,21.0,151.0,634.0,1182.0
68783,2.0,0.0,0.0,11.0,54.0,88.0,99.0,1746.0
68787,0.0,0.0,0.0,0.0,0.0,0.0,2000.0,0.0
68788,618.0,0.0,4.0,104.0,305.0,20.0,37.0,912.0
68790,11.0,0.0,0.0,1985.0,0.0,0.0,0.0,4.0
68791,1.0,0.0,0.0,0.0,5.0,622.0,255.0,1117.0
68792,8.0,0.0,56.0,1.0,4.0,27.0,1748.0,156.0
68798,169.0,0.0,0.0,540.0,117.0,29.0,7.0,1138.0
68799,0.0,0.0,0.0,710.0,7.0,411.0,155.0,717.0
68800,0.0,0.0,0.0,0.0,0.0,2000.0,0.0,0.0
68802,0.0,0.0,0.0,2000.0,0.0,0.0,0.0,0.0
68808,0.0,0.0,0.0,1.0,3.0,474.0,473.0,1049.0
68810,1.0,0.0,0.0,0.0,0.0,1174.0,408.0,417.0
68811,34.0,0.0,0.0,23.0,195.0,40.0,144.0,1564.0
68813,10.0,0.0,1.0,10.0,56.0,195.0,299.0,1429.0
68817,0.0,0.0,0.0,0.0,0.0,465.0,1180.0,355.0
68819,0.0,0.0,0.0,1961.0,12.0,0.0,0.0,27.0
68821,0.0,0.0,0.0,0.0,0.0,2000.0,0.0,0.0
68822,272.0,0.0,0.0,748.0,570.0,1.0,24.0,385.0
68826,405.0,0.0,0.0,137.0,236.0,64.0,5.0,1153.0
68828,0.0,0.0,0.0,0.0,0.0,0.0,2000.0,0.0
68830,0.0,0.0,0.0,10.0,7.0,773.0,58.0,1152.0
68841,0.0,0.0,0.0,0.0,0.0,1659.0,36.0,305.0
68849,0.0,0.0,0.0,0.0,0.0,414.0,1403.0,183.0
68851,56.0,0.0,52.0,37.0,154.0,36.0,194.0,1471.0
68852,168.0,0.0,1.0,539.0,730.0,5.0,14.0,543.0
68853,0.0,0.0,0.0,4.0,52.0,43.0,116.0,1785.0
68861,0.0,0.0,0.0,0.0,0.0,2000.0,0.0,0.0
68862,1308.0,0.0,3.0,525.0,12.0,1.0,0.0,151.0
68866,1.0,0.0,0.0,1.0,10.0,755.0,286.0,947.0
68867,0.0,0.0,0.0,0.0,0.0,0.0,2000.0,0.0
68871,0.0,0.0,0.0,2000.0,0.0,0.0,0.0,0.0
68874,0.0,0.0,0.0,0.0,0.0,29.0,1936.0,35.0
68876,90.0,0.0,0.0,693.0,56.0,288.0,4.0,869.0
68880,448.0,0.0,0.0,42.0,130.0,23.0,14.0,1343.0
68887,1.0,0.0,0.0,0.0,17.0,235.0,436.0,1311.0
68889,0.0,0.0,0.0,1979.0,0.0,0.0,21.0,0.0
68894,145.0,0.0,0.0,173.0,123.0,478.0,132.0,949.0
68896,0.0,0.0,0.0,0.0,0.0,0.0,2000.0,0.0
68899,0.0,0.0,0.0,11.0,18.0,109.0,308.0,1554.0
68906,0.0,0.0,0.0,4.0,9.0,432.0,701.0,854.0
68908,11.0,0.0,0.0,5.0,147.0,28.0,163.0,1646.0
68909,7.0,0.0,0.0,1.0,33.0,115.0,273.0,1571.0
68913,0.0,0.0,0.0,0.0,0.0,0.0,2000.0,0.0
68915,5.0,0.0,0.0,1.0,18.0,129.0,159.0,1688.0
68916,4.0,0.0,0.0,6.0,27.0,167.0,111.0,1685.0
68917,0.0,0.0,0.0,2000.0,0.0,0.0,0.0,0.0
68919,0.0,0.0,0.0,0.0,5.0,323.0,859.0,813.0
68923,0.0,0.0,0.0,33.0,23.0,424.0,354.0,1166.0
68925,1.0,0.0,0.0,0.0,27.0,180.0,275.0,1517.0
68926,0.0,0.0,0.0,2000.0,0.0,0.0,0.0,0.0
68927,0.0,0.0,0.0,3.0,1.0,741.0,215.0,1040.0
68928,0.0,0.0,0.0,1.0,9.0,437.0,324.0,1229.0
68939,0.0,0.0,0.0,0.0,0.0,1820.0,0.0,180.0
68942,2.0,0.0,2.0,435.0,3.0,311.0,349.0,898.0
68944,1429.0,0.0,0.0,48.0,18.0,0.0,0.0,505.0
68947,0.0,0.0,0.0,0.0,1.0,345.0,1122.0,532.0
68948,0.0,0.0,0.0,347.0,9.0,213.0,64.0,1367.0
68950,5.0,0.0,0.0,4.0,21.0,114.0,387.0,1469.0
68956,267.0,0.0,8.0,171.0,204.0,55.0,90.0,1205.0
68965,9.0,0.0,0.0,0.0,4.0,107.0,1689.0,191.0
68966,0.0,0.0,0.0,0.0,0.0,31.0,1955.0,14.0
68968,0.0,0.0,0.0,0.0,0.0,2000.0,0.0,0.0
68970,2000.0,0.0,0.0,0.0,0.0,0.0,0.0,0.0
68974,0.0,0.0,0.0,0.0,0.0,0.0,1999.0,1.0
68977,0.0,0.0,0.0,0.0,0.0,551.0,982.0,467.0
68979,240.0,0.0,12.0,611.0,718.0,2.0,37.0,380.0
68980,1531.0,0.0,0.0,432.0,0.0,0.0,0.0,37.0
68982,0.0,0.0,0.0,58.0,8.0,751.0,157.0,1026.0
68985,1.0,0.0,0.0,579.0,1.0,199.0,343.0,877.0
68987,163.0,0.0,1.0,332.0,989.0,7.0,30.0,478.0
68995,451.0,0.0,1.0,260.0,372.0,14.0,9.0,893.0
68996,0.0,0.0,0.0,0.0,0.0,0.0,2000.0,0.0
68997,165.0,0.0,6.0,281.0,181.0,131.0,55.0,1181.0
69001,1.0,0.0,0.0,1996.0,0.0,0.0,0.0,3.0
69002,0.0,0.0,0.0,0.0,0.0,0.0,2000.0,0.0
69005,328.0,0.0,0.0,210.0,236.0,93.0,13.0,1120.0
69007,42.0,0.0,0.0,1958.0,0.0,0.0,0.0,0.0
69008,0.0,0.0,0.0,0.0,0.0,860.0,313.0,827.0
69009,0.0,0.0,0.0,2000.0,0.0,0.0,0.0,0.0
69013,0.0,0.0,0.0,0.0,0.0,69.0,1874.0,57.0
69015,58.0,0.0,0.0,1252.0,195.0,0.0,1.0,494.0
69016,0.0,0.0,0.0,0.0,0.0,2000.0,0.0,0.0
69020,1633.0,0.0,0.0,347.0,0.0,0.0,0.0,20.0
69026,0.0,0.0,0.0,161.0,17.0,117.0,34.0,1671.0
69027,1.0,0.0,0.0,1.0,12.0,344.0,507.0,1135.0
69030,0.0,0.0,0.0,42.0,2.0,31.0,1682.0,243.0
69034,105.0,0.0,0.0,425.0,135.0,40.0,3.0,1292.0
69037,537.0,0.0,1.0,355.0,321.0,15.0,7.0,764.0
69039,0.0,0.0,0.0,0.0,0.0,1772.0,109.0,119.0
69041,1646.0,0.0,0.0,285.0,26.0,0.0,1.0,42.0
69050,4.0,0.0,0.0,0.0,3.0,354.0,967.0,672.0
69053,0.0,0.0,0.0,0.0,0.0,0.0,2000.0,0.0
69054,0.0,0.0,0.0,0.0,0.0,1662.0,2.0,336.0
69056,10.0,0.0,0.0,160.0,27.0,611.0,511.0,681.0
69059,344.0,0.0,9.0,143.0,667.0,50.0,76.0,711.0
69061,0.0,0.0,0.0,2000.0,0.0,0.0,0.0,0.0
69062,2.0,0.0,0.0,1.0,4.0,355.0,1223.0,415.0
69064,271.0,0.0,0.0,22.0,147.0,30.0,39.0,1491.0
69068,3.0,0.0,0.0,0.0,3.0,674.0,480.0,840.0
69069,652.0,0.0,0.0,805.0,86.0,1.0,1.0,455.0
69074,0.0,0.0,0.0,2000.0,0.0,0.0,0.0,0.0
69079,0.0,0.0,0.0,0.0,2.0,616.0,422.0,960.0
69082,650.0,0.0,0.0,1318.0,0.0,0.0,0.0,32.0
69088,599.0,0.0,0.0,1356.0,6.0,0.0,0.0,39.0
69089,528.0,0.0,0.0,1139.0,169.0,0.0,8.0,156.0
69090,0.0,0.0,0.0,139.0,17.0,246.0,22.0,1576.0
69091,20.0,0.0,2.0,0.0,13.0,94.0,1393.0,478.0
69093,0.0,0.0,0.0,0.0,1.0,1080.0,662.0,257.0
69096,1671.0,0.0,0.0,280.0,0.0,0.0,0.0,49.0
69098,184.0,0.0,0.0,915.0,131.0,22.0,2.0,746.0
69100,0.0,0.0,0.0,0.0,0.0,0.0,2000.0,0.0
69101,0.0,0.0,0.0,2000.0,0.0,0.0,0.0,0.0
69104,737.0,0.0,2.0,219.0,347.0,30.0,8.0,657.0
69105,3.0,0.0,0.0,0.0,13.0,258.0,498.0,1228.0
69106,249.0,0.0,0.0,78.0,202.0,67.0,56.0,1348.0
69112,0.0,0.0,0.0,0.0,0.0,2000.0,0.0,0.0
69113,47.0,0.0,0.0,14.0,98.0,93.0,182.0,1566.0
69115,650.0,0.0,1.0,242.0,277.0,0.0,2.0,828.0
69116,3.0,0.0,0.0,7.0,14.0,584.0,464.0,928.0
69118,0.0,0.0,0.0,0.0,0.0,1993.0,0.0,7.0
69120,1.0,0.0,0.0,0.0,14.0,370.0,571.0,1044.0
69121,87.0,0.0,0.0,18.0,84.0,163.0,163.0,1485.0
69126,2.0,0.0,0.0,1.0,11.0,490.0,382.0,1114.0
69134,0.0,0.0,0.0,0.0,0.0,0.0,2000.0,0.0
69135,0.0,0.0,0.0,2000.0,0.0,0.0,0.0,0.0
69136,0.0,0.0,0.0,0.0,0.0,0.0,2000.0,0.0
69137,0.0,0.0,0.0,0.0,0.0,0.0,2000.0,0.0
69139,203.0,0.0,8.0,4.0,29.0,10.0,1234.0,512.0
69140,2.0,0.0,0.0,59.0,81.0,79.0,72.0,1707.0
69141,0.0,0.0,0.0,1.0,0.0,1010.0,404.0,585.0
69144,0.0,0.0,0.0,0.0,0.0,2000.0,0.0,0.0
69146,0.0,0.0,0.0,0.0,0.0,0.0,1999.0,1.0
69151,0.0,0.0,4.0,0.0,0.0,3.0,1979.0,14.0
69152,0.0,0.0,0.0,0.0,0.0,0.0,2000.0,0.0
69154,0.0,0.0,0.0,2000.0,0.0,0.0,0.0,0.0
69156,0.0,0.0,0.0,0.0,0.0,51.0,0.0,1949.0
69163,154.0,0.0,1.0,1146.0,165.0,40.0,3.0,491.0
69164,0.0,0.0,0.0,0.0,0.0,0.0,2000.0,0.0
69165,0.0,0.0,0.0,0.0,0.0,162.0,1811.0,27.0
69168,6.0,0.0,0.0,0.0,11.0,386.0,232.0,1365.0
69170,0.0,0.0,0.0,0.0,0.0,2000.0,0.0,0.0
69171,0.0,0.0,0.0,0.0,0.0,2000.0,0.0,0.0
69173,0.0,0.0,0.0,0.0,0.0,0.0,2000.0,0.0
69178,0.0,0.0,0.0,0.0,0.0,1.0,1999.0,0.0
69181,27.0,0.0,0.0,1968.0,0.0,0.0,0.0,5.0
69184,0.0,0.0,0.0,25.0,11.0,176.0,742.0,1046.0
69188,0.0,0.0,0.0,0.0,0.0,1994.0,0.0,6.0
69192,0.0,0.0,0.0,30.0,0.0,1160.0,511.0,299.0
69197,298.0,0.0,1.0,266.0,470.0,9.0,21.0,935.0
69198,114.0,0.0,3.0,194.0,884.0,6.0,21.0,778.0
69207,272.0,0.0,6.0,329.0,773.0,8.0,33.0,579.0
69213,0.0,0.0,0.0,0.0,0.0,825.0,182.0,993.0
69219,0.0,0.0,0.0,0.0,0.0,0.0,1999.0,1.0
69223,0.0,0.0,0.0,0.0,0.0,2000.0,0.0,0.0
69225,0.0,0.0,0.0,2000.0,0.0,0.0,0.0,0.0
69228,718.0,0.0,1.0,42.0,0.0,0.0,0.0,1239.0
69229,0.0,0.0,0.0,0.0,0.0,982.0,582.0,436.0
69230,0.0,0.0,0.0,2000.0,0.0,0.0,0.0,0.0
69233,949.0,0.0,1.0,381.0,0.0,0.0,0.0,669.0
69238,87.0,0.0,0.0,35.0,126.0,137.0,216.0,1399.0
69242,204.0,0.0,0.0,468.0,699.0,2.0,16.0,611.0
69248,4.0,0.0,0.0,4.0,17.0,199.0,139.0,1637.0
69251,0.0,0.0,0.0,0.0,0.0,1669.0,78.0,253.0
69253,0.0,0.0,0.0,0.0,0.0,2000.0,0.0,0.0
69254,0.0,0.0,0.0,0.0,0.0,0.0,1999.0,1.0
69257,235.0,0.0,3.0,348.0,381.0,67.0,69.0,897.0
69262,0.0,0.0,0.0,2000.0,0.0,0.0,0.0,0.0
69265,0.0,0.0,0.0,2000.0,0.0,0.0,0.0,0.0
69268,2.0,0.0,0.0,36.0,39.0,156.0,189.0,1578.0
69269,0.0,0.0,0.0,5.0,13.0,210.0,166.0,1606.0
69270,0.0,0.0,0.0,0.0,0.0,1997.0,0.0,3.0
69271,0.0,0.0,0.0,13.0,0.0,939.0,339.0,709.0
69275,0.0,0.0,0.0,0.0,0.0,0.0,2000.0,0.0
69276,0.0,0.0,0.0,2000.0,0.0,0.0,0.0,0.0
69277,452.0,0.0,1.0,289.0,352.0,49.0,16.0,841.0
69280,9.0,0.0,0.0,271.0,53.0,389.0,188.0,1090.0
69284,0.0,0.0,0.0,1.0,0.0,26.0,1941.0,32.0
69290,748.0,0.0,1.0,354.0,236.0,14.0,6.0,641.0
69296,0.0,0.0,0.0,0.0,0.0,2000.0,0.0,0.0
69297,0.0,0.0,0.0,1.0,0.0,1999.0,0.0,0.0
69299,0.0,0.0,0.0,2000.0,0.0,0.0,0.0,0.0
69301,0.0,0.0,0.0,0.0,0.0,2000.0,0.0,0.0
69308,11.0,0.0,0.0,7.0,83.0,85.0,87.0,1727.0
69312,32.0,0.0,0.0,12.0,46.0,178.0,177.0,1555.0
69313,117.0,0.0,1.0,207.0,828.0,11.0,30.0,806.0
69317,0.0,0.0,0.0,0.0,0.0,11.0,1983.0,6.0
69322,0.0,0.0,0.0,0.0,0.0,1802.0,56.0,142.0
69324,260.0,0.0,2.0,123.0,193.0,81.0,82.0,1259.0
69326,0.0,0.0,0.0,0.0,0.0,15.0,1971.0,14.0
