,Baso,Eos,Mast,Meg,Monocyte,Neutrophil
13199,0.0,0.0,0.0,0.0,0.9880597014925373,0.011940298507462687
13210,0.0,0.0,0.0,0.05673758865248227,0.9432624113475178,0.0
13226,0.0,0.0,0.0,1.0,0.0,0.0
13235,0.0,0.0,0.041906757464641176,0.9580932425353589,0.0,0.0
13256,0.0,0.0,0.0,0.0,1.0,0.0
13258,0.0,0.0,0.0,0.0,0.0,0.0
13259,0.0,0.0,0.0,0.0,0.0,1.0
13260,1.0,0.0,0.0,0.0,0.0,0.0
13266,0.0,0.0,0.0,0.0,1.0,0.0
13274,1.0,0.0,0.0,0.0,0.0,0.0
13291,0.0,0.0,1.0,0.0,0.0,0.0
13300,0.0,0.0,0.0,0.0,0.0,1.0
13302,0.0,0.0,0.0,0.0,0.0,1.0
13313,0.0,0.0,0.0,0.0,0.0,0.0
13314,0.0,0.0,1.0,0.0,0.0,0.0
13322,0.0,0.0,0.0,0.0,0.0,1.0
13341,0.0,0.0,0.0,0.0,0.9975308641975309,0.0024691358024691358
13350,0.0,0.0,0.0,0.0,0.0,1.0
13352,0.0,0.0,0.0,0.0,0.0,1.0
13353,0.0,0.0,1.0,0.0,0.0,0.0
13361,0.0,0.0,0.0,0.0,0.0,1.0
13366,0.0,0.0,1.0,0.0,0.0,0.0
13371,0.0,0.0,1.0,0.0,0.0,0.0
13375,0.0,0.0,0.0,0.0,1.0,0.0
13389,1.0,0.0,0.0,0.0,0.0,0.0
13401,0.0,0.0,1.0,0.0,0.0,0.0
13407,0.0,0.0,1.0,0.0,0.0,0.0
13418,1.0,0.0,0.0,0.0,0.0,0.0
13419,1.0,0.0,0.0,0.0,0.0,0.0
13434,0.0,0.0,0.0,1.0,0.0,0.0
13437,1.0,0.0,0.0,0.0,0.0,0.0
13456,0.0,0.0,0.0,0.0,1.0,0.0
13463,0.0,0.0,0.0,0.0,1.0,0.0
13483,0.0,0.0,1.0,0.0,0.0,0.0
13484,0.0,0.0,0.0,0.0,0.0,1.0
13489,0.0,0.0,1.0,0.0,0.0,0.0
13495,0.0,0.0,0.0,0.0,0.0,1.0
13498,0.0,0.0,0.0,0.0,0.0,0.0
13506,0.0,0.0,0.0,0.0,1.0,0.0
13512,0.0,0.0,0.0,0.0,1.0,0.0
13523,1.0,0.0,0.0,0.0,0.0,0.0
13525,0.0,0.0,0.0,0.0,1.0,0.0
13526,1.0,0.0,0.0,0.0,0.0,0.0
13558,0.0,0.0,0.0,0.0,0.0,1.0
13562,0.0,0.0,0.0,0.0,0.0,1.0
13567,0.0,0.0,1.0,0.0,0.0,0.0
13588,0.0,0.0,0.0,1.0,0.0,0.0
13592,0.0,0.0,0.0,0.0,1.0,0.0
13609,0.0,0.0,1.0,0.0,0.0,0.0
13611,0.0,0.0,1.0,0.0,0.0,0.0
13614,0.0,0.0,0.0,1.0,0.0,0.0
13616,0.0,0.0,0.0,0.0,1.0,0.0
13621,0.0,0.0,0.0,1.0,0.0,0.0
13639,0.0,0.0,0.0,0.0,0.0,1.0
13642,0.0,0.0,0.0,0.0,0.0,1.0
13652,0.0,0.0,1.0,0.0,0.0,0.0
13656,0.0,0.0,0.0,0.0,0.0,1.0
13663,0.0,0.0,1.0,0.0,0.0,0.0
13678,0.0,0.0,1.0,0.0,0.0,0.0
13681,0.0,0.0,0.0,0.0,1.0,0.0
13697,1.0,0.0,0.0,0.0,0.0,0.0
13719,0.0,0.0,1.0,0.0,0.0,0.0
13725,1.0,0.0,0.0,0.0,0.0,0.0
13742,0.0,0.0,0.0,0.0,0.0,0.0
13752,0.0,0.0,0.0,0.0,1.0,0.0
13760,0.0,0.0,0.0,0.0,1.0,0.0
13763,0.0,0.0,0.9733115468409586,0.0,0.0,0.026688453159041396
13765,0.0,0.0,1.0,0.0,0.0,0.0
13769,0.0,0.0,0.0,0.0,1.0,0.0
13780,0.0,0.0,0.0,0.0,0.0,1.0
13786,0.0,0.0,0.0,1.0,0.0,0.0
13803,0.0,0.0,0.0,0.0,0.0,1.0
13804,0.0,0.0,0.0,0.0,1.0,0.0
13816,1.0,0.0,0.0,0.0,0.0,0.0
13817,0.0,0.0,0.0,0.0,0.0,0.0
13824,0.0,0.0,0.0,0.0,0.0,0.0
13827,0.0,0.0,0.0,0.0,0.0,0.0
13839,0.0,0.0,0.0,0.0,0.0,1.0
13842,0.0,0.0,0.0,0.0,1.0,0.0
13876,0.0,0.0,0.0,0.0,1.0,0.0
13879,0.0,0.0,0.0,0.0,0.0,0.0
13880,0.0,0.0,0.9350473612990527,0.0,0.0,0.06495263870094722
13882,1.0,0.0,0.0,0.0,0.0,0.0
13887,0.0,0.0,1.0,0.0,0.0,0.0
13892,0.0,0.0,0.0,0.0,0.0,0.0
13895,0.0,0.0,0.0,1.0,0.0,0.0
13897,0.0,0.0,0.0,0.0,1.0,0.0
13911,0.0,0.0,0.0,0.0,1.0,0.0
13913,0.0,0.0,1.0,0.0,0.0,0.0
13933,0.0,0.0,0.0,0.0,0.0,0.0
13940,0.0,0.0,1.0,0.0,0.0,0.0
13941,0.0,0.0,0.0,1.0,0.0,0.0
13964,0.0,0.0,0.0,0.0,0.0,0.0
13966,0.0,0.0,1.0,0.0,0.0,0.0
13981,0.0,0.0,0.0,0.0,1.0,0.0
13989,0.0,0.0,0.0,0.0,1.0,0.0
13991,0.0,0.0,0.0,1.0,0.0,0.0
14007,0.0,0.0,1.0,0.0,0.0,0.0
14009,0.0,0.0,0.0,0.0,1.0,0.0
14011,0.0,0.0,0.0,1.0,0.0,0.0
14018,0.0,0.0,0.0,0.0,1.0,0.0
14019,0.0,0.0,1.0,0.0,0.0,0.0
14020,0.0,0.0,1.0,0.0,0.0,0.0
14038,0.0,0.0,0.0,1.0,0.0,0.0
14040,0.0,0.0,0.0,0.0,0.0,1.0
14061,0.0,0.0,0.0,1.0,0.0,0.0
14076,0.0,0.0,1.0,0.0,0.0,0.0
14087,0.0,0.0,0.0,0.0,0.0,0.0
14089,0.0,0.0,0.9113756613756614,0.08862433862433862,0.0,0.0
14097,0.0,0.0,0.0,0.0,0.0,0.0
14099,0.01282051282051282,0.0,0.9666666666666667,0.0,0.020512820512820513,0.0
14106,0.0,0.0,0.0,0.0,0.0,0.0
14125,0.0,0.0,0.0,1.0,0.0,0.0
14128,1.0,0.0,0.0,0.0,0.0,0.0
14129,0.0,0.0,0.0,0.0,0.0,0.0
14159,0.002688172043010753,0.0,0.9973118279569892,0.0,0.0,0.0
14184,0.0,0.0,0.0,0.0,0.0,1.0
14199,0.0,0.0,0.0,0.0,1.0,0.0
14213,1.0,0.0,0.0,0.0,0.0,0.0
14214,0.0,0.0,0.0,0.0,1.0,0.0
14220,1.0,0.0,0.0,0.0,0.0,0.0
14224,1.0,0.0,0.0,0.0,0.0,0.0
14226,0.0,0.0,1.0,0.0,0.0,0.0
14227,0.0,0.0,0.0,0.0,0.0,1.0
14238,1.0,0.0,0.0,0.0,0.0,0.0
14247,0.0,0.0,0.0,0.0,1.0,0.0
14268,0.0,0.0,0.0,1.0,0.0,0.0
14277,0.0,0.0,0.0,0.0,0.0,0.0
14288,0.0,0.0,0.0,0.0,1.0,0.0
14310,0.0,0.0,0.0859106529209622,0.9140893470790378,0.0,0.0
14327,0.0,0.0,0.0,0.0,1.0,0.0
14336,0.0,0.0,0.0,0.0,0.0,1.0
14348,0.9816933638443935,0.0,0.018306636155606407,0.0,0.0,0.0
14352,0.0,0.0,0.0,0.0,1.0,0.0
14362,0.0,0.0,1.0,0.0,0.0,0.0
14363,0.0,0.0,0.0,0.0,0.0,0.0
14374,0.0,0.0,0.0,1.0,0.0,0.0
14384,0.0,0.0,0.0,0.0,0.0,1.0
14385,0.0,0.0,0.0,0.0,0.9760191846522782,0.023980815347721823
14387,0.0,0.0,1.0,0.0,0.0,0.0
14395,0.0,0.0,0.0,0.0,0.0,1.0
14410,0.0,0.0,0.0,0.0,1.0,0.0
14420,0.0,0.0,0.0,0.0,0.0,1.0
14423,0.0,0.0,0.0,0.0,0.990909090909091,0.00909090909090909
14449,1.0,0.0,0.0,0.0,0.0,0.0
14452,0.0,0.0,0.0,0.0,0.0,1.0
14456,0.0,0.0,0.0,0.0,0.0,0.0
14471,0.0,0.0,0.0,0.1728395061728395,0.8271604938271605,0.0
14492,0.0,0.0,1.0,0.0,0.0,0.0
14497,1.0,0.0,0.0,0.0,0.0,0.0
14502,1.0,0.0,0.0,0.0,0.0,0.0
14508,0.0,0.0,0.0,0.0,0.0,1.0
14511,0.0,0.0,0.0,0.0,0.0,1.0
14521,1.0,0.0,0.0,0.0,0.0,0.0
14522,0.0,0.0,0.0,1.0,0.0,0.0
14532,0.0,0.0,0.0,0.0,1.0,0.0
14544,0.0,0.0,0.0,0.0,0.0,1.0
14549,0.0,0.0,0.0,0.0,1.0,0.0
14566,0.0,0.0,0.0,0.0,0.0,1.0
14584,0.0,0.0,0.0,0.0,0.0,1.0
14589,0.0,0.0,1.0,0.0,0.0,0.0
14606,0.0,0.0,0.0,0.0,1.0,0.0
14613,0.0,0.0,0.0,0.0,0.0,0.0
14615,0.0,0.0,0.0,1.0,0.0,0.0
14637,0.0,0.0,1.0,0.0,0.0,0.0
14675,0.0,0.0,1.0,0.0,0.0,0.0
14701,0.0,0.0,0.0,0.0,1.0,0.0
14703,0.0,0.0,0.0,0.0,0.0,1.0
14714,0.0,0.0,0.9183673469387755,0.08163265306122448,0.0,0.0
14725,0.0,0.0,0.0,0.0,0.0,1.0
14726,0.0,0.0,0.0,0.0,0.0,0.0
14736,0.0,0.0,0.0,0.0,0.0,1.0
14741,0.0,0.0,0.16666666666666666,0.8333333333333334,0.0,0.0
14749,0.0,0.0,0.0,0.0,0.0,0.0
14775,0.0,0.0,0.0,0.0,1.0,0.0
14778,0.0,0.0,1.0,0.0,0.0,0.0
14785,0.0,0.0,0.0,0.0,1.0,0.0
14807,0.0,0.0,1.0,0.0,0.0,0.0
14810,0.0,0.0,1.0,0.0,0.0,0.0
14814,0.0,0.0,0.0,0.0,0.0,0.0
14845,0.0,0.0,0.0,0.0,0.0,1.0
14848,0.0,0.0,0.0,0.0,0.0,0.0
14861,0.0,0.0,1.0,0.0,0.0,0.0
14868,0.0,0.0,0.0,1.0,0.0,0.0
14903,1.0,0.0,0.0,0.0,0.0,0.0
14909,0.0,0.0,0.0,1.0,0.0,0.0
14930,0.0,0.0,1.0,0.0,0.0,0.0
14936,0.0,0.0,0.0,0.0,1.0,0.0
14942,0.0,0.0,1.0,0.0,0.0,0.0
14964,0.0,0.0,0.0,0.0,0.0,1.0
14968,0.0,0.0,0.0,0.0,0.9854147675478578,0.014585232452142206
14978,1.0,0.0,0.0,0.0,0.0,0.0
14982,0.0,0.0,1.0,0.0,0.0,0.0
14985,0.0,0.0,0.0,1.0,0.0,0.0
14987,1.0,0.0,0.0,0.0,0.0,0.0
14991,1.0,0.0,0.0,0.0,0.0,0.0
14997,0.0,0.0,1.0,0.0,0.0,0.0
15006,0.0,0.0,0.0,0.0,0.0,1.0
15012,0.0,0.0,0.9994984954864594,0.0005015045135406219,0.0,0.0
15032,0.0,0.0,0.0,0.0,1.0,0.0
15056,0.0,0.0,0.0,1.0,0.0,0.0
15066,0.0,0.0,0.0,0.0,0.0,1.0
15077,0.0,0.0,0.0,0.0,1.0,0.0
15084,0.0,0.0,0.0,1.0,0.0,0.0
15089,1.0,0.0,0.0,0.0,0.0,0.0
15097,0.0,0.0,0.0,0.0,1.0,0.0
15119,0.0,0.0,0.0,0.0,0.0,0.0
15123,0.0,0.0,1.0,0.0,0.0,0.0
15155,0.0,0.0,0.0,0.0,1.0,0.0
15170,0.0,0.0,0.0,0.0,0.0,1.0
15171,0.0,0.0,0.0,0.0,1.0,0.0
15182,0.0,0.0,1.0,0.0,0.0,0.0
15198,0.0,0.0,1.0,0.0,0.0,0.0
15207,0.0,0.0,0.0,1.0,0.0,0.0
15214,0.0,0.0,0.0,0.0,0.0,1.0
15216,1.0,0.0,0.0,0.0,0.0,0.0
15240,0.0,0.0,0.0,0.0,0.0,1.0
15241,0.0,0.0,0.0,0.0,1.0,0.0
15266,0.0,0.0,0.0,0.0,0.0,0.0
15298,0.0,0.0,0.0,0.0,0.0,1.0
15307,0.0,0.0,0.0,0.0,1.0,0.0
15331,0.0,0.0,0.0,0.0,0.0,1.0
15336,0.0,0.0,0.0,0.0,0.0,1.0
15345,0.0,0.0,0.0,0.0,0.0,0.0
15352,0.0,0.0,1.0,0.0,0.0,0.0
15358,0.0,0.0,0.0,0.0,0.0,0.0
15360,0.0,0.0,0.0,0.0,0.0,1.0
15363,0.0,0.0,0.3669527896995708,0.0,0.0,0.6330472103004292
15368,0.0,0.0,0.8041543026706232,0.0,0.0,0.19584569732937684
15369,0.0,0.0,0.0,0.0,1.0,0.0
15394,0.0,0.0,1.0,0.0,0.0,0.0
15426,0.0,0.0,0.0,0.0,1.0,0.0
15432,0.0,0.0,0.0,0.0,0.0,0.0
15436,0.0,0.0,0.0,0.0,1.0,0.0
15439,0.0,0.0,0.0005,0.9995,0.0,0.0
15446,0.0,0.0,0.3724770642201835,0.0,0.0,0.6275229357798165
15457,0.0,0.0,0.0,0.0,0.0,1.0
15461,0.0,0.0,1.0,0.0,0.0,0.0
15462,1.0,0.0,0.0,0.0,0.0,0.0
15470,0.0,0.0,0.0,0.0,0.0,0.0
15471,0.0,0.0,1.0,0.0,0.0,0.0
15490,0.0,0.0,0.0,1.0,0.0,0.0
15498,0.0,0.0,1.0,0.0,0.0,0.0
15508,0.0,0.0,0.0,0.0,0.0,1.0
15522,0.0,0.0,0.0,0.0,0.0,0.0
15526,0.0,0.0,0.5555555555555556,0.4444444444444444,0.0,0.0
15535,0.0,0.0,0.8601190476190477,0.13988095238095238,0.0,0.0
15537,0.0,0.0,0.6666666666666666,0.0,0.3333333333333333,0.0
15550,0.0,0.0,1.0,0.0,0.0,0.0
15558,0.9994550408719346,0.0,0.0005449591280653951,0.0,0.0,0.0
15563,0.0,0.0,0.0,0.0,0.0,1.0
15564,0.0,0.0,0.0,0.0,0.0,0.0
15565,0.0,0.0,0.0,0.0,0.0,0.0
15590,1.0,0.0,0.0,0.0,0.0,0.0
15596,0.0,0.0,1.0,0.0,0.0,0.0
15597,0.0,0.0,1.0,0.0,0.0,0.0
15614,0.0,0.0,0.0,0.0,1.0,0.0
15620,0.0,0.0,0.0,0.0,0.9511533242876526,0.048846675712347354
15628,0.0,0.0,0.8531073446327684,0.0,0.14689265536723164,0.0
15632,0.0,0.0,0.0,0.0,0.0,0.0
15643,0.0,0.0,1.0,0.0,0.0,0.0
15653,0.0,0.0,0.0,0.0,1.0,0.0
15655,0.0,0.0,1.0,0.0,0.0,0.0
15665,0.0,0.0,0.0,0.0,1.0,0.0
15667,0.0,0.0,0.0,0.0,1.0,0.0
15678,0.0,0.0,0.0,1.0,0.0,0.0
15704,1.0,0.0,0.0,0.0,0.0,0.0
15707,0.0,0.0,1.0,0.0,0.0,0.0
15712,0.0,0.0,0.0,0.0,1.0,0.0
15716,0.0,0.0,0.0,0.0,0.0,1.0
15720,0.0,0.0,0.0,0.0,0.0,0.0
15721,0.0,0.0,0.0,0.0,1.0,0.0
15739,0.0,0.0,0.0,0.0,0.0,1.0
15741,0.8851063829787233,0.0,0.1148936170212766,0.0,0.0,0.0
15747,0.0,0.0,0.0,0.0,1.0,0.0
15760,0.0,0.0,0.0,1.0,0.0,0.0
15789,0.0,0.0,0.0,0.0,0.0,1.0
15790,0.0,0.0,1.0,0.0,0.0,0.0
15808,0.0,0.0,0.0,0.0,1.0,0.0
15814,1.0,0.0,0.0,0.0,0.0,0.0
15817,0.0,0.0,1.0,0.0,0.0,0.0
15821,0.0,0.0,1.0,0.0,0.0,0.0
15826,0.0,0.0,0.521079258010118,0.0,0.0,0.47892074198988194
15830,0.0,0.0,1.0,0.0,0.0,0.0
15842,0.0,0.0,1.0,0.0,0.0,0.0
15846,0.0,0.0,1.0,0.0,0.0,0.0
15852,0.0,0.0,1.0,0.0,0.0,0.0
15855,0.0,0.0,1.0,0.0,0.0,0.0
15858,0.0,0.0,0.0,0.0,0.0,1.0
15865,0.0,0.0,0.0,0.0,0.0,0.0
15881,0.0,0.0,0.0,0.0,0.0,0.0
15889,0.0,0.0,0.0,0.0,0.0,0.0
15901,0.0,0.0,0.0,0.0,1.0,0.0
15912,0.0,0.0,0.0,1.0,0.0,0.0
15929,0.0,0.0,0.0,0.0,0.0,0.0
15941,0.0,0.0,0.0,0.0,0.0,1.0
15944,0.0,0.0,0.0,0.0,1.0,0.0
15945,0.0,0.0,0.0,1.0,0.0,0.0
15953,0.0,0.0,1.0,0.0,0.0,0.0
15954,0.0,0.0,0.0,0.0,1.0,0.0
15958,0.0,0.0,0.0,0.0,1.0,0.0
15959,0.0,0.0,0.0,0.0,0.0,1.0
15965,0.0,0.0,0.0,1.0,0.0,0.0
15988,0.0,0.0,0.0,0.0,0.0,0.0
16007,0.0,0.0,0.0,0.0,0.0,0.0
16008,0.0,0.0,0.0,0.0,0.0,1.0
16013,0.0,0.0,0.9995,0.0005,0.0,0.0
16014,0.0,0.0,0.759175788795879,0.24082421120412106,0.0,0.0
16032,0.0,0.0,0.0,0.001658374792703151,0.0,0.9983416252072969
16037,0.0,0.0,0.0,0.0,0.0,1.0
16044,0.0,0.0,0.0,0.0,0.0,1.0
16045,0.0,0.0,0.0,0.0,0.0,0.0
16048,1.0,0.0,0.0,0.0,0.0,0.0
16051,1.0,0.0,0.0,0.0,0.0,0.0
16066,0.0,0.0,0.0,0.0,0.0,0.0
16089,1.0,0.0,0.0,0.0,0.0,0.0
16095,0.0,0.0,0.0,0.0,0.0,1.0
16098,0.0,0.0,0.0,0.0,0.0,0.0
16107,0.0,0.0,0.0,0.0,0.0,0.0
16119,0.0,0.0,0.0,0.0,0.0,1.0
16125,0.0,0.0,1.0,0.0,0.0,0.0
16155,0.0,0.0,0.9465753424657535,0.05342465753424658,0.0,0.0
16160,0.0,0.0,0.0,0.0,0.0,1.0
16162,0.0,0.0,0.0,0.0,0.0,1.0
16173,0.0,0.0,0.8661417322834646,0.0,0.0,0.13385826771653545
16174,0.0,0.0,0.0,0.0,1.0,0.0
16179,0.0,0.0,0.0,0.0,0.0,0.0
16187,0.0,0.0,0.0,0.0,1.0,0.0
16196,0.0,0.0,1.0,0.0,0.0,0.0
16203,0.0,0.0,0.0,0.0,0.0,1.0
16207,0.0,0.0,0.0,1.0,0.0,0.0
16228,0.0,0.0,1.0,0.0,0.0,0.0
16230,1.0,0.0,0.0,0.0,0.0,0.0
16231,0.0,0.0,0.6888756692444973,0.31112433075550266,0.0,0.0
16253,0.0,0.0,0.0,0.0,1.0,0.0
16255,0.008754863813229572,0.0,0.9912451361867705,0.0,0.0,0.0
16257,0.0,0.0,0.0,0.0,0.0,1.0
16264,0.0,0.0,0.0,0.0,1.0,0.0
16275,0.0,0.0,1.0,0.0,0.0,0.0
16277,0.0,0.0,0.0,0.0,0.07142857142857142,0.9285714285714286
16297,0.0,0.0,0.0,0.0,1.0,0.0
16318,0.0,0.0,0.0,0.0,1.0,0.0
16331,0.0,0.0,1.0,0.0,0.0,0.0
16332,0.0,0.0,0.0,1.0,0.0,0.0
16347,0.0,0.0,1.0,0.0,0.0,0.0
16350,0.0,0.0,0.0,0.0,1.0,0.0
16357,0.0,0.0,0.0,1.0,0.0,0.0
16393,1.0,0.0,0.0,0.0,0.0,0.0
16398,0.0,0.0,0.10651629072681704,0.893483709273183,0.0,0.0
16415,0.0,0.0,0.0,0.0,0.0,1.0
16424,0.0,0.0,1.0,0.0,0.0,0.0
16428,0.0,0.0,0.0,0.0,1.0,0.0
16432,0.0,0.0,0.0,0.0,0.0,0.0
16435,0.0,0.0,1.0,0.0,0.0,0.0
16447,0.0,0.0,1.0,0.0,0.0,0.0
16461,1.0,0.0,0.0,0.0,0.0,0.0
16470,0.0,0.0,0.0,1.0,0.0,0.0
16479,0.0,0.0,0.0,0.0,1.0,0.0
16492,0.0,0.0,0.0,0.0,1.0,0.0
16512,0.0,0.0,1.0,0.0,0.0,0.0
16519,0.0,0.0,0.0,0.0,0.0,0.0
16520,0.0,0.0,0.0,0.0,1.0,0.0
16530,0.0,0.0,1.0,0.0,0.0,0.0
16532,0.0,0.0,0.0,1.0,0.0,0.0
16543,0.0,0.0,0.0,0.0,1.0,0.0
16550,0.0,0.0,0.0,0.0,0.9743589743589743,0.02564102564102564
16555,0.0,0.0,0.0,0.0,0.0,1.0
16559,1.0,0.0,0.0,0.0,0.0,0.0
16565,0.0,0.0,1.0,0.0,0.0,0.0
16567,0.0,0.0,0.0,0.0,0.0,1.0
16570,0.006830601092896175,0.0,0.9931693989071039,0.0,0.0,0.0
16574,0.0,0.0,0.0,0.0,0.0,1.0
16579,0.0,0.0,0.0,0.0,0.0,1.0
16582,0.0,0.0,0.0,0.0,0.0,0.0
16588,0.988110964332893,0.0,0.011889035667107,0.0,0.0,0.0
16593,0.0,0.0,0.0,0.0,0.0,1.0
16606,0.0,0.0,1.0,0.0,0.0,0.0
16611,0.0,0.0,1.0,0.0,0.0,0.0
16632,0.0,0.0,0.0,0.0,1.0,0.0
16641,1.0,0.0,0.0,0.0,0.0,0.0
16647,0.0,0.0,0.0,0.0,1.0,0.0
16650,0.0,0.0,1.0,0.0,0.0,0.0
16660,1.0,0.0,0.0,0.0,0.0,0.0
16663,0.0,0.0,0.10028653295128939,0.0,0.8939828080229226,0.0057306590257879654
16669,0.0,0.0,0.0,0.0,1.0,0.0
16673,0.0,0.0,1.0,0.0,0.0,0.0
16679,0.0,0.0,1.0,0.0,0.0,0.0
16693,0.0,0.0,1.0,0.0,0.0,0.0
16697,1.0,0.0,0.0,0.0,0.0,0.0
16710,0.0,0.0,0.0,0.0,1.0,0.0
16723,0.0,0.0,0.0,0.0,0.0,0.0
16725,0.0,0.0,0.0,1.0,0.0,0.0
16735,0.0,0.0,0.0,0.0,0.0,0.0
16779,0.0,0.0,1.0,0.0,0.0,0.0
16785,0.0,0.0,0.0,0.0,0.0,1.0
16790,0.0,0.0,0.0,0.0,1.0,0.0
16799,0.0,0.0,0.0,0.0,1.0,0.0
16801,0.0,0.0,0.0,0.0,1.0,0.0
16804,0.0,0.0,0.0,1.0,0.0,0.0
16809,0.0,0.0,0.0,0.0,0.0,1.0
16822,0.0,0.0,0.0,0.0,1.0,0.0
16824,0.0,0.0,0.08643457382953182,0.0,0.0,0.9135654261704682
16832,0.0,0.0,0.0,0.0,1.0,0.0
16833,0.0,0.0,0.0,0.0,1.0,0.0
16836,0.0,0.0,0.0,1.0,0.0,0.0
16861,0.0,0.0,0.0,0.0,0.0,0.0
16878,0.0,0.0,0.0,1.0,0.0,0.0
16883,0.0,0.0,0.2265388496468214,0.0,0.0,0.7734611503531786
16894,1.0,0.0,0.0,0.0,0.0,0.0
16905,0.0,0.0,0.9757543103448276,0.024245689655172414,0.0,0.0
16908,0.0,0.0,0.0,0.0,1.0,0.0
16911,0.0,0.0,0.0,1.0,0.0,0.0
16919,0.0,0.0,1.0,0.0,0.0,0.0
16922,0.0,0.0,0.0,1.0,0.0,0.0
16950,0.0,0.0,0.0,0.0,1.0,0.0
16977,0.0,0.0,1.0,0.0,0.0,0.0
16984,0.0,0.0,1.0,0.0,0.0,0.0
16990,1.0,0.0,0.0,0.0,0.0,0.0
16993,0.0,0.0,0.0,0.0,0.0,1.0
17006,0.0,0.0,0.0,0.0,0.0,1.0
17015,0.0,0.0,1.0,0.0,0.0,0.0
17022,0.0,0.0,0.9333333333333333,0.06666666666666667,0.0,0.0
17024,1.0,0.0,0.0,0.0,0.0,0.0
17032,0.0,0.0,0.0,0.0,1.0,0.0
17066,0.0,0.0,0.0,0.0,0.0,0.0
17086,0.0,0.0,0.0,0.0,1.0,0.0
17092,1.0,0.0,0.0,0.0,0.0,0.0
17104,0.0,0.0,0.0,0.0,1.0,0.0
17105,0.0,0.0,0.0,0.0,1.0,0.0
17111,0.0,0.0,1.0,0.0,0.0,0.0
17116,0.0,0.0,0.0,0.0,0.0,1.0
17120,0.0,0.0,0.0,1.0,0.0,0.0
17124,0.0,0.0,0.0,0.0,0.0,1.0
17143,1.0,0.0,0.0,0.0,0.0,0.0
17148,0.0,0.0,1.0,0.0,0.0,0.0
17153,0.0,0.0,0.0,0.0,0.0,1.0
17155,0.0,0.0,1.0,0.0,0.0,0.0
17160,0.0,0.0,0.0,0.0,0.0,1.0
17188,0.0,0.0,0.0,0.0,0.0,1.0
17193,0.0,0.0,1.0,0.0,0.0,0.0
17198,0.0,0.0,0.0,0.0,0.0,1.0
17218,0.0,0.0,1.0,0.0,0.0,0.0
17228,0.0,0.0,0.0,0.0,0.0,1.0
17230,0.0,0.0,1.0,0.0,0.0,0.0
17234,0.0,0.0,1.0,0.0,0.0,0.0
17237,0.0,0.0,0.0,0.0,0.0,1.0
17248,0.0,0.0,1.0,0.0,0.0,0.0
17249,1.0,0.0,0.0,0.0,0.0,0.0
17278,0.0,0.0,0.0,1.0,0.0,0.0
17287,0.0,0.0,0.0,0.0,1.0,0.0
17292,0.998960498960499,0.0,0.0010395010395010396,0.0,0.0,0.0
17294,1.0,0.0,0.0,0.0,0.0,0.0
17343,0.0,0.0,0.0,0.0,0.0,1.0
17366,0.0,0.0,0.6910362364907819,0.30896376350921806,0.0,0.0
17379,1.0,0.0,0.0,0.0,0.0,0.0
17383,0.0,0.0,0.8223965763195435,0.17760342368045648,0.0,0.0
17386,1.0,0.0,0.0,0.0,0.0,0.0
17388,0.0,0.0,0.0,0.0,0.0,1.0
17415,1.0,0.0,0.0,0.0,0.0,0.0
17427,0.0,0.0,0.0,0.0,0.0,1.0
17428,0.0,0.0,0.0,0.0,0.6586826347305389,0.3413173652694611
17432,0.0,0.0,0.0,0.0,1.0,0.0
17435,0.0,0.0,0.0,0.0,0.0,0.0
17444,0.0,0.0,0.0,0.0,0.0,1.0
17448,0.0,0.0,0.0,0.0,0.0,0.0
17464,0.0,0.0,0.0,0.0,0.0,0.0
17508,0.0,0.0,0.000513083632632119,0.0,0.0,0.9994869163673679
17509,0.0,0.0,1.0,0.0,0.0,0.0
17511,0.0,0.0,0.0,0.0,0.0,0.0
17516,0.0,0.0,0.995778364116095,0.004221635883905013,0.0,0.0
17526,0.0,0.0,0.0,0.0,0.0,0.0
17528,0.0,0.0,1.0,0.0,0.0,0.0
17530,0.0,0.0,0.0,0.0,1.0,0.0
17533,0.0,0.0,1.0,0.0,0.0,0.0
17546,0.0,0.0,0.0,1.0,0.0,0.0
17551,0.0,0.0,0.0,0.0,0.0,1.0
17556,0.0,0.0,0.0,1.0,0.0,0.0
17584,0.0,0.0,1.0,0.0,0.0,0.0
17624,0.0,0.0,0.0,0.0,0.0,1.0
17636,0.0,0.0,1.0,0.0,0.0,0.0
17640,0.0,0.0,0.0,0.0,1.0,0.0
17662,0.0,0.0,0.9943693693693694,0.0,0.00563063063063063,0.0
17663,0.0,0.0,0.0,0.0,0.0,0.0
17665,0.0,0.0,1.0,0.0,0.0,0.0
17666,0.0,0.0,0.0,0.0,0.0,0.0
17668,0.0,0.0,0.0,1.0,0.0,0.0
17675,0.0,0.0,0.0,0.0,0.0,0.0
17682,0.0,0.0,0.0,0.0,1.0,0.0
17720,0.0,0.0,0.9988465974625144,0.0,0.0011534025374855825,0.0
17721,0.0,0.0,0.0,0.0,1.0,0.0
17731,1.0,0.0,0.0,0.0,0.0,0.0
17733,0.0,0.0,0.0,0.0,1.0,0.0
17749,1.0,0.0,0.0,0.0,0.0,0.0
17750,0.0,0.0,0.0,0.0,0.0,0.0
17766,0.0,0.0,0.0,1.0,0.0,0.0
17772,0.0017401392111368909,0.0,0.9982598607888631,0.0,0.0,0.0
17777,0.0,0.0,0.9857142857142858,0.014285714285714285,0.0,0.0
17797,0.0,0.0,0.08955223880597014,0.9104477611940298,0.0,0.0
17820,0.0,0.0,0.0,0.0,0.0,0.0
17826,0.0,0.0,0.0,1.0,0.0,0.0
17851,0.0,0.0,0.0,0.0,0.0,0.0
17856,0.0,0.0,0.0,0.0,0.0,1.0
17857,0.0,0.0,1.0,0.0,0.0,0.0
17861,0.0,0.0,0.0,0.0,0.0,0.0
17869,0.0,0.0,0.0,0.0,1.0,0.0
17871,0.0,0.0,0.0,0.0,0.0,1.0
17879,0.0,0.0,0.0,0.0,0.0,0.0
17882,0.0,0.0,0.0,0.0,0.0,0.0
17895,0.0,0.0,0.0,0.0,0.0,1.0
17899,0.0,0.0,0.0,0.0,1.0,0.0
17909,0.0,0.0,1.0,0.0,0.0,0.0
17920,0.0,0.0,0.0,0.0,1.0,0.0
17926,0.0,0.0,0.0,0.0,1.0,0.0
17932,0.0,0.0,0.0,0.0,0.0,1.0
17965,0.0,0.0,0.0,0.0,1.0,0.0
17967,0.0,0.0,0.0,0.0,0.0,1.0
17969,1.0,0.0,0.0,0.0,0.0,0.0
17971,0.0,0.0,0.0,1.0,0.0,0.0
17973,0.0,0.0,0.0,1.0,0.0,0.0
17990,0.0,0.0,1.0,0.0,0.0,0.0
17992,0.0,0.0,0.0,1.0,0.0,0.0
18003,0.0,0.0,0.0,0.0,0.0,1.0
18006,0.0,0.0,0.0,0.0,1.0,0.0
18024,0.0,0.0,1.0,0.0,0.0,0.0
18031,0.6307857911733046,0.0,0.36921420882669537,0.0,0.0,0.0
18038,1.0,0.0,0.0,0.0,0.0,0.0
18041,0.0,0.0,0.9941520467836257,0.0029239766081871343,0.0029239766081871343,0.0
18049,0.0,0.0,1.0,0.0,0.0,0.0
18050,0.0,0.0,0.0,0.0,0.0,1.0
18054,0.0,0.0,1.0,0.0,0.0,0.0
18065,0.0,0.0,0.0,0.0,1.0,0.0
18073,0.0,0.0,0.9972191323692993,0.0027808676307007787,0.0,0.0
18075,0.0,0.0,0.0,0.0,1.0,0.0
18077,0.0,0.0,1.0,0.0,0.0,0.0
18082,0.0,0.0,0.0,1.0,0.0,0.0
18089,0.0,0.0,0.0,0.0,0.0,0.0
18090,0.0,0.0,0.9994635193133047,0.0,0.000536480686695279,0.0
18100,0.0,0.0,0.0,0.0,0.0,0.0
18108,0.0,0.0,1.0,0.0,0.0,0.0
18135,0.0,0.0,1.0,0.0,0.0,0.0
18141,0.0,0.0,1.0,0.0,0.0,0.0
18164,0.0,0.0,0.0,0.8677354709418837,0.07615230460921844,0.056112224448897796
18168,0.0,0.0,0.0,1.0,0.0,0.0
18173,0.0,0.0,0.0,0.0,0.0,1.0
18183,0.0,0.0,0.0,1.0,0.0,0.0
18186,0.0,0.0,0.0,0.0,0.0,1.0
18187,0.0,0.0,0.0,0.0,1.0,0.0
18188,0.0,0.0,0.012518778167250876,0.0,0.0,0.9874812218327491
18193,0.0,0.0,0.0,0.0,0.0,0.0
18202,0.0,0.0,0.4047023511755878,0.0,0.0,0.5952976488244122
18212,0.0,0.0,0.0,0.0,0.0,1.0
18221,1.0,0.0,0.0,0.0,0.0,0.0
18222,0.045454545454545456,0.9090909090909091,0.0,0.0,0.0,0.045454545454545456
18235,0.0,0.0,1.0,0.0,0.0,0.0
18242,0.0,0.0,0.0,0.0,1.0,0.0
18244,0.0,0.0,0.0,0.0,0.0,0.0
18255,0.0,0.0,1.0,0.0,0.0,0.0
18279,0.0,0.0,0.0,0.0,0.0,1.0
18292,0.0,0.0,0.7910447761194029,0.208955223880597,0.0,0.0
18300,0.0,0.0,0.0,0.00702576112412178,0.9929742388758782,0.0
18301,0.0057692307692307696,0.0,0.9942307692307693,0.0,0.0,0.0
18322,0.0,0.0,0.0,0.0,0.0,0.0
18331,0.0,0.0,0.04452226113056528,0.0,0.0,0.9554777388694348
18345,0.0,0.0,0.0,0.0,0.0,0.0
18364,0.0,0.0,1.0,0.0,0.0,0.0
18373,0.0,0.0,0.0,1.0,0.0,0.0
18375,0.0,0.0,0.0,0.02040816326530612,0.9795918367346939,0.0
18379,0.0,0.0,0.0,0.0,0.0,1.0
18385,0.0,0.0,0.0,1.0,0.0,0.0
18388,0.0,0.0,0.0,0.0,0.0,1.0
18391,0.0,0.0,0.0,0.0,1.0,0.0
18393,0.0,0.0,0.47368421052631576,0.5263157894736842,0.0,0.0
18409,0.0,0.0,1.0,0.0,0.0,0.0
18414,1.0,0.0,0.0,0.0,0.0,0.0
18425,0.0,0.0,1.0,0.0,0.0,0.0
18436,0.0,0.0,0.0,0.0,0.0,0.0
18440,0.0,0.0,0.0,0.0,1.0,0.0
18451,0.0,0.0,0.0,0.0,0.0,1.0
18464,0.0,0.0,0.0,0.0,0.0,1.0
18465,0.0,0.0,0.0,0.0,0.0,1.0
18486,0.0,0.0,0.0,0.0,0.0,0.0
18487,0.0,0.0,0.0,0.0,0.0,0.0
18504,0.0,0.0,0.0,1.0,0.0,0.0
18515,0.0,0.0,0.0,1.0,0.0,0.0
18517,0.0,0.0,0.0,1.0,0.0,0.0
18519,0.0,0.0,0.0,0.0,1.0,0.0
18527,1.0,0.0,0.0,0.0,0.0,0.0
18530,0.4,0.0,0.6,0.0,0.0,0.0
18532,1.0,0.0,0.0,0.0,0.0,0.0
18539,0.0,0.0,0.0,0.0,0.0,1.0
18542,0.0,0.0,0.0,0.0,1.0,0.0
18544,0.0,0.0,0.4642857142857143,0.0,0.0,0.5357142857142857
18550,0.0,0.0,0.0,0.0,1.0,0.0
18582,0.0,0.0,1.0,0.0,0.0,0.0
18605,0.0,0.0,0.0,0.0,0.0,1.0
18623,0.0,0.0,0.0,0.0,1.0,0.0
18631,0.0,0.0,0.0,0.0,0.0,1.0
18636,0.0,0.0,1.0,0.0,0.0,0.0
18637,0.0,0.0,0.0,0.0,1.0,0.0
18644,0.0,0.0,0.0,0.0,0.0,1.0
18651,0.0,0.0,1.0,0.0,0.0,0.0
18658,0.0,0.0,0.0,0.0,0.0,1.0
18660,0.0,0.0,0.0,0.0,0.0,1.0
18683,0.0,0.0,0.0,0.0,1.0,0.0
18729,0.0,0.0,0.0,1.0,0.0,0.0
18741,0.0,0.0,0.0,0.0,1.0,0.0
18742,0.0,0.0,0.0,0.0,0.0,1.0
18745,0.0,0.0,0.0,0.0,1.0,0.0
18764,0.0,0.0,0.0,0.0,0.0,1.0
18783,0.0,0.0,0.0,0.0,1.0,0.0
18796,0.0,0.0,1.0,0.0,0.0,0.0
18808,0.0,0.0,1.0,0.0,0.0,0.0
18832,0.0,0.0,1.0,0.0,0.0,0.0
18834,0.0,0.0,0.0,0.0,0.0,1.0
18859,0.0,0.0,0.0,0.0,0.0,1.0
18865,0.0,0.0,0.0,0.0,0.0,0.0
18882,0.0,0.0,0.0,1.0,0.0,0.0
18889,0.0,0.0,0.0,1.0,0.0,0.0
18893,0.0,0.0,0.0,0.0,0.0,0.0
18898,0.0,0.0,0.0,0.0,0.0,0.0
18903,0.0,0.0,0.0,0.0,0.0,1.0
18907,0.0,0.0,0.0,0.0,1.0,0.0
18911,0.0,0.0,0.0,0.0,1.0,0.0
18912,0.0,0.0,0.0,0.0,0.0,1.0
18916,0.004470938897168405,0.0,0.9955290611028316,0.0,0.0,0.0
18922,0.0,0.0,0.06666666666666667,0.0,0.0,0.9333333333333333
18926,0.0,0.0,0.0,0.0,1.0,0.0
18927,1.0,0.0,0.0,0.0,0.0,0.0
18931,0.0,0.0,0.0,0.0,1.0,0.0
18933,0.0,0.0,1.0,0.0,0.0,0.0
18941,0.0,0.0,1.0,0.0,0.0,0.0
18951,0.0,0.0,0.0,0.0,0.0,1.0
18955,1.0,0.0,0.0,0.0,0.0,0.0
18956,1.0,0.0,0.0,0.0,0.0,0.0
18962,0.9916457811194653,0.0,0.00835421888053467,0.0,0.0,0.0
18973,0.0,0.0,0.0,0.0,0.0,0.0
18987,0.0,0.0,0.0,0.0,0.31486880466472306,0.685131195335277
18999,0.0,0.0,1.0,0.0,0.0,0.0
19000,0.0,0.0,0.0,0.0,0.0,0.0
19016,0.0,0.0,0.0,0.0,0.0,1.0
19017,0.0,0.0,0.0,0.0,1.0,0.0
19028,0.0,0.0,0.0,0.0,0.0,0.0
19048,0.0,0.0,0.0,0.0,1.0,0.0
19063,0.0,0.0,0.9189907038512616,0.08100929614873838,0.0,0.0
19068,0.6921119592875318,0.0,0.30788804071246817,0.0,0.0,0.0
19071,1.0,0.0,0.0,0.0,0.0,0.0
19092,1.0,0.0,0.0,0.0,0.0,0.0
19093,0.0,0.0,0.8214894826606026,0.17851051733939738,0.0,0.0
19108,0.0,0.0,1.0,0.0,0.0,0.0
19131,0.0,0.0,0.0,0.0,1.0,0.0
19137,0.0,0.0,0.0,0.0,1.0,0.0
19138,0.0,0.0,0.0,0.0,1.0,0.0
19139,1.0,0.0,0.0,0.0,0.0,0.0
19142,0.0,0.0,0.0,0.0,0.0,0.0
19146,0.0,0.0,1.0,0.0,0.0,0.0
19149,0.0,0.0,0.0,0.0,0.0,0.0
19160,0.0,0.0,0.0,0.0,0.0,1.0
19165,0.0,0.0,1.0,0.0,0.0,0.0
19171,0.0,0.0,0.0,0.0,1.0,0.0
19189,0.0,0.0,0.0,0.0,0.0,1.0
19190,0.0,0.0,0.0,1.0,0.0,0.0
19191,0.0,0.0,0.0,1.0,0.0,0.0
19194,0.0,0.0,0.0,0.0,0.0,0.0
19196,0.0,0.0,0.0,0.0,0.0,1.0
19214,0.0,0.0,1.0,0.0,0.0,0.0
19217,0.0,0.0,0.0,0.0,1.0,0.0
19226,0.0,0.0,0.0,0.0,0.0,1.0
19233,0.0,0.0,1.0,0.0,0.0,0.0
19234,0.0,0.0,1.0,0.0,0.0,0.0
19251,0.8703703703703703,0.0,0.12962962962962962,0.0,0.0,0.0
19261,0.0,0.0,0.0,0.0,0.0,1.0
19262,0.28410513141426785,0.0,0.7158948685857321,0.0,0.0,0.0
19287,0.0,0.0,0.0,0.0,0.0,1.0
19320,0.0,0.0,0.0,0.0,1.0,0.0
19352,0.0,0.0,0.0,0.0,0.0,1.0
19353,0.0,0.0,0.0,0.0,1.0,0.0
19365,0.0,0.0,0.0,0.0,1.0,0.0
19384,0.0,0.0,0.7847682119205298,0.2152317880794702,0.0,0.0
19386,1.0,0.0,0.0,0.0,0.0,0.0
19391,0.0,0.0,0.6331049024775962,0.0,0.0,0.3668950975224038
19399,0.0,0.0,0.0,0.0,0.0,1.0
19400,1.0,0.0,0.0,0.0,0.0,0.0
19406,1.0,0.0,0.0,0.0,0.0,0.0
19409,0.0,0.0,0.0,0.0,0.0,0.0
19419,0.0,0.0,0.0,0.0,0.0,1.0
19440,0.0,0.0,1.0,0.0,0.0,0.0
19450,0.0,0.0,1.0,0.0,0.0,0.0
19458,1.0,0.0,0.0,0.0,0.0,0.0
19477,0.0,0.0,1.0,0.0,0.0,0.0
19480,0.0,0.0,0.0,1.0,0.0,0.0
19483,0.0,0.0,0.9952830188679245,0.0,0.0047169811320754715,0.0
19484,0.0,0.0,0.0,0.0,0.0,1.0
19497,1.0,0.0,0.0,0.0,0.0,0.0
19498,1.0,0.0,0.0,0.0,0.0,0.0
19499,1.0,0.0,0.0,0.0,0.0,0.0
19504,0.0,0.0,0.0,0.0,0.0,1.0
19516,0.0,0.0,1.0,0.0,0.0,0.0
19517,0.0,0.0,0.5841503267973857,0.4158496732026144,0.0,0.0
19533,0.0,0.0,0.0,0.0,0.0,0.0
19539,0.0,0.0,0.0,0.0,1.0,0.0
19543,1.0,0.0,0.0,0.0,0.0,0.0
19549,0.0,0.0,0.0,0.0,0.0,1.0
19554,1.0,0.0,0.0,0.0,0.0,0.0
19556,1.0,0.0,0.0,0.0,0.0,0.0
19560,0.0,0.0,0.0,0.0,0.0,1.0
19575,0.0,0.0,0.0,0.0,0.0,1.0
19585,0.0,0.0,0.0,0.0,1.0,0.0
19593,0.0,0.0,0.0,0.0,0.0,1.0
19603,0.0,0.0,0.0,0.0,0.0,0.0
19611,0.0,0.0,0.0,0.0,1.0,0.0
19612,0.0,0.0,0.0,0.0,0.0,1.0
19615,1.0,0.0,0.0,0.0,0.0,0.0
19619,0.0,0.0,0.0,0.0,0.0,0.0
19624,0.0,0.0,0.0,0.0,1.0,0.0
19629,0.0,0.0,0.0,0.0,0.0,1.0
19630,0.0,0.0,0.0,1.0,0.0,0.0
19641,0.0,0.0,0.0,0.0,1.0,0.0
19645,0.0,0.0,0.7680921052631579,0.23190789473684212,0.0,0.0
19675,0.0,0.0,0.0,1.0,0.0,0.0
19690,0.0,0.0,1.0,0.0,0.0,0.0
19692,0.0,0.0,0.0,0.0,1.0,0.0
19702,0.0,0.0,0.0,0.0,1.0,0.0
19703,0.0,0.0,0.0,0.0,0.0,1.0
19713,0.0,0.0,0.0,0.0,0.2962962962962963,0.7037037037037037
19714,0.0,0.0,0.025806451612903226,0.0,0.0,0.9741935483870968
19724,0.0,0.0,0.0,1.0,0.0,0.0
19741,0.0,0.0,0.0,0.0,0.0,1.0
19755,0.0,0.0,1.0,0.0,0.0,0.0
19760,0.00847457627118644,0.0,0.9915254237288136,0.0,0.0,0.0
19781,0.0,0.0,0.0,0.0,0.0,1.0
19799,0.0,0.0,1.0,0.0,0.0,0.0
19800,0.0,0.0,0.0,0.0,1.0,0.0
19811,1.0,0.0,0.0,0.0,0.0,0.0
19837,0.0,0.0,0.0,0.0,0.21371610845295055,0.7862838915470495
19841,1.0,0.0,0.0,0.0,0.0,0.0
19846,0.0010050251256281408,0.0,0.9989949748743718,0.0,0.0,0.0
19856,0.0,0.0,1.0,0.0,0.0,0.0
19858,0.0,0.0,0.0,0.0,0.0,0.0
19859,0.0,0.0,0.9984894259818731,0.0015105740181268882,0.0,0.0
19865,0.0,0.0,0.7319915254237288,0.2680084745762712,0.0,0.0
19874,0.0,0.0,0.0,0.0,0.0,1.0
19883,0.0,0.0,0.0,0.0,0.0,1.0
19884,0.0,0.0,0.0,0.0,0.0,1.0
19897,1.0,0.0,0.0,0.0,0.0,0.0
19905,0.0,0.0,0.0,0.0,1.0,0.0
19919,0.0,0.0,0.05037037037037037,0.9496296296296296,0.0,0.0
19927,0.0,0.0,0.0,0.0,1.0,0.0
19960,0.0,0.0,0.0,0.0,0.0,1.0
19962,0.0,0.0,0.9900990099009901,0.0,0.0,0.009900990099009901
19969,0.0,0.0,1.0,0.0,0.0,0.0
19973,0.0,0.0,0.0,0.0,0.0,0.0
19976,0.0,0.0,0.0,0.0,0.0,1.0
19977,0.0,0.0,0.0,0.0,1.0,0.0
19982,0.0,0.0,0.0,0.0,0.0,1.0
19996,0.0,0.0,1.0,0.0,0.0,0.0
20019,1.0,0.0,0.0,0.0,0.0,0.0
20044,0.22700296735905046,0.0,0.7729970326409495,0.0,0.0,0.0
20061,0.0,0.0,0.0,0.0,0.0,1.0
20081,0.0,0.0,0.0,1.0,0.0,0.0
20083,0.0,0.0,0.0,0.0,1.0,0.0
20091,0.0,0.0,0.0,1.0,0.0,0.0
20110,1.0,0.0,0.0,0.0,0.0,0.0
41510,0.0,0.0,0.0,0.0,1.0,0.0
41515,0.0,0.0,1.0,0.0,0.0,0.0
41592,0.9681274900398407,0.0,0.0,0.0,0.03187250996015936,0.0
41625,0.0,0.0,1.0,0.0,0.0,0.0
41635,0.003209242618741977,0.0,0.996790757381258,0.0,0.0,0.0
41642,0.0,0.0,0.0,0.0,0.0,1.0
41665,0.0,0.0,0.2658450704225352,0.7341549295774648,0.0,0.0
41674,0.0,0.0,0.0,0.0,1.0,0.0
41713,0.0,0.0,0.9969861362266426,0.0018083182640144665,0.0012055455093429777,0.0
41726,0.0,0.0,0.0,0.9615384615384616,0.038461538461538464,0.0
41730,0.0,0.0,0.9739413680781759,0.026058631921824105,0.0,0.0
41737,0.0,0.0,0.0,0.0,0.0,1.0
41766,0.0,0.0,1.0,0.0,0.0,0.0
41798,0.0,0.0,1.0,0.0,0.0,0.0
41820,0.047731290512669416,0.014142604596346494,0.4284030642309959,0.0,0.5097230406599882,0.0
41821,0.0,0.0,0.0,1.0,0.0,0.0
41856,0.0,0.0,1.0,0.0,0.0,0.0
41860,0.0,0.0,0.0,0.0,1.0,0.0
41903,0.0,0.0,1.0,0.0,0.0,0.0
41909,0.3181818181818182,0.0,0.032467532467532464,0.0,0.6493506493506493,0.0
41936,0.0,0.0,1.0,0.0,0.0,0.0
41971,0.0,0.0,0.0,0.0,1.0,0.0
41975,0.026695526695526696,0.0,0.9733044733044733,0.0,0.0,0.0
41977,0.0,0.0,1.0,0.0,0.0,0.0
41979,0.0,0.0,1.0,0.0,0.0,0.0
42005,0.0,0.0,0.0,0.0,1.0,0.0
42021,0.0,0.0,0.0,1.0,0.0,0.0
42025,0.0,0.0,0.0,1.0,0.0,0.0
42044,0.19837157660991858,0.0,0.8016284233900814,0.0,0.0,0.0
42049,0.0,0.0,1.0,0.0,0.0,0.0
42054,0.0,0.0,0.0,0.0,0.0,1.0
42056,0.0,0.0,0.0,1.0,0.0,0.0
42066,0.0,0.0,0.9829145728643216,0.0,0.0,0.017085427135678392
42068,0.0,0.0,1.0,0.0,0.0,0.0
42099,0.0,0.0,0.0,0.0,0.0,0.0
42123,0.0,0.0,0.0,0.15492957746478872,0.8450704225352113,0.0
42128,0.0,0.0,0.0,0.0,1.0,0.0
42151,0.0,0.0,0.0,1.0,0.0,0.0
42160,0.9955891619407687,0.000630119722747322,0.0,0.0,0.003780718336483932,0.0
42161,1.0,0.0,0.0,0.0,0.0,0.0
42181,0.0,0.0,0.0,0.0,0.0,1.0
42198,0.0,0.0,1.0,0.0,0.0,0.0
42205,0.0,0.0,0.0,0.0,0.0,0.0
42219,1.0,0.0,0.0,0.0,0.0,0.0
42224,0.0,0.0,1.0,0.0,0.0,0.0
42234,0.0,0.0,0.0,0.0,0.0,0.0
42251,0.0,0.0,0.5098039215686274,0.49019607843137253,0.0,0.0
42279,0.0,0.0,0.9652733118971061,0.03472668810289389,0.0,0.0
42296,0.0,0.0,0.0,0.0,1.0,0.0
42303,0.0,0.0,1.0,0.0,0.0,0.0
42318,0.0,0.0,1.0,0.0,0.0,0.0
42321,0.0,0.0,0.0,0.31970884658454646,0.6802911534154535,0.0
42359,0.0,0.0,0.0,1.0,0.0,0.0
42387,0.0,0.0,0.0,0.0,1.0,0.0
42412,0.0,0.0,0.0,0.0,0.0,1.0
42467,0.0,0.0,0.0,0.0,1.0,0.0
42490,0.0,0.0,0.0,1.0,0.0,0.0
42492,0.0,0.0,1.0,0.0,0.0,0.0
42502,0.0,0.0,0.29012345679012347,0.2654320987654321,0.4444444444444444,0.0
42503,0.0,0.0,1.0,0.0,0.0,0.0
42510,0.0005017561465127947,0.0,0.9994982438534872,0.0,0.0,0.0
42512,0.0,0.0,1.0,0.0,0.0,0.0
42547,0.0,0.0,0.9901093180635085,0.00989068193649141,0.0,0.0
42584,0.0,0.0,0.0,0.0,0.0,0.0
42589,0.0,0.0,0.9994753410283316,0.0005246589716684155,0.0,0.0
42639,0.0,0.0,1.0,0.0,0.0,0.0
42664,0.0,0.0,0.0,0.0,1.0,0.0
42678,0.0,0.0,1.0,0.0,0.0,0.0
42691,0.0,0.0,0.0,0.0,0.0,1.0
42708,0.0,0.0,0.9977046671767407,0.0007651109410864575,0.001530221882172915,0.0
42720,0.0,0.0,0.0,0.0,0.0,1.0
42741,0.0,0.0,0.0,0.0,0.0,0.0
42775,0.0,0.0,1.0,0.0,0.0,0.0
42776,0.0,0.0,0.0,0.0,1.0,0.0
42780,0.0,0.0,1.0,0.0,0.0,0.0
42810,0.0,0.0,0.0,0.0,0.0,1.0
42844,0.0,0.0,0.0,0.0,0.0,0.0
42857,0.0,0.0,0.0,1.0,0.0,0.0
42880,0.0,0.0,1.0,0.0,0.0,0.0
42917,0.0,0.0,0.0,0.0,1.0,0.0
42961,0.0,0.0,0.0,0.0,0.0,0.0
43005,0.0,0.0,0.0,0.0,0.0,1.0
43006,0.0,0.0,1.0,0.0,0.0,0.0
43029,0.0,0.0,0.0,1.0,0.0,0.0
43033,0.0,0.0,1.0,0.0,0.0,0.0
43068,0.0,0.0,0.0,0.0,1.0,0.0
43069,0.0,0.0,1.0,0.0,0.0,0.0
43070,0.0,0.0,0.0,0.016666666666666666,0.9833333333333333,0.0
43071,0.0,0.0,0.8206933911159263,0.17930660888407368,0.0,0.0
43072,0.0,0.0,1.0,0.0,0.0,0.0
43126,0.005434782608695652,0.0,0.6195652173913043,0.2554347826086957,0.11956521739130435,0.0
43130,0.9972413793103448,0.0,0.002758620689655172,0.0,0.0,0.0
43144,0.0,0.0,0.0,0.0,1.0,0.0
43172,0.0,0.0,0.9974424552429667,0.0025575447570332483,0.0,0.0
43206,0.0,0.0,1.0,0.0,0.0,0.0
43272,0.0,0.0,0.0,0.0,1.0,0.0
43287,0.0,0.0,0.0,1.0,0.0,0.0
43295,0.0,0.0,0.7012987012987013,0.2857142857142857,0.012987012987012988,0.0
43297,0.0,0.0,0.0,0.0,0.0,1.0
43304,0.0,0.0,0.0,0.9917936694021102,0.008206330597889801,0.0
43325,0.0,0.0,0.0,0.0,1.0,0.0
43348,0.0,0.0,1.0,0.0,0.0,0.0
43369,0.0,0.0,0.007042253521126761,0.0,0.0,0.9929577464788732
43390,0.0,0.0,0.0,0.0,1.0,0.0
43405,0.0,0.0,0.0,0.0,1.0,0.0
43416,0.0,0.0,0.0,0.0,1.0,0.0
43450,0.0,0.0,0.9990375360923965,0.0,0.0009624639076034649,0.0
43455,0.0,0.0,0.0,0.0,0.0,0.0
43463,0.0,0.0,0.0,0.0,0.0,0.0
43496,0.16625916870415647,0.05134474327628362,0.5452322738386308,0.0,0.12469437652811736,0.11246943765281174
43524,0.0019880715705765406,0.0,0.8986083499005965,0.009940357852882704,0.08946322067594434,0.0
43534,0.0,0.0,0.0,0.0,0.0,0.0
43568,0.04426002766251729,0.0,0.9225449515905948,0.0,0.03319502074688797,0.0
43569,0.0,0.0,0.0,1.0,0.0,0.0
43634,1.0,0.0,0.0,0.0,0.0,0.0
43639,0.0,0.0,0.9960674157303371,0.0028089887640449437,0.0011235955056179776,0.0
43640,0.0,0.0,0.0,0.0,1.0,0.0
43672,0.2028985507246377,0.09178743961352658,0.25120772946859904,0.0,0.45410628019323673,0.0
43677,0.0,0.0,0.07894736842105263,0.9210526315789473,0.0,0.0
43712,0.0,0.0,1.0,0.0,0.0,0.0
43745,0.0,0.0,0.0,0.0,1.0,0.0
43751,0.0,0.0,0.0,0.0,1.0,0.0
43766,1.0,0.0,0.0,0.0,0.0,0.0
43791,0.0,0.0,1.0,0.0,0.0,0.0
43799,0.0,0.0,0.0,0.0,0.0,0.0
43817,0.0,0.0,0.0,0.0,1.0,0.0
43836,0.0,0.0,0.0,0.0,0.41455696202531644,0.5854430379746836
43839,0.0,0.0,0.0,0.0,0.0,0.0
43888,0.0,0.0,0.0,0.0,0.0,0.0
43930,0.0,0.0,1.0,0.0,0.0,0.0
43936,0.0,0.0,1.0,0.0,0.0,0.0
43944,0.0,0.0,0.9923394225103123,0.0076605774896876845,0.0,0.0
43948,0.0014204545454545455,0.0,0.9985795454545454,0.0,0.0,0.0
43975,0.0,0.0,1.0,0.0,0.0,0.0
44011,0.9870664315108759,0.0,0.012933568489124045,0.0,0.0,0.0
44085,0.0,0.0,1.0,0.0,0.0,0.0
44090,0.0,0.0,0.0,0.037848605577689244,0.26294820717131473,0.6992031872509961
44127,0.0,0.0,0.6578947368421053,0.10526315789473684,0.23684210526315788,0.0
44129,1.0,0.0,0.0,0.0,0.0,0.0
44144,1.0,0.0,0.0,0.0,0.0,0.0
44152,0.0,0.0,1.0,0.0,0.0,0.0
44162,0.0,0.0,0.9989047097480832,0.001095290251916758,0.0,0.0
44170,0.0,0.0,0.0,0.0,0.0,1.0
44172,0.0,0.0,1.0,0.0,0.0,0.0
44201,0.0,0.0,0.0,0.0,0.0,0.0
44282,0.0,0.0,0.9969183359013868,0.0030816640986132513,0.0,0.0
44286,0.0,0.0,0.0,0.0,0.0,1.0
44302,0.0,0.0,0.0,0.0,1.0,0.0
44320,0.0,0.0,1.0,0.0,0.0,0.0
44346,0.023614895549500452,0.0,0.9763851044504995,0.0,0.0,0.0
44408,0.0,0.0,0.0,0.0,0.0,0.0
44428,0.0,0.0,0.0,0.0,0.0,1.0
44470,0.0,0.0,0.0,0.0,1.0,0.0
44472,0.0,0.0,1.0,0.0,0.0,0.0
44474,0.0,0.0,0.0,1.0,0.0,0.0
44476,0.0,0.0,0.0,0.0,0.0,0.0
44479,0.0,0.0,0.0,0.0,0.0,0.0
44496,0.0,0.0,1.0,0.0,0.0,0.0
44509,0.0,0.0,0.0,0.0,0.0,1.0
44516,0.0,0.0,1.0,0.0,0.0,0.0
44528,0.0,0.0,0.0,0.0,1.0,0.0
44549,0.0,0.0,0.0031982942430703624,0.0,0.9968017057569296,0.0
44614,0.005449591280653951,0.0,0.9945504087193461,0.0,0.0,0.0
44619,0.0,0.0,0.0,0.0,0.0,0.0
44675,0.0,0.0,1.0,0.0,0.0,0.0
44698,0.0,0.0,0.0,0.0,0.0,1.0
44735,0.0,0.0,0.0,0.0,1.0,0.0
44766,0.9895397489539749,0.0,0.0,0.0,0.010460251046025104,0.0
44772,0.0,0.0,0.0,0.0,0.0,0.0
44775,0.0,0.0,1.0,0.0,0.0,0.0
44788,0.0,0.0,1.0,0.0,0.0,0.0
44811,0.0,0.0,0.0,0.0,1.0,0.0
44825,0.0,0.0,0.0,0.27338782924613986,0.7266121707538601,0.0
44867,0.0,0.0,0.0,0.9410496046010065,0.05895039539899353,0.0
44870,0.0,0.0,0.0,0.0,1.0,0.0
44886,0.0,0.0,0.0,0.0,1.0,0.0
44890,1.0,0.0,0.0,0.0,0.0,0.0
44916,0.9009009009009009,0.0,0.0990990990990991,0.0,0.0,0.0
44941,0.0,0.0,1.0,0.0,0.0,0.0
44963,0.0,0.0,1.0,0.0,0.0,0.0
44966,0.0,0.0,1.0,0.0,0.0,0.0
45002,0.0,0.0,0.0,0.380178716490658,0.0008123476848090983,0.6190089358245329
45036,0.009055627425614488,0.0,0.351875808538163,0.6313065976714101,0.007761966364812419,0.0
45037,0.0,0.0,1.0,0.0,0.0,0.0
45040,0.0,0.0,0.8060453400503779,0.19269521410579346,0.0012594458438287153,0.0
45052,0.5878928987194412,0.0,0.4121071012805588,0.0,0.0,0.0
45142,0.0,0.0,0.0,1.0,0.0,0.0
45146,0.0,0.0,0.0,0.0,0.0,0.0
45153,0.0,0.0,1.0,0.0,0.0,0.0
45178,0.0,0.0,0.0,0.0,0.0,0.0
45223,0.0,0.0,0.0,0.0,1.0,0.0
45224,0.0011142061281337048,0.0,0.9871866295264624,0.0011142061281337048,0.010584958217270195,0.0
45227,0.0,0.0,0.0,0.0,1.0,0.0
45228,0.0,0.0,0.830220713073005,0.1697792869269949,0.0,0.0
45231,0.0,0.0,1.0,0.0,0.0,0.0
45232,0.0,0.0,0.0,0.0,0.0,0.0
45234,0.0005032712632108706,0.0,0.0,0.0,0.9994967287367891,0.0
45273,0.0,0.0,1.0,0.0,0.0,0.0
45287,0.0,0.0,1.0,0.0,0.0,0.0
45294,0.0,0.0,0.0,0.0,1.0,0.0
45296,0.0,0.0,0.9207129686539643,0.07928703134603565,0.0,0.0
45335,0.0,0.0,1.0,0.0,0.0,0.0
45381,0.0,0.0,0.0,1.0,0.0,0.0
45383,0.0,0.0,0.0,0.0,1.0,0.0
45385,0.0,0.0,0.0,0.0,0.0,0.0
45403,0.0,0.0,0.0,1.0,0.0,0.0
45414,0.0,0.0,0.0,0.0,1.0,0.0
45415,0.0,0.0,0.0,0.0,1.0,0.0
45419,0.0,0.0,0.0,1.0,0.0,0.0
45435,0.0,0.0,0.0,0.0,1.0,0.0
45449,0.7794943820224719,0.0,0.2205056179775281,0.0,0.0,0.0
45509,0.0,0.0,0.0,0.0,1.0,0.0
45519,0.0,0.0,0.0,0.0,1.0,0.0
45521,0.0,0.0,0.0,0.0,0.0,0.0
45524,0.0,0.0,0.8793774319066148,0.12062256809338522,0.0,0.0
45534,0.0,0.0,0.0,0.0,0.8823529411764706,0.11764705882352941
45555,0.0,0.0,0.0,0.0,0.0,0.0
45556,0.0,0.0,1.0,0.0,0.0,0.0
45558,0.0,0.0,1.0,0.0,0.0,0.0
45573,0.0,0.0,1.0,0.0,0.0,0.0
45589,0.0,0.0,0.0,0.0,0.0,1.0
45594,0.0,0.0,1.0,0.0,0.0,0.0
45597,0.4828009828009828,0.0,0.5171990171990172,0.0,0.0,0.0
45599,0.0,0.0,0.0,0.0,0.0,0.0
45601,1.0,0.0,0.0,0.0,0.0,0.0
45631,0.0,0.0,0.0,0.0,0.0,1.0
45635,0.0,0.0,0.0025252525252525255,0.0,0.0,0.9974747474747475
45648,0.0,0.0,1.0,0.0,0.0,0.0
45659,0.0,0.0,0.0,0.0,1.0,0.0
45668,0.0,0.0,0.9944289693593314,0.005571030640668524,0.0,0.0
45669,0.0009737098344693282,0.0,0.750730282375852,0.042843232716650435,0.20545277507302823,0.0
45682,0.0,0.0,1.0,0.0,0.0,0.0
45717,0.0,0.0,1.0,0.0,0.0,0.0
45765,0.0,0.0,0.0,0.0,0.0,0.0
45795,0.0,0.0,0.0,1.0,0.0,0.0
45820,0.0,0.0,0.0,0.0,0.0,0.0
45834,0.0,0.0,1.0,0.0,0.0,0.0
45857,0.0,0.0,0.0,0.0,0.0,0.0
45888,0.0,0.0,0.0,0.0,1.0,0.0
45973,0.0,0.0,0.0,0.0,1.0,0.0
45985,0.0,0.0,1.0,0.0,0.0,0.0
46007,0.47058823529411764,0.0,0.5294117647058824,0.0,0.0,0.0
46044,0.0,0.0,0.0,0.0,0.0,0.0
46046,0.0,0.0,0.0,0.0,0.0,1.0
46049,0.0,0.0,0.0,0.0,1.0,0.0
46055,0.0,0.0,0.0,0.0,1.0,0.0
46069,0.0,0.0,0.0,0.0,0.0,0.0
46072,0.0,0.0,0.0,0.0,1.0,0.0
46099,0.0,0.0,0.0,1.0,0.0,0.0
46101,0.0,0.0,0.0,0.0,1.0,0.0
46102,0.0,0.0,0.0,0.0,1.0,0.0
46118,0.0,0.0,0.9041095890410958,0.0,0.0958904109589041,0.0
46131,0.0,0.0,0.6230636833046471,0.3769363166953528,0.0,0.0
46137,0.0,0.0,0.0,0.017817371937639197,0.9821826280623608,0.0
46152,0.0,0.0,0.0,1.0,0.0,0.0
46155,0.0,0.0,1.0,0.0,0.0,0.0
46158,0.0,0.0,1.0,0.0,0.0,0.0
46273,0.0,0.0,1.0,0.0,0.0,0.0
46278,0.0,0.0,0.9994987468671679,0.0005012531328320802,0.0,0.0
46326,0.0,0.0,0.0,1.0,0.0,0.0
46327,0.0,0.0,0.0,0.0,1.0,0.0
46385,1.0,0.0,0.0,0.0,0.0,0.0
46421,0.0,0.0,1.0,0.0,0.0,0.0
46463,0.0,0.0,0.0,0.0,1.0,0.0
46496,0.0,0.0,0.0,1.0,0.0,0.0
46512,0.0,0.0,1.0,0.0,0.0,0.0
46513,0.0,0.0,0.01888276947285602,0.0,0.981117230527144,0.0
46539,0.0,0.0,0.0,1.0,0.0,0.0
46553,0.0,0.0,1.0,0.0,0.0,0.0
46559,0.0,0.0,0.0,0.0,1.0,0.0
46571,0.0,0.0,0.0,0.0,0.0,0.0
46575,0.0,0.0,0.0,0.0,1.0,0.0
46609,1.0,0.0,0.0,0.0,0.0,0.0
46634,0.0,0.0,0.0,0.0,1.0,0.0
46636,0.0,0.0,0.0,0.0,1.0,0.0
46638,0.0,0.0,1.0,0.0,0.0,0.0
46652,1.0,0.0,0.0,0.0,0.0,0.0
46673,0.0,0.0,0.0,0.0,0.0,1.0
46675,0.0,0.0,1.0,0.0,0.0,0.0
46727,0.22792607802874743,0.07392197125256673,0.0,0.0,0.6981519507186859,0.0
46771,0.0,0.0,0.03125,0.0,0.9375,0.03125
46808,0.0,0.0,1.0,0.0,0.0,0.0
46819,0.9769696969696969,0.0,0.02303030303030303,0.0,0.0,0.0
46823,0.061165608770917486,0.0,0.9388343912290825,0.0,0.0,0.0
46864,0.9556962025316456,0.0,0.04430379746835443,0.0,0.0,0.0
46881,0.0,0.0,1.0,0.0,0.0,0.0
46883,0.12522686025408347,0.0,0.8656987295825771,0.0018148820326678765,0.007259528130671506,0.0
46889,0.0,0.0,0.0,0.0,1.0,0.0
46916,0.0,0.0,1.0,0.0,0.0,0.0
46918,0.0,0.0,0.6666666666666666,0.3333333333333333,0.0,0.0
46924,0.0,0.0,0.0,0.0,1.0,0.0
46955,0.0,0.0,1.0,0.0,0.0,0.0
46957,0.0,0.0,0.0,0.0,1.0,0.0
46965,0.0,0.0,0.0012706480304955528,0.8233799237611181,0.17534942820838628,0.0
46996,1.0,0.0,0.0,0.0,0.0,0.0
47007,0.0,0.0,0.42452830188679247,0.3915094339622642,0.0,0.18396226415094338
47036,0.0,0.0,0.0,0.0,0.0,0.0
47054,0.0,0.0,0.0,0.0,0.0,0.0
47057,0.0,0.0,1.0,0.0,0.0,0.0
47076,0.0,0.0,1.0,0.0,0.0,0.0
47115,0.0,0.0,0.9980013324450366,0.0,0.001998667554963358,0.0
47116,1.0,0.0,0.0,0.0,0.0,0.0
47120,0.0,0.0,0.0,0.0,0.0,0.0
47123,1.0,0.0,0.0,0.0,0.0,0.0
47129,0.0,0.0,0.0,0.0,0.0,1.0
47144,0.0,0.0,1.0,0.0,0.0,0.0
47164,1.0,0.0,0.0,0.0,0.0,0.0
47182,0.0,0.0,0.0,0.0,0.0,0.0
47185,0.0,0.0,0.0,0.95,0.05,0.0
47211,0.0,0.0,0.9261565836298933,0.06316725978647687,0.010676156583629894,0.0
47229,0.9828030954428203,0.0,0.017196904557179708,0.0,0.0,0.0
47258,1.0,0.0,0.0,0.0,0.0,0.0
47262,0.0,0.0,0.0,1.0,0.0,0.0
47268,0.0,0.0,1.0,0.0,0.0,0.0
47305,0.0,0.0,0.0,0.0,1.0,0.0
47334,0.0,0.0,0.0,0.0,1.0,0.0
47345,0.0,0.0,0.0,0.0,1.0,0.0
47369,0.0,0.0,0.0,0.0,0.0,0.0
47392,0.0,0.0,0.5057096247960848,0.49429037520391517,0.0,0.0
47400,0.0,0.0,0.0,1.0,0.0,0.0
47415,1.0,0.0,0.0,0.0,0.0,0.0
47419,1.0,0.0,0.0,0.0,0.0,0.0
47424,0.0,0.0,0.0,0.000693000693000693,0.9993069993069993,0.0
47484,0.0,0.0,0.0,0.0,0.0,1.0
47492,0.0,0.0,0.0,0.0,0.0,1.0
47585,0.0,0.0,0.0,0.0,0.0,0.0
47598,0.0,0.0,0.0,0.0,1.0,0.0
47643,0.0,0.0,0.0,0.0,1.0,0.0
47675,1.0,0.0,0.0,0.0,0.0,0.0
47690,0.0,0.0,0.9930974978429681,0.0008628127696289905,0.0060396893874029335,0.0
47715,0.0,0.0,0.0,0.0,1.0,0.0
47719,0.0,0.0,0.0,0.0,0.0,0.0
47735,0.0,0.0,0.0,0.0,0.0,0.0
47753,0.0,0.0,1.0,0.0,0.0,0.0
47766,0.0,0.0,0.0,0.0,0.9882352941176471,0.011764705882352941
47773,0.0,0.0,0.0,0.0,0.0,1.0
47789,0.0,0.0,0.0,0.0,0.0,1.0
47828,0.0,0.0,0.0,0.0,1.0,0.0
47893,0.0,0.0,0.0,0.0,1.0,0.0
47908,0.0,0.0,1.0,0.0,0.0,0.0
47940,0.6336,0.0,0.3664,0.0,0.0,0.0
47941,0.9964285714285714,0.0,0.0035714285714285713,0.0,0.0,0.0
47942,0.0,0.0,0.9994997498749375,0.0005002501250625312,0.0,0.0
47946,0.0,0.0,1.0,0.0,0.0,0.0
47947,0.0,0.0,0.0,0.0,1.0,0.0
47954,0.0,0.0,1.0,0.0,0.0,0.0
47977,0.0,0.0,1.0,0.0,0.0,0.0
47990,0.0,0.0,0.0,0.0,0.0,1.0
47999,0.0,0.0,0.0,1.0,0.0,0.0
48008,0.0,0.0,0.0,0.0,1.0,0.0
48029,0.0,0.0,1.0,0.0,0.0,0.0
48043,0.0,0.0,0.0,0.0,0.0,1.0
48091,0.0,0.0,0.0,0.0,1.0,0.0
48096,0.0,0.0,0.0,0.6887115165336374,0.3112884834663626,0.0
48098,0.0,0.0,0.9750297265160524,0.02497027348394768,0.0,0.0
48126,0.0015608740894901144,0.0,0.9984391259105099,0.0,0.0,0.0
48154,0.0,0.0,0.0,1.0,0.0,0.0
48155,0.0,0.0,0.0,0.0,1.0,0.0
48164,0.0,0.0,0.0,0.0,0.0,1.0
48176,0.0,0.0,1.0,0.0,0.0,0.0
48199,0.015625,0.0,0.984375,0.0,0.0,0.0
48216,0.0,0.0,1.0,0.0,0.0,0.0
48314,1.0,0.0,0.0,0.0,0.0,0.0
48315,0.0,0.0,1.0,0.0,0.0,0.0
48320,0.0,0.0,0.0,0.0,1.0,0.0
48347,0.0,0.0,0.0,0.0,1.0,0.0
48348,1.0,0.0,0.0,0.0,0.0,0.0
48350,0.0,0.0,0.0,0.28983516483516486,0.7101648351648352,0.0
48352,0.0,0.0,1.0,0.0,0.0,0.0
48355,0.0,0.0,0.0,1.0,0.0,0.0
48356,0.0,0.0,0.9955197132616488,0.004480286738351254,0.0,0.0
48383,0.8333333333333334,0.0,0.0,0.0,0.16666666666666666,0.0
48385,0.0,0.0,1.0,0.0,0.0,0.0
48411,0.0,0.0,0.0,0.0,1.0,0.0
48451,0.0,0.0,1.0,0.0,0.0,0.0
48497,0.0,0.0,0.9285714285714286,0.06235827664399093,0.009070294784580499,0.0
48528,0.0,0.0,0.0,0.0,0.0,0.0
48537,0.0,0.0,0.0,0.0,0.0,0.0
48538,0.0,0.0,0.8936735778841042,0.1063264221158958,0.0,0.0
48580,0.0,0.0,0.0005767012687427913,0.9994232987312572,0.0,0.0
48603,0.0,0.0,1.0,0.0,0.0,0.0
48614,0.0,0.0,1.0,0.0,0.0,0.0
48616,0.0,0.0,0.0,0.0,0.0,0.0
48633,0.023391812865497075,0.0,0.9766081871345029,0.0,0.0,0.0
48642,0.0,0.0,0.0,0.0,0.0,1.0
48647,1.0,0.0,0.0,0.0,0.0,0.0
48653,0.0,0.0,0.0,0.0,0.0,0.0
48679,0.0,0.0,0.0,0.0,1.0,0.0
48687,1.0,0.0,0.0,0.0,0.0,0.0
48690,0.0,0.0,0.0,1.0,0.0,0.0
48695,1.0,0.0,0.0,0.0,0.0,0.0
48733,0.0,0.0,1.0,0.0,0.0,0.0
48747,0.0,0.0,0.0,0.012605042016806723,0.9873949579831933,0.0
48761,1.0,0.0,0.0,0.0,0.0,0.0
48773,0.0,0.0,1.0,0.0,0.0,0.0
48777,0.0,0.0,0.0,0.0,1.0,0.0
48787,0.0,0.0,0.986446670595168,0.0,0.013553329404832056,0.0
48810,0.0,0.0,1.0,0.0,0.0,0.0
48825,0.0,0.0,0.24545454545454545,0.27045454545454545,0.48409090909090907,0.0
48834,0.0,0.0,0.005427408412483039,0.0,0.994572591587517,0.0
48878,0.0,0.0,1.0,0.0,0.0,0.0
48902,0.0,0.0,0.37915601023017903,0.620843989769821,0.0,0.0
48932,0.0,0.0,0.0,0.0,0.0,0.0
48933,0.0,0.0,0.07813446396123562,0.919442761962447,0.0,0.0024227740763173833
48980,0.0,0.0,1.0,0.0,0.0,0.0
48982,0.0,0.0,0.358664363845711,0.641335636154289,0.0,0.0
48988,0.0,0.0,0.0,1.0,0.0,0.0
49065,0.0,0.0,1.0,0.0,0.0,0.0
49089,0.0,0.0,1.0,0.0,0.0,0.0
49103,0.0,0.0,0.0,0.0,1.0,0.0
49167,0.0,0.0,0.0,0.0,1.0,0.0
49172,0.0,0.0,1.0,0.0,0.0,0.0
49197,0.0,0.0,0.0,0.0,0.0,0.0
49206,0.05555555555555555,0.0,0.9444444444444444,0.0,0.0,0.0
49220,0.0,0.0,1.0,0.0,0.0,0.0
49280,0.0,0.0,1.0,0.0,0.0,0.0
49281,0.0,0.0,1.0,0.0,0.0,0.0
49287,0.0,0.0,1.0,0.0,0.0,0.0
49290,0.0,0.0,0.0,0.0,0.0,1.0
49354,0.0,0.0,0.0,0.0,0.0,1.0
49372,0.0009900990099009901,0.0,0.9920792079207921,0.0,0.006930693069306931,0.0
49427,0.0,0.0,1.0,0.0,0.0,0.0
49434,0.0,0.0,1.0,0.0,0.0,0.0
49435,1.0,0.0,0.0,0.0,0.0,0.0
49441,0.0,0.0,1.0,0.0,0.0,0.0
49466,0.36524822695035464,0.0,0.6347517730496454,0.0,0.0,0.0
49471,0.0,0.0,1.0,0.0,0.0,0.0
49500,0.0,0.0,1.0,0.0,0.0,0.0
49501,0.0,0.0,0.0,0.0,0.0,0.0
49532,1.0,0.0,0.0,0.0,0.0,0.0
49550,0.0,0.0,0.0,0.0,0.0,0.0
49560,0.0,0.0,1.0,0.0,0.0,0.0
49591,0.0,0.0,0.0,0.0,0.0,0.0
49620,0.0005350454788657035,0.0,0.9406099518459069,0.05885500267522739,0.0,0.0
49642,0.0,0.0,1.0,0.0,0.0,0.0
49668,0.0,0.0,0.999493670886076,0.0,0.0005063291139240507,0.0
49671,0.0,0.0,0.0,1.0,0.0,0.0
49692,1.0,0.0,0.0,0.0,0.0,0.0
49696,0.0,0.0,0.0,0.0,1.0,0.0
49741,0.0,0.0,0.9992406985573272,0.0007593014426727411,0.0,0.0
49760,0.0010319917440660474,0.0,0.9989680082559339,0.0,0.0,0.0
49764,0.0,0.0,1.0,0.0,0.0,0.0
49769,0.0,0.0,0.0,0.0,0.0,0.0
49785,0.0,0.0,0.0,0.0,0.0,1.0
49790,0.0,0.0,0.0,0.0,0.0,0.0
49815,0.0,0.0,0.0,0.04216867469879518,0.9578313253012049,0.0
49844,0.0,0.0,0.0,0.0,0.0,0.0
49853,0.0,0.0,0.0,1.0,0.0,0.0
49861,0.0,0.0,1.0,0.0,0.0,0.0
49892,0.0,0.0,0.0,0.0,0.0,0.0
49900,0.0,0.0,0.0,0.0,0.0,0.0
49929,0.0,0.0,0.3028391167192429,0.0,0.6971608832807571,0.0
49938,0.0,0.0,0.0,1.0,0.0,0.0
49950,0.0,0.0,0.0,1.0,0.0,0.0
49975,0.0,0.0,0.0,0.0,0.0,0.0
49978,0.06790123456790123,0.0,0.7901234567901234,0.0,0.1419753086419753,0.0
49980,0.0,0.0,0.0,0.0,0.0,1.0
50006,0.0,0.0,0.0,0.0,1.0,0.0
50008,0.001038961038961039,0.0,0.9979220779220779,0.0,0.001038961038961039,0.0
50010,0.0,0.0,0.0,0.0,1.0,0.0
50011,0.0,0.0,0.0,0.0,1.0,0.0
50030,0.0,0.0,0.9940740740740741,0.0044444444444444444,0.0014814814814814814,0.0
50100,0.0,0.0,0.0,0.0,0.0995850622406639,0.9004149377593361
50102,1.0,0.0,0.0,0.0,0.0,0.0
50136,0.0,0.0,1.0,0.0,0.0,0.0
50168,0.0,0.0,1.0,0.0,0.0,0.0
50171,0.0,0.0,0.0,0.0,0.0,0.0
50172,0.0,0.0,1.0,0.0,0.0,0.0
50174,0.0,0.0,1.0,0.0,0.0,0.0
50199,0.0,0.0,1.0,0.0,0.0,0.0
50231,0.0,0.0,1.0,0.0,0.0,0.0
50238,0.0,0.0,1.0,0.0,0.0,0.0
50254,0.2733812949640288,0.0,0.7266187050359713,0.0,0.0,0.0
50259,0.0,0.0,0.0,1.0,0.0,0.0
50277,0.0,0.0,0.8888888888888888,0.0,0.1111111111111111,0.0
50279,0.0,0.0,0.0,0.0,0.0,1.0
50281,0.0,0.0,0.0,0.0,0.0,1.0
50282,0.0,0.0,1.0,0.0,0.0,0.0
50283,1.0,0.0,0.0,0.0,0.0,0.0
50294,0.0,0.0,0.0,1.0,0.0,0.0
50330,0.0,0.0,0.0,0.0,0.0,0.0
50335,0.0,0.0,0.0,1.0,0.0,0.0
50355,0.0,0.0,0.9974645030425964,0.002535496957403651,0.0,0.0
50379,0.9965034965034965,0.0,0.0034965034965034965,0.0,0.0,0.0
50419,0.0,0.0,0.0,0.0,0.0,0.0
50429,0.0,0.0,0.5823723228995058,0.41762767710049425,0.0,0.0
50454,1.0,0.0,0.0,0.0,0.0,0.0
50457,0.0,0.0,0.0,0.9872318692543411,0.012768130745658836,0.0
50492,0.0,0.0,0.0,0.0,1.0,0.0
50516,0.0,0.0,1.0,0.0,0.0,0.0
50537,0.0,0.0,0.4668587896253602,0.5331412103746398,0.0,0.0
50561,0.0,0.0,1.0,0.0,0.0,0.0
50565,0.0,0.0,0.7789400278940027,0.21548117154811716,0.0,0.005578800557880056
50572,0.0,0.0,0.14285714285714285,0.0,0.2857142857142857,0.5714285714285714
50591,0.16400425985090522,0.0,0.8264110756123536,0.0,0.009584664536741214,0.0
50615,0.0,0.0,0.0,0.0,1.0,0.0
50616,0.0,0.0,0.0,1.0,0.0,0.0
50635,0.0,0.0,0.0,0.0,0.0,0.0
50636,0.0,0.0,0.0,0.0,0.9583333333333334,0.041666666666666664
50642,0.0,0.0,0.0,1.0,0.0,0.0
50664,0.0,0.0,0.0,0.0,1.0,0.0
50665,0.0,0.0,0.0,0.0,1.0,0.0
50675,0.0,0.0,0.0,0.0,0.0,0.0
50689,0.0,0.0,0.0,0.0,1.0,0.0
50752,0.0,0.0,0.03636363636363636,0.9636363636363636,0.0,0.0
50781,0.0,0.0,0.0,0.27207207207207207,0.0,0.7279279279279279
50795,0.0,0.0,1.0,0.0,0.0,0.0
50821,0.0,0.0,0.0,0.0,1.0,0.0
50870,1.0,0.0,0.0,0.0,0.0,0.0
50873,0.0,0.0,1.0,0.0,0.0,0.0
50906,0.0,0.0,0.0,0.0,0.0,1.0
50908,0.0,0.0,0.875968992248062,0.0,0.0,0.12403100775193798
50909,0.0,0.0,0.0,0.0,0.0,1.0
50929,0.0,0.0,1.0,0.0,0.0,0.0
50931,0.0,0.0,0.9836734693877551,0.0163265306122449,0.0,0.0
50934,0.0,0.0,1.0,0.0,0.0,0.0
50944,0.0,0.0,0.8985781990521327,0.0,0.1014218009478673,0.0
50955,0.0,0.0,0.0165016501650165,0.9801980198019802,0.0033003300330033004,0.0
50961,0.0,0.0,1.0,0.0,0.0,0.0
51007,0.0,0.0,0.0,0.0,0.0,0.0
51017,0.9421800947867298,0.0,0.05781990521327014,0.0,0.0,0.0
51066,0.0,0.0,0.0,0.0,0.0,0.0
51073,0.0010209290454313426,0.0,0.9989790709545686,0.0,0.0,0.0
51074,0.0,0.0,1.0,0.0,0.0,0.0
51087,0.0,0.3316062176165803,0.0,0.0,0.6683937823834197,0.0
51099,0.0,0.0,1.0,0.0,0.0,0.0
51102,0.0,0.0,0.0,0.0,0.0,0.0
51132,1.0,0.0,0.0,0.0,0.0,0.0
51157,0.0,0.0,1.0,0.0,0.0,0.0
51183,0.0,0.0,0.0,0.0,0.16374269005847952,0.8362573099415205
51186,0.0,0.0,0.0,0.0,1.0,0.0
51240,0.0,0.0,0.0,1.0,0.0,0.0
51254,0.0,0.0,0.7401709401709402,0.22393162393162394,0.035897435897435895,0.0
51264,0.0,0.0,1.0,0.0,0.0,0.0
51279,0.0,0.0,0.0,0.0,1.0,0.0
51294,0.0,0.0,0.9974779319041615,0.0025220680958385876,0.0,0.0
51337,0.0,0.0,0.0,0.0,0.0,1.0
51344,0.0,0.0,0.6470588235294118,0.35294117647058826,0.0,0.0
51368,0.0,0.0,0.0,0.0,0.9230769230769231,0.07692307692307693
51369,0.0,0.0,0.00909090909090909,0.004545454545454545,0.9863636363636363,0.0
51372,0.0,0.0,0.0,1.0,0.0,0.0
51373,0.0,0.0,0.0,0.05612244897959184,0.9438775510204082,0.0
51375,0.0,0.0,1.0,0.0,0.0,0.0
51393,0.0,0.0,0.9941002949852508,0.0058997050147492625,0.0,0.0
51396,0.0,0.0,0.0,0.0,0.0,0.0
51401,0.0,0.0,1.0,0.0,0.0,0.0
51431,0.0,0.0,0.0,1.0,0.0,0.0
51453,0.0,0.0,0.0,0.0,0.0,0.0
51481,0.0,0.0,0.9973718791064389,0.002628120893561104,0.0,0.0
51531,0.0,0.0,1.0,0.0,0.0,0.0
51535,0.1522633744855967,0.0,0.8477366255144033,0.0,0.0,0.0
51537,0.0077279752704791345,0.0,0.9690880989180835,0.0,0.023183925811437404,0.0
51580,0.0,0.0,0.0,1.0,0.0,0.0
51588,0.0,0.0,1.0,0.0,0.0,0.0
51604,0.0,0.0,0.0,0.0,0.0,1.0
51607,0.0,0.0,0.0,0.0,0.0,0.0
51621,1.0,0.0,0.0,0.0,0.0,0.0
51625,0.0,0.0,1.0,0.0,0.0,0.0
51675,0.0,0.0,0.9282051282051282,0.07179487179487179,0.0,0.0
51730,0.0,0.0,1.0,0.0,0.0,0.0
51733,0.0,0.0,0.0,0.0,0.0,0.0
51760,0.0,0.0,0.0,0.0,1.0,0.0
51779,0.0035650623885918,0.0,0.9964349376114082,0.0,0.0,0.0
51780,0.0,0.0,0.9900793650793651,0.00992063492063492,0.0,0.0
51856,0.0,0.0,0.6564009661835749,0.34359903381642515,0.0,0.0
51885,0.0,0.0,1.0,0.0,0.0,0.0
51886,0.0,0.0,1.0,0.0,0.0,0.0
51889,0.0,0.0,0.9375,0.0625,0.0,0.0
51903,0.0,0.0,1.0,0.0,0.0,0.0
51914,1.0,0.0,0.0,0.0,0.0,0.0
51916,0.0,0.0,0.3384433962264151,0.6615566037735849,0.0,0.0
51917,0.0,0.0,1.0,0.0,0.0,0.0
51919,0.0,0.0,0.0,0.0,1.0,0.0
51930,0.0,0.0,0.0,0.0,0.0,1.0
51939,0.0,0.0,0.0,0.0,0.0,0.0
51958,0.0,0.0,0.0,0.9994623655913979,0.0005376344086021505,0.0
52045,0.0,0.0,0.6857142857142857,0.3142857142857143,0.0,0.0
52050,0.0,0.0,0.0,0.12237762237762238,0.8776223776223776,0.0
52056,0.0,0.0,1.0,0.0,0.0,0.0
52086,0.0,0.0,0.421765295887663,0.578234704112337,0.0,0.0
52109,0.0,0.0,0.5127272727272727,0.48727272727272725,0.0,0.0
52111,0.0,0.0,0.7517564402810304,0.24824355971896955,0.0,0.0
52151,0.0,0.0,0.0,0.0,1.0,0.0
52158,0.0,0.0,0.0,0.0,0.0,1.0
52210,0.0,0.0,0.0,0.0,0.0,0.0
52240,0.0,0.0,1.0,0.0,0.0,0.0
52295,0.005754475703324808,0.0,0.9910485933503836,0.0,0.00319693094629156,0.0
52321,0.0,0.0,1.0,0.0,0.0,0.0
52326,0.0,0.0,0.9994910941475827,0.0005089058524173028,0.0,0.0
52336,0.0,0.0,0.0,1.0,0.0,0.0
52357,0.0,0.0,1.0,0.0,0.0,0.0
52364,0.0,0.0,0.46296296296296297,0.5370370370370371,0.0,0.0
52367,0.0,0.0,0.0,0.0,0.0,0.0
52369,0.0,0.0,1.0,0.0,0.0,0.0
52394,0.0,0.0,0.0,0.0,0.0,0.0
52397,1.0,0.0,0.0,0.0,0.0,0.0
52426,0.0029806259314456036,0.0,0.9970193740685543,0.0,0.0,0.0
52443,0.0,0.0,1.0,0.0,0.0,0.0
52473,0.0,0.0,0.0,1.0,0.0,0.0
52492,0.0,0.0,1.0,0.0,0.0,0.0
52499,0.0,0.0,0.0,0.0,1.0,0.0
52518,0.0,0.0,0.0,0.0,1.0,0.0
52537,0.0,0.0,0.2013129102844639,0.7986870897155361,0.0,0.0
52558,0.0,0.0,0.0,0.0,0.0,0.0
52594,0.0,0.0,1.0,0.0,0.0,0.0
52595,0.9893190921228304,0.0,0.010680907877169559,0.0,0.0,0.0
52653,0.0,0.0,1.0,0.0,0.0,0.0
52704,0.0,0.0,0.0,0.0,0.0,0.0
52705,0.0,0.0,0.0,0.0,1.0,0.0
52845,0.0,0.0,0.5686695278969958,0.4313304721030043,0.0,0.0
52894,0.0,0.0,0.0,0.0,0.0,1.0
52898,0.0,0.0,0.0,0.0,1.0,0.0
52899,0.0,0.0,0.0,0.0,0.0,1.0
52913,0.0,0.0,1.0,0.0,0.0,0.0
52939,0.0,0.0,0.0,0.8461538461538461,0.15384615384615385,0.0
52941,0.0,0.0,1.0,0.0,0.0,0.0
52983,0.0,0.0,0.0,0.0,0.0,0.0
52985,0.0,0.0,0.9994802494802495,0.0005197505197505198,0.0,0.0
53033,0.0,0.0,1.0,0.0,0.0,0.0
53041,0.0,0.0,0.0,0.0,0.0,1.0
53081,1.0,0.0,0.0,0.0,0.0,0.0
53082,0.0,0.0,0.0,0.0,0.0,1.0
53083,0.0,0.0,0.9796610169491525,0.020338983050847456,0.0,0.0
53095,0.0,0.0,0.0,0.0,0.0,0.0
53105,0.0,0.0,1.0,0.0,0.0,0.0
53138,0.0,0.0,1.0,0.0,0.0,0.0
53159,0.0,0.0,0.9879903923138511,0.01200960768614892,0.0,0.0
53173,0.0,0.0,0.0,0.0,0.007166482910694598,0.9928335170893055
53185,0.0,0.0,0.0,0.625560538116592,0.0,0.3744394618834081
53198,0.0,0.0,0.0,0.0,1.0,0.0
53206,0.0,0.0,1.0,0.0,0.0,0.0
53239,0.30977734753146174,0.6495643756050339,0.0,0.0,0.03388189738625363,0.006776379477250726
53242,0.0,0.0,0.0,0.0,1.0,0.0
53243,0.0,0.0,1.0,0.0,0.0,0.0
53273,0.0,0.0,0.9280677009873061,0.0,0.07193229901269393,0.0
53314,0.0,0.0,0.0,0.0065237651444548,0.9934762348555451,0.0
53316,0.0,0.0,0.0,0.0,0.0,1.0
53343,0.0,0.0,1.0,0.0,0.0,0.0
53362,0.0,0.0,0.0,0.0,1.0,0.0
53408,0.0,0.0,0.2807118254879449,0.7192881745120551,0.0,0.0
53424,0.0,0.0,0.0,0.031746031746031744,0.9682539682539683,0.0
53455,0.0,0.0,0.25705939629990265,0.7429406037000974,0.0,0.0
53476,0.0,0.0,0.0,0.0,0.0,1.0
53487,0.0,0.0,1.0,0.0,0.0,0.0
53554,0.0,0.0,0.0,0.0,0.0,1.0
53587,0.8928571428571429,0.0,0.0,0.0,0.10714285714285714,0.0
53591,1.0,0.0,0.0,0.0,0.0,0.0
53614,0.0,0.0,0.0,0.00273224043715847,0.0,0.9972677595628415
53615,0.0,0.0,0.928495197438634,0.06937033084311633,0.0,0.0021344717182497333
53616,0.01107011070110701,0.0,0.4797047970479705,0.0,0.5092250922509225,0.0
53639,0.0,0.0,1.0,0.0,0.0,0.0
53643,0.9176706827309237,0.0,0.0823293172690763,0.0,0.0,0.0
53644,1.0,0.0,0.0,0.0,0.0,0.0
53685,0.0,0.0,0.0,0.0,1.0,0.0
53705,0.0,0.0,0.0,0.0,0.0,0.0
53708,0.0,0.0,0.0,1.0,0.0,0.0
53710,0.0,0.0,0.0,0.0,0.0,0.0
53717,0.0,0.0,0.0,0.0,1.0,0.0
53729,0.0,0.0,0.9994858611825193,0.0005141388174807198,0.0,0.0
53755,0.0,0.0,1.0,0.0,0.0,0.0
53758,0.0,0.0,0.998972250770812,0.0,0.0010277492291880781,0.0
53770,0.0,0.0,0.7254901960784313,0.27450980392156865,0.0,0.0
53771,0.0,0.0,1.0,0.0,0.0,0.0
53774,1.0,0.0,0.0,0.0,0.0,0.0
53775,0.0,0.0,1.0,0.0,0.0,0.0
53785,0.0,0.0,0.0,1.0,0.0,0.0
53808,0.0,0.0,1.0,0.0,0.0,0.0
53850,0.0,0.0,0.0,0.0,1.0,0.0
53874,0.0,0.0,1.0,0.0,0.0,0.0
53905,0.0,0.0,0.0,0.0,1.0,0.0
53906,0.0,0.0,1.0,0.0,0.0,0.0
53913,0.0,0.0,0.0,0.0,0.0,1.0
53914,0.0,0.0,0.0,0.0,0.0,0.0
53951,0.0,0.0,0.0,0.0,0.0,1.0
54037,0.0,0.0,0.0,0.0,1.0,0.0
54048,0.0,0.0,0.0,0.0,1.0,0.0
54058,0.0,0.0,0.0,0.0,0.0,0.0
54061,0.0,0.0,0.0,0.0,0.0,0.0
54110,0.0,0.0,0.0,0.0,0.0,1.0
54111,0.0,0.0,0.0,0.0,0.0,1.0
54185,0.0,0.0,0.0,1.0,0.0,0.0
54214,0.0,0.0,0.0,0.0,1.0,0.0
54217,0.0,0.0,1.0,0.0,0.0,0.0
54237,0.0,0.0,0.0,0.0,1.0,0.0
54261,0.13380281690140844,0.0,0.4859154929577465,0.0,0.38028169014084506,0.0
54325,0.0,0.0,0.0,0.0,0.0,0.0
54388,0.0,0.0,0.0,0.0,0.0,0.0
54395,1.0,0.0,0.0,0.0,0.0,0.0
54443,0.0,0.0,0.0,0.0,1.0,0.0
54469,0.0,0.0,1.0,0.0,0.0,0.0
54506,0.0,0.0,0.0,1.0,0.0,0.0
54536,0.0,0.0,0.0,0.0,0.0,1.0
54537,0.0,0.0,1.0,0.0,0.0,0.0
54538,0.0,0.0,0.9969543147208122,0.003045685279187817,0.0,0.0
54548,0.0,0.0,0.0,1.0,0.0,0.0
54550,0.0,0.0,0.0,1.0,0.0,0.0
54577,0.0,0.0,0.0,0.0,0.0,1.0
54660,1.0,0.0,0.0,0.0,0.0,0.0
54803,0.0,0.0,0.0,0.0,0.0,1.0
54804,0.0,0.0,0.0,1.0,0.0,0.0
54810,0.0,0.0,0.01707317073170732,0.5804878048780487,0.4024390243902439,0.0
54820,0.0,0.0,0.0,0.0,1.0,0.0
54824,0.0,0.0,0.0,0.0,1.0,0.0
54839,0.0,0.0,0.0,0.0,0.0,0.0
54841,0.0,0.0,0.0,1.0,0.0,0.0
54850,0.0,0.0,1.0,0.0,0.0,0.0
54879,0.0,0.0,1.0,0.0,0.0,0.0
54894,0.0,0.0,0.0,0.0,0.0,1.0
54915,0.0,0.0,0.0,1.0,0.0,0.0
54917,0.0,0.0,1.0,0.0,0.0,0.0
54938,0.0,0.0,0.0,0.0,0.0,0.0
54948,0.0,0.0,1.0,0.0,0.0,0.0
54950,0.0,0.0,0.0,0.7800658978583196,0.0,0.21993410214168038
54953,0.0,0.0,0.2972972972972973,0.02702702702702703,0.6756756756756757,0.0
54954,0.0,0.0,1.0,0.0,0.0,0.0
55036,0.0,0.0,0.0,0.0,1.0,0.0
55051,0.0,0.0,0.9013539651837524,0.09864603481624758,0.0,0.0
55077,0.0,0.0,0.0,0.0,1.0,0.0
55086,0.6875,0.0,0.3125,0.0,0.0,0.0
55153,0.0,0.0,0.0,0.0,0.9230769230769231,0.07692307692307693
55200,0.0,0.0,1.0,0.0,0.0,0.0
55203,0.0,0.0,0.008771929824561403,0.9912280701754386,0.0,0.0
55233,0.0,0.0,0.0,0.0,1.0,0.0
55234,0.0,0.0,0.0,1.0,0.0,0.0
55266,0.0,0.0,0.0,0.0,1.0,0.0
55270,0.0,0.0,1.0,0.0,0.0,0.0
55271,0.0,0.0,0.030120481927710843,0.9698795180722891,0.0,0.0
55316,0.0,0.0,0.0,0.0,1.0,0.0
55344,0.0,0.0,0.7222222222222222,0.16666666666666666,0.1111111111111111,0.0
55349,0.0,0.0,0.018832391713747645,0.0,0.9811676082862524,0.0
55413,0.0,0.0,1.0,0.0,0.0,0.0
55414,0.0,0.0,0.0,0.0,0.0,0.0
55453,0.0,0.0,0.8333333333333334,0.0,0.0,0.16666666666666666
55467,0.0,0.0,1.0,0.0,0.0,0.0
55470,0.0,0.0,0.0,0.0,0.0,0.0
55512,0.0,0.0,0.029661016949152543,0.0,0.0,0.9703389830508474
55535,0.0,0.0,0.75,0.0,0.25,0.0
55537,0.0,0.0,1.0,0.0,0.0,0.0
55605,0.2,0.0,0.04,0.76,0.0,0.0
55610,0.0,0.0,0.0,0.0,0.0,1.0
55699,0.0,0.0,1.0,0.0,0.0,0.0
55727,0.0,0.0,0.0,0.0,0.999,0.001
55733,0.0011904761904761906,0.0,0.9988095238095238,0.0,0.0,0.0
55745,0.0,0.0,1.0,0.0,0.0,0.0
55763,0.0,0.0,0.0,0.0,0.0,1.0
55765,0.0,0.0,1.0,0.0,0.0,0.0
55767,0.0,0.0,0.0,0.0,1.0,0.0
55770,0.0,0.0,0.0,1.0,0.0,0.0
55788,0.0,0.0,1.0,0.0,0.0,0.0
55818,0.0,0.0,0.0,0.9846827133479212,0.015317286652078774,0.0
55839,0.0,0.0,0.002617801047120419,0.9973821989528796,0.0,0.0
55842,0.0,0.0,0.8553615960099751,0.02493765586034913,0.11970074812967581,0.0
55851,0.0,0.0,0.0,0.0,0.0,0.0
55877,0.472,0.0,0.528,0.0,0.0,0.0
55880,0.0,0.0,1.0,0.0,0.0,0.0
55885,0.0,0.0,0.9994974874371859,0.0005025125628140704,0.0,0.0
55886,0.0,0.0,0.0,1.0,0.0,0.0
55911,0.0,0.0,0.0,0.0,0.0,1.0
55930,0.0,0.0,0.2,0.0,0.8,0.0
55966,0.0,0.0,0.0,0.0,0.0,0.0
56064,0.6061899679829242,0.0,0.39381003201707576,0.0,0.0,0.0
56065,0.0,0.0,0.0,1.0,0.0,0.0
56068,0.0,0.0,0.0,0.0,0.0,1.0
56096,0.0,0.0,1.0,0.0,0.0,0.0
56100,0.0,0.0,1.0,0.0,0.0,0.0
56102,0.0,0.0,1.0,0.0,0.0,0.0
56106,0.0,0.0,1.0,0.0,0.0,0.0
56139,1.0,0.0,0.0,0.0,0.0,0.0
56173,0.0,0.0,1.0,0.0,0.0,0.0
56180,0.0,0.0,0.0,0.0,0.0,1.0
56207,0.9992942836979535,0.0,0.0007057163020465773,0.0,0.0,0.0
56216,0.0,0.0,0.0,0.0,0.0,1.0
56326,0.0,0.0,0.0,0.0,0.0,1.0
56329,0.0,0.0,0.0,0.0,0.0,1.0
56332,0.0,0.0,1.0,0.0,0.0,0.0
56388,0.0,0.0,0.0,0.0,0.0,1.0
56405,1.0,0.0,0.0,0.0,0.0,0.0
56417,0.0,0.0,0.8945147679324894,0.10548523206751055,0.0,0.0
56452,0.16666666666666666,0.0,0.0,0.0,0.8333333333333334,0.0
56484,0.0,0.0,0.0,1.0,0.0,0.0
56489,0.0,0.0,1.0,0.0,0.0,0.0
56498,0.0,0.0,0.0,1.0,0.0,0.0
56514,0.0,0.0,0.0,0.0,1.0,0.0
56523,0.0,0.0,1.0,0.0,0.0,0.0
56546,0.0,0.0,0.0,0.0,0.0025220680958385876,0.9974779319041615
56554,0.0,0.0,0.0,1.0,0.0,0.0
56555,0.0,0.0,0.0,0.0,0.0,0.0
56593,0.0,0.0,0.0,0.0,0.0,1.0
56636,0.0,0.0,0.0,1.0,0.0,0.0
56640,0.0,0.0,0.0,0.0,1.0,0.0
56671,0.0,0.0,0.0,0.0,0.0,0.0
56756,0.0,0.0,1.0,0.0,0.0,0.0
56757,0.0,0.0,0.0,0.0,1.0,0.0
56758,0.0,0.0,1.0,0.0,0.0,0.0
56786,0.0,0.0,1.0,0.0,0.0,0.0
56790,0.0,0.0,1.0,0.0,0.0,0.0
56828,0.0,0.0,1.0,0.0,0.0,0.0
56830,0.0,0.0,0.42857142857142855,0.014285714285714285,0.5571428571428572,0.0
56866,0.0,0.0,1.0,0.0,0.0,0.0
56867,0.0,0.0,0.0,0.0,1.0,0.0
56872,0.006815365551425031,0.0,0.993184634448575,0.0,0.0,0.0
56907,0.0,0.0,0.10344827586206896,0.8275862068965517,0.06896551724137931,0.0
56918,0.0,0.0,0.0,1.0,0.0,0.0
56928,0.0,0.0,0.0007097232079489,0.9992902767920511,0.0,0.0
56939,0.0,0.0,1.0,0.0,0.0,0.0
56951,0.0,0.0,1.0,0.0,0.0,0.0
57051,0.0,0.0,0.0,0.0,0.0,1.0
57085,1.0,0.0,0.0,0.0,0.0,0.0
57102,0.0,0.0,0.0,0.0,0.0,0.0
57146,0.0,0.0,0.0,0.0,1.0,0.0
57148,0.0,0.0,0.0,0.0,0.0,0.0
57182,0.0,0.0,0.984179850124896,0.01582014987510408,0.0,0.0
57222,0.5308988764044944,0.0,0.4691011235955056,0.0,0.0,0.0
57224,0.0,0.0,1.0,0.0,0.0,0.0
57231,0.0,0.0,0.0,1.0,0.0,0.0
57267,0.0,0.0,0.0,0.0,0.0,0.0
57305,0.0,0.0,0.0,0.0,1.0,0.0
57322,0.0,0.0,0.0,1.0,0.0,0.0
57382,0.043933054393305436,0.0,0.7615062761506276,0.0,0.19456066945606695,0.0
57470,0.0,0.0,1.0,0.0,0.0,0.0
57491,0.1565749235474006,0.0,0.8434250764525993,0.0,0.0,0.0
57497,0.0,0.0,1.0,0.0,0.0,0.0
57536,0.0,0.0,1.0,0.0,0.0,0.0
57540,0.0,0.0,0.5,0.5,0.0,0.0
57541,0.0,0.0,1.0,0.0,0.0,0.0
57542,0.0,0.0,0.0,0.0,1.0,0.0
57555,0.0,0.0,0.0,0.0,0.0,1.0
57567,0.0,0.0,1.0,0.0,0.0,0.0
57581,0.0036275695284159614,0.0,0.966142684401451,0.006045949214026602,0.02418379685610641,0.0
57606,0.09574468085106383,0.0,0.9042553191489362,0.0,0.0,0.0
57607,0.005115089514066497,0.0,0.9360613810741688,0.056265984654731455,0.0,0.0025575447570332483
57647,0.13197026022304834,0.0,0.8680297397769516,0.0,0.0,0.0
57683,0.0,0.0,0.0,0.0,0.0,1.0
57730,0.0,0.0,1.0,0.0,0.0,0.0
57759,0.0,0.0,0.0,0.0,0.0,1.0
57762,0.0,0.0,0.0,0.0,1.0,0.0
57771,0.0,0.0,0.0,0.0,0.0,1.0
57801,0.0,0.0,1.0,0.0,0.0,0.0
57807,1.0,0.0,0.0,0.0,0.0,0.0
57832,0.0,0.0,0.0,0.0,0.0,0.0
57869,0.0,0.0,1.0,0.0,0.0,0.0
57880,0.0,0.0,0.0,0.0,1.0,0.0
57894,0.9907142857142858,0.0,0.0,0.0,0.009285714285714286,0.0
57956,0.0,0.0,1.0,0.0,0.0,0.0
57981,0.0,0.0,0.625,0.375,0.0,0.0
58017,0.0,0.0,0.0,1.0,0.0,0.0
58092,0.0,0.0,0.3647175421209118,0.6352824578790882,0.0,0.0
58119,0.0,0.0,0.0,1.0,0.0,0.0
58121,0.0,0.0,0.42857142857142855,0.0,0.5714285714285714,0.0
58177,0.017409470752089137,0.0,0.9825905292479109,0.0,0.0,0.0
58207,0.0,0.0,0.0,0.0,0.0,0.0
58211,0.0,0.0,1.0,0.0,0.0,0.0
58252,0.0,0.0,0.0,0.0,0.0,1.0
58293,0.0,0.0,0.0,1.0,0.0,0.0
58322,0.0,0.0,0.0,0.0,0.0,0.0
58333,0.0,0.0,1.0,0.0,0.0,0.0
58345,0.0,0.0,0.0,0.0,0.0,0.0
58364,0.0,0.0,0.0,0.0,0.0,0.0
58365,0.0,0.0,1.0,0.0,0.0,0.0
58372,0.0,0.0,1.0,0.0,0.0,0.0
58399,0.9863636363636363,0.0,0.01,0.0,0.0036363636363636364,0.0
58403,0.0,0.0,0.001063264221158958,0.998936735778841,0.0,0.0
58417,0.0,0.0,0.0,0.0,1.0,0.0
58474,0.0005094243504839531,0.0,0.999490575649516,0.0,0.0,0.0
58497,0.0,0.0,1.0,0.0,0.0,0.0
58559,0.0,0.0,0.16831683168316833,0.6049504950495049,0.0,0.22673267326732674
58605,0.0,0.0,0.9914184755174155,0.008581524482584554,0.0,0.0
58615,0.008112094395280236,0.0,0.9918879056047197,0.0,0.0,0.0
58676,0.0,0.0,0.0,0.9876543209876543,0.0,0.012345679012345678
58677,0.0,0.0,0.9880952380952381,0.011904761904761904,0.0,0.0
58690,0.0,0.0,0.0,0.0,1.0,0.0
58713,0.0,0.0,0.9428571428571428,0.0,0.05714285714285714,0.0
58800,1.0,0.0,0.0,0.0,0.0,0.0
58827,0.0,0.0,1.0,0.0,0.0,0.0
58842,0.0,0.0,1.0,0.0,0.0,0.0
58860,0.0,0.0,0.0,0.0,1.0,0.0
58861,0.0,0.0,0.0,0.0,0.0,0.0
58862,0.0,0.0,0.0,0.0,0.0,1.0
58895,0.0,0.0,0.8688524590163934,0.08118657298985169,0.04996096799375488,0.0
58934,0.0,0.0,1.0,0.0,0.0,0.0
58944,0.0,0.0,0.0,1.0,0.0,0.0
58956,0.0,0.0,0.0,1.0,0.0,0.0
58968,0.0,0.0,1.0,0.0,0.0,0.0
58970,0.0,0.0,0.03450754852624011,0.9654924514737598,0.0,0.0
59003,0.0,0.0,0.0,0.0,0.0,0.0
59009,0.0,0.0,0.0,0.0,0.0005078720162519045,0.9994921279837481
59045,0.9575418994413408,0.0,0.042458100558659215,0.0,0.0,0.0
59063,0.0,0.0,1.0,0.0,0.0,0.0
59065,1.0,0.0,0.0,0.0,0.0,0.0
59088,0.0,0.0,0.0,0.0011273957158962795,0.9988726042841037,0.0
59095,0.0,0.0,0.0,0.7197802197802198,0.14285714285714285,0.13736263736263737
59130,0.0,0.0,1.0,0.0,0.0,0.0
59168,0.0,0.0,0.0,0.0,0.0,1.0
59171,0.0,0.0,0.0,0.20782608695652174,0.7921739130434783,0.0
59182,0.0,0.0,0.0,0.002364066193853428,0.0,0.9976359338061466
59208,0.0,0.0,0.0,0.0,0.9703557312252964,0.029644268774703556
59209,0.0,0.0,0.0,1.0,0.0,0.0
59246,0.0,0.0,0.0,0.898238747553816,0.10176125244618395,0.0
59287,0.0,0.0,0.033816425120772944,0.966183574879227,0.0,0.0
59319,0.0,0.0,0.0,0.0,0.0,0.0
59324,0.0,0.0,0.0,0.0,1.0,0.0
59398,0.0,0.0,1.0,0.0,0.0,0.0
59405,0.0,0.0,1.0,0.0,0.0,0.0
59431,1.0,0.0,0.0,0.0,0.0,0.0
59470,1.0,0.0,0.0,0.0,0.0,0.0
59480,0.0,0.0,0.9979296066252588,0.002070393374741201,0.0,0.0
59545,0.0,0.0,1.0,0.0,0.0,0.0
59549,0.0,0.0,0.7893903404592241,0.21060965954077593,0.0,0.0
59620,0.0,0.0,1.0,0.0,0.0,0.0
59658,0.0,0.0,0.0,0.0,0.0,0.0
59668,0.0,0.0,1.0,0.0,0.0,0.0
59699,0.0,0.0,1.0,0.0,0.0,0.0
59705,0.0,0.0,0.0,0.0,1.0,0.0
59733,0.0,0.0,0.9727134916624558,0.027286508337544216,0.0,0.0
59737,0.0,0.0,0.0,0.0,0.010033444816053512,0.9899665551839465
59739,0.0,0.0,1.0,0.0,0.0,0.0
59767,0.0,0.0,1.0,0.0,0.0,0.0
59768,0.0,0.0,0.14864864864864866,0.6972972972972973,0.15405405405405406,0.0
59770,0.011166945840312675,0.0,0.0,0.0,0.9888330541596874,0.0
59792,0.0,0.0,1.0,0.0,0.0,0.0
59809,0.0,0.0,0.9078014184397163,0.09219858156028368,0.0,0.0
59812,0.0,0.0,0.0,0.0,0.0,1.0
59816,0.0,0.0,0.0,0.9994994994994995,0.0005005005005005005,0.0
59841,0.0,0.0,0.9994946942900454,0.0,0.0005053057099545225,0.0
59920,0.0,0.0,0.7389558232931727,0.26104417670682734,0.0,0.0
59925,0.0005820721769499418,0.0,0.9994179278230501,0.0,0.0,0.0
59936,0.4716981132075472,0.0,0.5283018867924528,0.0,0.0,0.0
59964,0.0,0.0,1.0,0.0,0.0,0.0
60003,0.0,0.0,0.0,0.0,0.1,0.9
60013,0.01729106628242075,0.0,0.0,0.0,0.9817483189241114,0.0009606147934678194
60030,0.0,0.0,0.0,1.0,0.0,0.0
60042,0.0,0.0,1.0,0.0,0.0,0.0
60086,0.0,0.0,0.005376344086021506,0.24731182795698925,0.7473118279569892,0.0
60120,0.0,0.0,1.0,0.0,0.0,0.0
60121,0.0,0.0,0.0,0.0,0.0,0.0
60122,0.0,0.0,0.0,0.01020408163265306,0.9897959183673469,0.0
60160,0.0,0.0,0.0,0.9987236758136566,0.0,0.0012763241863433313
60164,0.001834862385321101,0.0,0.9403669724770642,0.03302752293577982,0.024770642201834864,0.0
60211,0.0,0.0,0.0,0.9834815756035579,0.007623888182973317,0.008894536213468869
60221,0.0,0.0,1.0,0.0,0.0,0.0
60238,0.0,0.0,0.9989701338825953,0.0,0.0010298661174047373,0.0
60243,0.0,0.0,1.0,0.0,0.0,0.0
60280,0.0,0.0,0.9994918699186992,0.0005081300813008131,0.0,0.0
60295,0.0,0.0,0.012658227848101266,0.9873417721518988,0.0,0.0
60297,0.0,0.0,0.0,0.0,1.0,0.0
60309,1.0,0.0,0.0,0.0,0.0,0.0
60322,0.0,0.0,0.8846153846153846,0.0,0.11538461538461539,0.0
60365,0.0,0.0,0.0,0.0,0.0,0.0
60403,0.0,0.0,0.0,0.0,0.0,1.0
60437,0.0,0.0,0.5525059665871122,0.0,0.0,0.44749403341288785
60438,0.236,0.0,0.0,0.0,0.0,0.764
60439,0.0,0.0,0.73,0.18,0.09,0.0
60442,0.0,0.0,0.9994797086368367,0.0,0.0005202913631633715,0.0
60457,0.0,0.0,1.0,0.0,0.0,0.0
60478,0.0005,0.0,0.9995,0.0,0.0,0.0
60483,0.0,0.0,0.0,0.0,0.0,0.0
60488,0.0,0.0,0.0,0.0,0.0,0.0
60496,0.0,0.0,0.0,0.0,0.04594400574300072,0.9540559942569993
60508,0.0,0.0,1.0,0.0,0.0,0.0
60515,0.0,0.0,1.0,0.0,0.0,0.0
60527,0.0,0.0,0.0,0.0,0.051597051597051594,0.9484029484029484
60558,0.0,0.0,1.0,0.0,0.0,0.0
60566,0.0,0.0,0.0,1.0,0.0,0.0
60572,0.0,0.0,1.0,0.0,0.0,0.0
60584,1.0,0.0,0.0,0.0,0.0,0.0
60585,0.8971553610503282,0.0,0.10284463894967177,0.0,0.0,0.0
60602,0.0,0.0,0.0,0.0,0.0,0.0
60624,0.0,0.0,1.0,0.0,0.0,0.0
60636,0.010626992561105207,0.0,0.9808714133900106,0.008501594048884165,0.0,0.0
60699,0.7681886603110888,0.23181133968891118,0.0,0.0,0.0,0.0
60707,0.0,0.0,1.0,0.0,0.0,0.0
60743,0.0,0.0,0.54,0.0,0.46,0.0
60796,0.0,0.0,0.004617752693689072,0.995382247306311,0.0,0.0
60814,0.0,0.0,1.0,0.0,0.0,0.0
60848,0.9649805447470817,0.0,0.03501945525291829,0.0,0.0,0.0
60888,0.0,0.0,0.0,0.0,0.0,0.0
60889,0.0,0.0,0.0,0.0,0.868231046931408,0.13176895306859207
60891,0.0,0.0,0.9983940042826552,0.0016059957173447537,0.0,0.0
60905,0.0,0.0,0.0,0.0,1.0,0.0
60962,0.0,0.0,1.0,0.0,0.0,0.0
60966,0.0,0.0,0.0,0.0,0.0,1.0
60978,0.0,0.0,0.0,0.0,0.0,0.0
60999,1.0,0.0,0.0,0.0,0.0,0.0
61052,0.011860637509266123,0.0,0.9881393624907339,0.0,0.0,0.0
61069,1.0,0.0,0.0,0.0,0.0,0.0
61103,0.0,0.0,0.0,1.0,0.0,0.0
61149,0.0,0.0,0.9933673469387755,0.0066326530612244895,0.0,0.0
61184,0.0,0.0,1.0,0.0,0.0,0.0
61305,0.0,0.0,1.0,0.0,0.0,0.0
61341,0.0,0.0,0.9989949748743718,0.0010050251256281408,0.0,0.0
61355,0.0,0.0,0.9983606557377049,0.001639344262295082,0.0,0.0
61379,0.0,0.0,0.0,0.0,0.0,1.0
61384,0.0,0.0,0.0,0.0,0.0,1.0
61417,0.0,0.0,0.0,0.0,0.0,1.0
61423,0.0,0.0,0.0,0.0,1.0,0.0
61450,0.0,0.0,1.0,0.0,0.0,0.0
61463,0.0,0.0,0.0,1.0,0.0,0.0
61479,0.0,0.0,0.0,1.0,0.0,0.0
61487,0.0,0.0,0.0,0.0,0.0,0.0
61520,1.0,0.0,0.0,0.0,0.0,0.0
61526,0.0,0.0,1.0,0.0,0.0,0.0
61635,0.0,0.0,1.0,0.0,0.0,0.0
61659,1.0,0.0,0.0,0.0,0.0,0.0
61704,0.0,0.0,0.9158805031446541,0.0,0.0479559748427673,0.036163522012578615
61722,0.0,0.0,1.0,0.0,0.0,0.0
61742,0.0,0.0,1.0,0.0,0.0,0.0
61743,0.0,0.0,0.0,0.0,1.0,0.0
61746,0.0,0.0,0.0,0.0,0.0,1.0
61754,0.0,0.0,0.0,0.0,0.0,1.0
61796,0.0,0.0,0.0,1.0,0.0,0.0
61816,0.0,0.0,0.0,1.0,0.0,0.0
61819,0.0,0.0,0.0,0.0,0.0,0.0
61858,0.006016847172081829,0.0,0.9939831528279182,0.0,0.0,0.0
61861,1.0,0.0,0.0,0.0,0.0,0.0
61874,0.0005012531328320802,0.0015037593984962407,0.0,0.9979949874686717,0.0,0.0
68480,0.0,0.0,0.0,0.0,0.00200300450676014,0.9979969954932398
68482,0.851965601965602,0.0,0.0,0.0,0.0,0.14803439803439802
68483,0.0,0.0,1.0,0.0,0.0,0.0
68486,0.8035143769968051,0.0,0.1964856230031949,0.0,0.0,0.0
68487,0.0,0.0,0.0,1.0,0.0,0.0
68488,1.0,0.0,0.0,0.0,0.0,0.0
68490,0.0,0.0,0.9640812077043207,0.0,0.0,0.03591879229567933
68496,0.0,0.0,0.0,0.0,0.0,0.0
68497,0.0,0.0,0.0,0.0,0.0,1.0
68500,0.0,0.0,0.0,0.0,0.0,1.0
68501,0.0,0.0,0.24502955400322407,0.0,0.0,0.7549704459967759
68502,0.0,0.0,0.0,0.0,1.0,0.0
68506,0.0,0.0,0.0,0.0,1.0,0.0
68509,0.0,0.0,1.0,0.0,0.0,0.0
68513,0.0,0.0,0.0,0.0,1.0,0.0
68516,0.0,0.0,0.0,0.0,1.0,0.0
68522,0.0,0.0,0.0,0.0,0.0,1.0
68527,0.0,0.0,0.0,0.0,0.0,1.0
68529,0.0,0.0,1.0,0.0,0.0,0.0
68533,0.0,0.0,0.0,0.0,0.0,1.0
68537,0.08647140864714087,0.0,0.9135285913528591,0.0,0.0,0.0
68538,0.0,0.0,0.0,0.0,0.0,1.0
68540,0.0,0.0,0.0,0.0,1.0,0.0
68541,0.0,0.0,0.0,0.0,0.0,1.0
68543,0.0,0.0,0.0,0.0,1.0,0.0
68546,0.0,0.0,0.0,0.0,0.0,1.0
68548,0.0,0.0,0.0,0.0,1.0,0.0
68550,0.0,0.0,0.0,0.0,0.0,1.0
68551,0.0,0.0,1.0,0.0,0.0,0.0
68565,0.0,0.0,0.0,0.0,0.0,1.0
68570,0.0,0.0,0.0,0.0,0.0,1.0
68572,0.0,0.0,0.0,0.0,0.0,0.0
68574,0.976456009913259,0.0,0.023543990086741014,0.0,0.0,0.0
68577,0.0,0.0,1.0,0.0,0.0,0.0
68590,0.05555555555555555,0.0,0.027777777777777776,0.0,0.0,0.9166666666666666
68591,0.0,0.0,0.0,0.0,0.0,1.0
68592,0.0,0.0,0.0,0.0,0.0,1.0
68596,0.0,0.0,0.0,0.0,0.0,1.0
68601,0.0,0.0,0.0,0.018317115054378934,0.0,0.9816828849456211
68602,0.0,0.0,0.0,0.0,0.0,0.0
68603,0.0,0.0,0.0,1.0,0.0,0.0
68606,0.0,0.0,0.0,0.0,0.0,1.0
68613,0.0,0.0,0.0,0.0,1.0,0.0
68615,0.0,0.0,1.0,0.0,0.0,0.0
68619,1.0,0.0,0.0,0.0,0.0,0.0
68620,0.0,0.0,0.0,0.9924605894448252,0.0,0.0075394105551747775
68621,0.0,0.0,0.0,0.0,1.0,0.0
68624,1.0,0.0,0.0,0.0,0.0,0.0
68625,0.0,0.0,0.0,0.0,1.0,0.0
68626,0.0,0.0,1.0,0.0,0.0,0.0
68634,0.0,0.0,0.0,0.0,0.0,1.0
68636,0.0,0.0,0.0,0.0,0.0,1.0
68637,0.0049597024178549285,0.0,0.9950402975821451,0.0,0.0,0.0
68639,0.0,0.0,0.0,1.0,0.0,0.0
68643,0.0,0.0,0.0,1.0,0.0,0.0
68645,1.0,0.0,0.0,0.0,0.0,0.0
68646,0.0,0.0,0.0,0.011417058428475487,0.09402283411685695,0.8945601074546675
68649,0.585378067100651,0.414621932899349,0.0,0.0,0.0,0.0
68651,0.0,0.0,0.0,1.0,0.0,0.0
68653,0.0,0.0,1.0,0.0,0.0,0.0
68654,0.0,0.0,0.0,0.0,0.0,1.0
68655,0.0,0.0,0.0,0.0,0.0,0.0
68657,0.0,0.0,0.0,0.0,0.0,1.0
68659,0.0,0.0,0.0005027652086475615,0.0,0.0,0.9994972347913524
68661,1.0,0.0,0.0,0.0,0.0,0.0
68662,0.0,0.0,0.0,0.0,1.0,0.0
68670,0.0,0.0,0.0,0.0,0.0,0.0
68674,0.0,0.0,0.0,0.0,0.0,1.0
68675,0.0,0.0,0.005543237250554324,0.0,0.0,0.9944567627494457
68676,0.0,0.0,0.145821325648415,0.0,0.0,0.854178674351585
68679,0.0,0.0,0.0,0.0,0.0,1.0
68680,0.0,0.0,1.0,0.0,0.0,0.0
68682,0.0,0.0,0.0,0.0,0.0,1.0
68687,0.0,0.0,0.0,0.0,0.0,1.0
68688,0.0,0.0,0.0,0.0,0.0,1.0
68689,0.0,0.0,0.0,0.0,0.0,1.0
68692,0.0,0.0,0.0,0.0,0.0,0.0
68696,0.0,0.0,0.0,0.0,0.0,1.0
68697,1.0,0.0,0.0,0.0,0.0,0.0
68699,0.0,0.0,0.09132189707366296,0.0,0.0,0.908678102926337
68700,0.0,0.0,0.0,0.9822834645669292,0.017716535433070866,0.0
68701,0.0,0.0,0.0,0.0,1.0,0.0
68703,0.0,0.0,0.0,0.0,1.0,0.0
68704,0.0,0.0,0.990990990990991,0.0,0.0,0.009009009009009009
68705,0.0,0.0,0.0,0.0,0.0,1.0
68706,0.0,0.0,0.0,0.0,0.0,1.0
68707,0.0,0.0,0.0,0.0,1.0,0.0
68708,0.0,0.0,0.3423312883435583,0.6576687116564417,0.0,0.0
68709,0.0,0.0,0.0,0.0,0.0,1.0
68712,0.0,0.0,0.0,0.0,0.0,1.0
68713,0.0,0.0,0.39257503949447076,0.0,0.0,0.6074249605055292
68714,0.0,0.0,0.0,0.0,0.0,1.0
68715,1.0,0.0,0.0,0.0,0.0,0.0
68719,0.0,0.0,0.0,0.0,0.0,0.0
68723,0.0,0.0,0.0,0.0,0.0,1.0
68728,0.0,0.0,0.0,0.0,0.0,1.0
68731,0.0,0.0,0.0,0.0008431703204047217,0.0,0.9991568296795953
68733,0.0,0.0,0.0,0.0,1.0,0.0
68734,0.0,0.0,0.0,0.0,0.0,1.0
68735,0.0,0.0,0.0,1.0,0.0,0.0
68738,0.0,0.0,0.0,0.0,0.0,1.0
68740,0.0,0.0,0.0,0.0,0.0,1.0
68742,1.0,0.0,0.0,0.0,0.0,0.0
68751,1.0,0.0,0.0,0.0,0.0,0.0
68756,0.0,0.0,0.0,0.0,0.9783251231527094,0.02167487684729064
68757,0.0,0.0,0.0,0.0,0.0,1.0
68758,0.0,0.0,0.0,1.0,0.0,0.0
68761,0.0,0.0,0.0,0.0,1.0,0.0
68763,0.0,0.0,0.0,1.0,0.0,0.0
68764,0.0,0.0,0.0,0.0,0.0,1.0
68767,0.0,0.0,0.0,0.0,0.0,1.0
68771,1.0,0.0,0.0,0.0,0.0,0.0
68772,0.0,0.0,0.002012072434607646,0.9979879275653923,0.0,0.0
68777,0.0,0.0,1.0,0.0,0.0,0.0
68782,0.0,0.0,0.0,0.0,0.0,1.0
68783,0.0,0.0,0.0,0.0,0.0,1.0
68787,0.0,0.0,0.0,0.0,0.0,1.0
68788,0.10819672131147541,0.0,0.8918032786885246,0.0,0.0,0.0
68790,0.9924318869828456,0.0,0.0,0.0075681130171543895,0.0,0.0
68791,0.0,0.0,0.0,0.0,0.0,1.0
68792,0.0,0.0,0.02506265664160401,0.0,0.0,0.974937343358396
68798,0.0,0.0,0.0950920245398773,0.9049079754601227,0.0,0.0
68799,0.08433734939759036,0.0,0.24096385542168675,0.6746987951807228,0.0,0.0
68800,0.0,0.0,0.0,0.0,1.0,0.0
68802,0.0,0.0,0.0,1.0,0.0,0.0
68808,0.0,0.0,0.0,0.0,0.0,1.0
68810,0.0,0.0,0.0,0.0,1.0,0.0
68811,0.0,0.0,1.0,0.0,0.0,0.0
68813,0.03125,0.0,0.0,0.0,0.0,0.96875
68817,0.0,0.0,0.0,0.0,0.0,1.0
68819,0.0,0.0,0.0,1.0,0.0,0.0
68821,0.0,0.0,0.0,0.0,1.0,0.0
68822,0.0,0.0,0.0,1.0,0.0,0.0
68826,0.0,0.0,0.0,1.0,0.0,0.0
68828,0.0,0.0,0.0,0.0,0.0,1.0
68830,0.0,0.0,0.0,0.0,0.0,0.0
68841,0.0,0.0,0.0,0.0,1.0,0.0
68849,0.0,0.0,0.0,0.0,0.0,1.0
68851,0.0,0.0,0.0,1.0,0.0,0.0
68852,0.0,0.0,0.0,1.0,0.0,0.0
68853,0.0,0.0,0.0,0.0,0.0,1.0
68861,0.0,0.0,0.0,0.0,1.0,0.0
68862,1.0,0.0,0.0,0.0,0.0,0.0
68866,0.0,0.0,0.0,0.0,0.0,1.0
68867,0.0,0.0,0.0,0.0,0.0,1.0
68871,1.0,0.0,0.0,0.0,0.0,0.0
68874,0.0,0.0,0.0,0.0,1.0,0.0
68876,0.0,0.0,1.0,0.0,0.0,0.0
68880,0.0,0.0,1.0,0.0,0.0,0.0
68887,0.0,0.0,0.0,0.0,0.0,1.0
68889,0.0,0.0,0.0,1.0,0.0,0.0
68894,0.0,0.0,0.0,1.0,0.0,0.0
68896,0.0,0.0,0.0,0.0,0.0,1.0
68899,0.0,0.0,0.6530815109343936,0.0,0.0,0.34691848906560635
68906,0.0,0.0,0.6686851211072664,0.0,0.0,0.3313148788927336
68908,0.0,0.0,0.0,0.0,0.0,0.0
68909,0.0,0.0,0.0,0.0,0.0,0.0
68913,0.0,0.0,0.0,0.0,0.0,1.0
68915,0.0,0.0,0.024114930733709596,0.0,0.0,0.9758850692662904
68916,0.0,0.0,0.0,0.0006756756756756757,0.0,0.9993243243243243
68917,0.9872521246458924,0.0,0.012747875354107648,0.0,0.0,0.0
68919,0.0,0.0,0.0,0.0,0.0,1.0
68923,0.0,0.0,0.0006788866259334691,0.0,0.0,0.9993211133740665
68925,0.0,0.0,0.0,0.0,0.0,0.0
68926,0.0,0.999375,0.0,0.000625,0.0,0.0
68927,0.0,0.0,0.0,0.0,0.0,1.0
68928,0.0,0.0,0.9985855728429985,0.0,0.0014144271570014145,0.0
68939,0.0,0.0,0.0,0.0,1.0,0.0
68942,0.0,0.0,0.0,0.0,0.0,1.0
68944,0.0,0.0,0.0,1.0,0.0,0.0
68947,0.0,0.0,0.0,0.0,0.0,1.0
68948,0.0,0.0,0.9958093242535359,0.0041906757464641176,0.0,0.0
68950,0.0,0.0,0.0,0.0,0.0,1.0
68956,0.008904719501335707,0.0,0.6625111308993766,0.3285841495992876,0.0,0.0
68965,0.0,0.0,0.0,0.0,0.0,1.0
68966,0.0,0.0,0.0,0.0,1.0,0.0
68968,0.0,0.0,0.0,0.0,1.0,0.0
68970,1.0,0.0,0.0,0.0,0.0,0.0
68974,0.0,0.0,0.9919354838709677,0.0,0.0,0.008064516129032258
68977,0.0,0.0,0.0,0.0,0.0,1.0
68979,0.0,0.0,0.0,1.0,0.0,0.0
68980,0.9994921279837481,0.0,0.0005078720162519045,0.0,0.0,0.0
68982,0.0,0.0,0.0,0.0,0.0,1.0
68985,0.0,0.0,0.0,0.0,0.0,1.0
68987,0.0,0.0,0.0,1.0,0.0,0.0
68995,0.0,0.0,0.8139248305606901,0.1860751694393099,0.0,0.0
68996,0.0,0.0,0.0,0.0,0.0,1.0
68997,0.0,0.0,0.0,1.0,0.0,0.0
69001,1.0,0.0,0.0,0.0,0.0,0.0
69002,0.0,0.0,0.0,0.0,0.0,1.0
69005,0.0,0.0,0.21330401319406267,0.7866959868059373,0.0,0.0
69007,1.0,0.0,0.0,0.0,0.0,0.0
69008,0.0,0.0,0.0,0.009571788413098237,0.0,0.9904282115869018
69009,1.0,0.0,0.0,0.0,0.0,0.0
69013,0.0,0.0,0.0,0.0,0.0,1.0
69015,0.0,0.0,0.0,1.0,0.0,0.0
69016,0.0,0.0,0.0,0.0,0.0,0.0
69020,1.0,0.0,0.0,0.0,0.0,0.0
69026,0.0,0.0,0.9840818646958499,0.0,0.0,0.015918135304150087
69027,0.0,0.0,0.0,0.0,0.0,0.0
69030,0.0,0.0,0.7169811320754716,0.0,0.0,0.2830188679245283
69034,0.0,0.0,0.0,1.0,0.0,0.0
69037,0.0,0.0,0.0,1.0,0.0,0.0
69039,0.0,0.0,0.0,0.0,1.0,0.0
69041,0.0,0.0,1.0,0.0,0.0,0.0
69050,0.0,0.0,0.0,0.0,0.0,1.0
69053,0.0,0.0,0.0,0.0,0.0,1.0
69054,0.0,0.0,0.0,0.0,1.0,0.0
69056,0.5719360568383659,0.0,0.4280639431616341,0.0,0.0,0.0
69059,0.0,0.0,0.0,1.0,0.0,0.0
69061,1.0,0.0,0.0,0.0,0.0,0.0
69062,0.0,0.0,0.0,0.012600806451612902,0.0,0.9873991935483871
69064,0.0,0.0,0.0,1.0,0.0,0.0
69068,0.0,0.0,0.0,0.0,0.0,1.0
69069,1.0,0.0,0.0,0.0,0.0,0.0
69074,0.0,1.0,0.0,0.0,0.0,0.0
69079,0.0,0.0,0.0,0.0,0.0,1.0
69082,1.0,0.0,0.0,0.0,0.0,0.0
69088,0.0,0.0,1.0,0.0,0.0,0.0
69089,0.0,0.0,1.0,0.0,0.0,0.0
69090,0.0,0.0,0.990990990990991,0.009009009009009009,0.0,0.0
69091,0.0,0.0,0.6782477341389728,0.0037764350453172208,0.0,0.31797583081570996
69093,0.0,0.0,0.0,0.0,0.9808473592571096,0.019152640742890307
69096,1.0,0.0,0.0,0.0,0.0,0.0
69098,0.0,0.0,0.0,1.0,0.0,0.0
69100,0.0,0.0,0.0,0.0,0.0,1.0
69101,0.0,0.0,1.0,0.0,0.0,0.0
69104,0.0,0.0,1.0,0.0,0.0,0.0
69105,0.0,0.0,0.0,0.0,0.0,1.0
69106,0.0,0.0,0.1291866028708134,0.8708133971291866,0.0,0.0
69112,0.0,0.0,0.0,0.0,1.0,0.0
69113,0.22740524781341107,0.0,0.7725947521865889,0.0,0.0,0.0
69115,0.0,0.0,0.0,1.0,0.0,0.0
69116,0.0,0.0,0.0,0.0,0.0,1.0
69118,0.0,0.0,0.0,0.0,1.0,0.0
69120,0.0,0.0,0.0,0.0,0.0,1.0
69121,0.0,0.0,0.0,0.0,0.0,0.0
69126,0.0,0.0,0.0,0.0,0.0,1.0
69134,0.0,0.0,0.080040020010005,0.0,0.0,0.919959979989995
69135,0.0,0.0,1.0,0.0,0.0,0.0
69136,0.0,0.0,0.0,0.0,0.0,1.0
69137,0.0,0.0,0.0,0.0,0.0,1.0
69139,0.0,0.0,0.492776886035313,0.0,0.0,0.507223113964687
69140,0.0,0.0,0.0,0.0,0.0,0.0
69141,0.0,0.0,0.0005173305742369374,0.0,0.0,0.999482669425763
69144,0.0,0.0,0.0,0.0,1.0,0.0
69146,0.0,0.0,0.0,0.0,0.0,1.0
69151,0.0,0.0,0.0,0.0,0.0,0.0
69152,0.0,0.0,0.0,0.0,0.0,1.0
69154,0.0,0.0,0.0,1.0,0.0,0.0
69156,0.0,0.0,0.0,0.0,1.0,0.0
69163,0.0,0.0,0.6671641791044776,0.3328358208955224,0.0,0.0
69164,0.0,0.0,0.0,0.0,0.0,1.0
69165,0.0,0.0,0.0,0.0,1.0,0.0
69168,0.0,0.0,0.0,0.0,0.0,1.0
69170,0.0,0.0,0.0,0.0,1.0,0.0
69171,0.0,0.0,0.0,0.0,1.0,0.0
69173,0.0,0.0,0.0,0.0,0.0,1.0
69178,0.0,0.0,0.0,0.0,0.0,1.0
69181,1.0,0.0,0.0,0.0,0.0,0.0
69184,0.0,0.0,0.0,0.8571428571428571,0.14285714285714285,0.0
69188,0.0,0.0,0.0,0.0,0.0,0.0
69192,0.0,0.0,0.9984871406959153,0.0,0.0015128593040847202,0.0
69197,0.0,0.0,0.0,1.0,0.0,0.0
69198,0.0,0.0,0.0,1.0,0.0,0.0
69207,0.0,0.0,0.0,1.0,0.0,0.0
69213,0.0,0.0,0.0,0.0,0.0,1.0
69219,0.0,0.0,0.0,0.0,0.0,1.0
69223,0.0,0.0,0.0,0.0,1.0,0.0
69225,0.10182119205298014,0.0,0.8981788079470199,0.0,0.0,0.0
69228,0.0,0.0,0.0,0.0,0.0,1.0
69229,0.0,0.0,0.0,0.0,1.0,0.0
69230,0.0,0.0,0.0,1.0,0.0,0.0
69233,1.0,0.0,0.0,0.0,0.0,0.0
69238,0.0,0.0,0.019801980198019802,0.9801980198019802,0.0,0.0
69242,0.0,0.0,0.0,1.0,0.0,0.0
69248,0.25,0.0,0.0,0.0,0.0,0.75
69251,0.0,0.0,0.0,0.0,0.0,1.0
69253,0.0,0.0,0.0,0.0,1.0,0.0
69254,0.0,0.0,0.0,0.0,0.0,1.0
69257,0.0,0.0,0.870615296147211,0.12938470385278897,0.0,0.0
69262,0.0,1.0,0.0,0.0,0.0,0.0
69265,0.0,1.0,0.0,0.0,0.0,0.0
69268,0.0,0.0,0.03914002205071665,0.0,0.0,0.9608599779492834
69269,0.0,0.0,0.0,0.0,0.0,1.0
69270,0.0,0.0,0.0,0.0,0.0,0.0
69271,0.0,0.0,0.0,0.0,0.0,1.0
69275,0.0,0.0,0.0,0.0,0.0,1.0
69276,0.0,0.0,1.0,0.0,0.0,0.0
69277,0.0,0.0,0.0,1.0,0.0,0.0
69280,1.0,0.0,0.0,0.0,0.0,0.0
69284,0.0,0.0,0.5494596841230258,0.0,0.0,0.45054031587697424
69290,0.0,0.0,1.0,0.0,0.0,0.0
69296,0.0,0.0,0.0,0.0,1.0,0.0
69297,0.5054347826086957,0.0,0.45108695652173914,0.0,0.043478260869565216,0.0
69299,0.0,0.0,0.0,1.0,0.0,0.0
69301,0.0,0.0,0.0,0.0,1.0,0.0
69308,0.0,0.0,0.0,0.0,0.0,1.0
69312,0.0,0.0,0.0,0.0,0.0,1.0
69313,0.0,0.0,0.0,1.0,0.0,0.0
69317,0.0,0.0,0.0,0.0,1.0,0.0
69322,0.0,0.0,0.0,0.0,1.0,0.0
69324,0.0,0.0,1.0,0.0,0.0,0.0
69326,0.0,0.0,0.744540375825292,0.0,0.0,0.25545962417470797
