,Baso,Eos,Lymphoid,Mast,Meg,Monocyte,Neutrophil,Undifferentiated
13199,5.0,0.0,0.0,0.0,0.0,341.0,511.0,1143.0
13210,98.0,0.0,0.0,2.0,0.0,38.0,438.0,1424.0
13226,125.0,2.0,0.0,1732.0,92.0,25.0,1.0,23.0
13235,91.0,0.0,0.0,1820.0,55.0,17.0,5.0,12.0
13256,0.0,0.0,0.0,0.0,0.0,1989.0,0.0,11.0
13258,0.0,0.0,0.0,0.0,0.0,0.0,1968.0,32.0
13259,0.0,0.0,0.0,0.0,0.0,0.0,1729.0,271.0
13260,1185.0,4.0,0.0,34.0,4.0,5.0,523.0,245.0
13266,0.0,0.0,0.0,0.0,0.0,532.0,1090.0,378.0
13274,184.0,0.0,0.0,30.0,2.0,368.0,309.0,1107.0
13291,1.0,0.0,0.0,0.0,0.0,188.0,1256.0,555.0
13300,0.0,0.0,0.0,0.0,0.0,0.0,1992.0,8.0
13302,0.0,0.0,0.0,0.0,0.0,0.0,1949.0,51.0
13313,55.0,0.0,0.0,0.0,0.0,87.0,463.0,1395.0
13314,372.0,0.0,0.0,393.0,53.0,19.0,0.0,1163.0
13322,0.0,0.0,0.0,0.0,0.0,0.0,1960.0,40.0
13341,0.0,0.0,0.0,0.0,0.0,1766.0,16.0,218.0
13350,4.0,0.0,0.0,0.0,0.0,5.0,1943.0,48.0
13352,29.0,0.0,0.0,3.0,6.0,102.0,35.0,1825.0
13353,0.0,0.0,0.0,2000.0,0.0,0.0,0.0,0.0
13361,0.0,0.0,0.0,0.0,0.0,0.0,1999.0,1.0
13366,166.0,2.0,0.0,0.0,28.0,53.0,277.0,1474.0
13371,713.0,4.0,0.0,162.0,78.0,61.0,17.0,965.0
13375,0.0,0.0,0.0,0.0,0.0,249.0,1594.0,157.0
13389,2000.0,0.0,0.0,0.0,0.0,0.0,0.0,0.0
13401,1498.0,7.0,0.0,370.0,6.0,2.0,60.0,57.0
13407,1454.0,3.0,0.0,7.0,28.0,69.0,90.0,349.0
13418,2000.0,0.0,0.0,0.0,0.0,0.0,0.0,0.0
13419,2000.0,0.0,0.0,0.0,0.0,0.0,0.0,0.0
13434,628.0,5.0,0.0,1068.0,71.0,44.0,1.0,183.0
13437,1023.0,3.0,0.0,435.0,19.0,90.0,27.0,403.0
13456,0.0,0.0,0.0,0.0,0.0,264.0,1538.0,198.0
13463,3.0,0.0,0.0,0.0,0.0,655.0,141.0,1201.0
13483,5.0,0.0,0.0,0.0,0.0,1690.0,55.0,250.0
13484,10.0,0.0,0.0,0.0,0.0,61.0,1358.0,571.0
13489,1185.0,3.0,0.0,66.0,24.0,11.0,352.0,359.0
13495,2.0,0.0,0.0,0.0,0.0,305.0,1248.0,445.0
13498,40.0,0.0,0.0,0.0,0.0,16.0,1466.0,478.0
13506,0.0,0.0,0.0,0.0,0.0,2000.0,0.0,0.0
13512,61.0,0.0,0.0,0.0,0.0,30.0,1790.0,119.0
13523,303.0,0.0,0.0,0.0,2.0,0.0,1585.0,110.0
13525,0.0,0.0,0.0,0.0,0.0,1726.0,5.0,269.0
13526,245.0,0.0,0.0,1.0,2.0,0.0,1477.0,275.0
13558,0.0,0.0,0.0,0.0,0.0,40.0,1878.0,82.0
13562,0.0,0.0,0.0,0.0,0.0,0.0,1991.0,9.0
13567,197.0,2.0,0.0,360.0,13.0,371.0,14.0,1043.0
13588,0.0,0.0,0.0,0.0,0.0,1563.0,176.0,261.0
13592,0.0,0.0,0.0,0.0,0.0,10.0,1971.0,19.0
13609,1194.0,2.0,0.0,614.0,47.0,9.0,0.0,134.0
13611,13.0,0.0,0.0,0.0,0.0,77.0,947.0,963.0
13614,34.0,0.0,0.0,0.0,0.0,41.0,368.0,1557.0
13616,12.0,0.0,0.0,0.0,0.0,105.0,814.0,1069.0
13621,82.0,0.0,0.0,14.0,3.0,86.0,118.0,1697.0
13639,12.0,0.0,0.0,0.0,0.0,45.0,1847.0,96.0
13642,2.0,0.0,0.0,0.0,0.0,49.0,1632.0,317.0
13652,0.0,0.0,0.0,2000.0,0.0,0.0,0.0,0.0
13656,0.0,0.0,0.0,0.0,0.0,0.0,1997.0,3.0
13663,0.0,0.0,0.0,2000.0,0.0,0.0,0.0,0.0
13678,1504.0,2.0,0.0,93.0,41.0,23.0,42.0,295.0
13681,7.0,0.0,0.0,0.0,0.0,243.0,1482.0,268.0
13697,40.0,0.0,0.0,0.0,0.0,10.0,1742.0,208.0
13719,0.0,0.0,0.0,2000.0,0.0,0.0,0.0,0.0
13725,359.0,9.0,0.0,0.0,0.0,27.0,1450.0,155.0
13742,47.0,0.0,0.0,1.0,0.0,63.0,401.0,1488.0
13752,0.0,0.0,0.0,0.0,0.0,559.0,578.0,863.0
13760,36.0,0.0,0.0,3.0,7.0,220.0,141.0,1593.0
13763,7.0,0.0,0.0,0.0,0.0,0.0,1960.0,33.0
13765,35.0,0.0,0.0,0.0,0.0,30.0,982.0,953.0
13769,44.0,0.0,0.0,0.0,0.0,160.0,1495.0,301.0
13780,0.0,0.0,0.0,0.0,0.0,29.0,1846.0,125.0
13786,124.0,3.0,0.0,1414.0,19.0,252.0,10.0,178.0
13803,0.0,0.0,0.0,0.0,0.0,0.0,1793.0,207.0
13804,0.0,0.0,0.0,0.0,0.0,1107.0,104.0,789.0
13816,66.0,0.0,0.0,0.0,0.0,101.0,733.0,1100.0
13817,23.0,0.0,0.0,0.0,0.0,90.0,441.0,1446.0
13824,0.0,0.0,0.0,0.0,0.0,0.0,1974.0,26.0
13827,37.0,0.0,0.0,0.0,0.0,51.0,1018.0,894.0
13839,0.0,0.0,0.0,0.0,0.0,0.0,1992.0,8.0
13842,0.0,0.0,0.0,0.0,0.0,304.0,1537.0,159.0
13876,25.0,0.0,0.0,0.0,1.0,959.0,202.0,813.0
13879,0.0,0.0,0.0,0.0,0.0,99.0,1811.0,90.0
13880,29.0,0.0,0.0,0.0,1.0,46.0,1369.0,555.0
13882,2000.0,0.0,0.0,0.0,0.0,0.0,0.0,0.0
13887,564.0,0.0,0.0,13.0,10.0,101.0,537.0,775.0
13892,0.0,0.0,0.0,0.0,0.0,1.0,1953.0,46.0
13895,207.0,0.0,0.0,1649.0,73.0,17.0,1.0,53.0
13897,3.0,0.0,0.0,1.0,0.0,1537.0,49.0,410.0
13911,0.0,0.0,0.0,0.0,0.0,2000.0,0.0,0.0
13913,306.0,0.0,0.0,15.0,58.0,24.0,1.0,1596.0
13933,0.0,0.0,0.0,0.0,0.0,2000.0,0.0,0.0
13940,32.0,5.0,0.0,1917.0,32.0,5.0,0.0,9.0
13941,105.0,2.0,0.0,14.0,17.0,50.0,61.0,1751.0
13964,225.0,0.0,0.0,96.0,51.0,49.0,9.0,1570.0
13966,24.0,1.0,0.0,1970.0,0.0,0.0,1.0,4.0
13981,0.0,0.0,0.0,0.0,0.0,1387.0,287.0,326.0
13989,0.0,0.0,0.0,0.0,0.0,1725.0,5.0,270.0
13991,404.0,4.0,0.0,1456.0,76.0,30.0,2.0,28.0
14007,322.0,0.0,0.0,1611.0,49.0,7.0,0.0,11.0
14009,0.0,0.0,0.0,0.0,0.0,1863.0,0.0,137.0
14011,16.0,0.0,0.0,733.0,117.0,9.0,16.0,1109.0
14018,17.0,0.0,0.0,0.0,0.0,91.0,1499.0,393.0
14019,524.0,0.0,0.0,1315.0,57.0,17.0,1.0,86.0
14020,219.0,0.0,0.0,5.0,4.0,7.0,759.0,1006.0
14038,438.0,0.0,0.0,1496.0,54.0,8.0,1.0,3.0
14040,28.0,0.0,0.0,0.0,0.0,716.0,413.0,843.0
14061,158.0,0.0,0.0,1722.0,80.0,29.0,1.0,10.0
14076,857.0,1.0,0.0,619.0,13.0,48.0,128.0,334.0
14087,0.0,0.0,0.0,0.0,0.0,0.0,1982.0,18.0
14089,96.0,0.0,0.0,5.0,4.0,74.0,114.0,1707.0
14097,0.0,0.0,0.0,0.0,0.0,66.0,1744.0,190.0
14099,1.0,0.0,0.0,0.0,0.0,1771.0,1.0,227.0
14106,97.0,0.0,0.0,2.0,0.0,39.0,395.0,1467.0
14125,304.0,2.0,0.0,1441.0,90.0,29.0,0.0,134.0
14128,159.0,0.0,0.0,0.0,0.0,0.0,1766.0,75.0
14129,9.0,0.0,0.0,0.0,0.0,708.0,543.0,740.0
14159,287.0,0.0,0.0,2.0,2.0,0.0,1377.0,332.0
14184,0.0,0.0,0.0,0.0,0.0,2.0,1959.0,39.0
14199,0.0,0.0,0.0,0.0,0.0,1246.0,493.0,261.0
14213,2000.0,0.0,0.0,0.0,0.0,0.0,0.0,0.0
14214,0.0,0.0,0.0,0.0,0.0,1962.0,0.0,38.0
14220,906.0,1.0,0.0,6.0,0.0,5.0,910.0,172.0
14224,2000.0,0.0,0.0,0.0,0.0,0.0,0.0,0.0
14226,1640.0,6.0,0.0,167.0,59.0,17.0,1.0,110.0
14227,0.0,0.0,0.0,0.0,0.0,0.0,1941.0,59.0
14238,1691.0,0.0,0.0,290.0,0.0,0.0,0.0,19.0
14247,0.0,0.0,0.0,0.0,0.0,1614.0,119.0,267.0
14268,140.0,1.0,0.0,5.0,17.0,71.0,125.0,1641.0
14277,11.0,0.0,0.0,0.0,0.0,51.0,1848.0,90.0
14288,0.0,0.0,0.0,0.0,0.0,1904.0,0.0,96.0
14310,297.0,1.0,0.0,106.0,40.0,37.0,84.0,1435.0
14327,16.0,1.0,0.0,0.0,0.0,722.0,785.0,476.0
14336,0.0,0.0,0.0,0.0,0.0,0.0,2000.0,0.0
14348,417.0,0.0,0.0,2.0,3.0,2.0,1221.0,355.0
14352,0.0,0.0,0.0,0.0,0.0,2000.0,0.0,0.0
14362,1070.0,5.0,0.0,283.0,21.0,7.0,274.0,340.0
14363,105.0,0.0,0.0,1.0,3.0,50.0,372.0,1469.0
14374,159.0,7.0,0.0,1674.0,76.0,41.0,1.0,42.0
14384,0.0,0.0,0.0,0.0,0.0,8.0,1966.0,26.0
14385,23.0,0.0,0.0,0.0,0.0,530.0,977.0,470.0
14387,0.0,0.0,0.0,2000.0,0.0,0.0,0.0,0.0
14395,12.0,0.0,0.0,0.0,0.0,60.0,1659.0,269.0
14410,0.0,0.0,0.0,0.0,0.0,1595.0,9.0,396.0
14420,0.0,0.0,0.0,0.0,0.0,0.0,1900.0,100.0
14423,127.0,0.0,0.0,0.0,0.0,0.0,1793.0,80.0
14449,2000.0,0.0,0.0,0.0,0.0,0.0,0.0,0.0
14452,0.0,0.0,0.0,0.0,0.0,0.0,1999.0,1.0
14456,16.0,0.0,0.0,1.0,0.0,63.0,408.0,1512.0
14471,64.0,0.0,0.0,11.0,5.0,114.0,31.0,1775.0
14492,1.0,0.0,0.0,0.0,0.0,1666.0,8.0,325.0
14497,1060.0,2.0,0.0,897.0,20.0,7.0,1.0,13.0
14502,224.0,0.0,0.0,0.0,0.0,1.0,1664.0,111.0
14508,0.0,0.0,0.0,0.0,0.0,0.0,1982.0,18.0
14511,42.0,0.0,0.0,0.0,0.0,22.0,794.0,1142.0
14521,2000.0,0.0,0.0,0.0,0.0,0.0,0.0,0.0
14522,1078.0,0.0,0.0,649.0,200.0,59.0,11.0,3.0
14532,1.0,0.0,0.0,6.0,0.0,1989.0,2.0,2.0
14544,0.0,0.0,0.0,0.0,0.0,0.0,1980.0,20.0
14549,0.0,0.0,0.0,0.0,0.0,0.0,1968.0,32.0
14566,0.0,0.0,0.0,0.0,0.0,0.0,1982.0,18.0
14584,0.0,0.0,0.0,0.0,0.0,17.0,1917.0,66.0
14589,1215.0,1.0,0.0,529.0,12.0,101.0,0.0,142.0
14606,0.0,0.0,0.0,0.0,0.0,2000.0,0.0,0.0
14613,0.0,0.0,0.0,0.0,0.0,0.0,1974.0,26.0
14615,53.0,0.0,0.0,2.0,0.0,1845.0,3.0,97.0
14637,17.0,2.0,0.0,1929.0,34.0,13.0,3.0,2.0
14675,190.0,0.0,0.0,14.0,8.0,150.0,556.0,1082.0
14701,0.0,0.0,0.0,0.0,0.0,1969.0,0.0,31.0
14703,0.0,0.0,0.0,0.0,0.0,0.0,1990.0,10.0
14714,279.0,2.0,0.0,44.0,60.0,59.0,3.0,1553.0
14725,103.0,0.0,0.0,1.0,0.0,29.0,462.0,1405.0
14726,246.0,0.0,0.0,0.0,2.0,3.0,1495.0,254.0
14736,0.0,0.0,0.0,0.0,0.0,297.0,1457.0,246.0
14741,99.0,0.0,0.0,3.0,6.0,31.0,336.0,1525.0
14749,9.0,0.0,0.0,0.0,0.0,1300.0,6.0,685.0
14775,0.0,1.0,0.0,0.0,0.0,821.0,735.0,443.0
14778,141.0,3.0,0.0,1795.0,40.0,5.0,0.0,16.0
14785,0.0,0.0,0.0,0.0,0.0,1998.0,0.0,2.0
14807,0.0,0.0,0.0,2000.0,0.0,0.0,0.0,0.0
14810,565.0,2.0,0.0,56.0,51.0,57.0,9.0,1260.0
14814,5.0,0.0,0.0,0.0,1.0,161.0,55.0,1778.0
14845,0.0,0.0,0.0,0.0,0.0,56.0,1852.0,92.0
14848,0.0,0.0,0.0,0.0,0.0,0.0,1941.0,59.0
14861,478.0,0.0,0.0,0.0,0.0,0.0,1420.0,102.0
14868,115.0,0.0,0.0,1583.0,184.0,59.0,19.0,40.0
14903,2000.0,0.0,0.0,0.0,0.0,0.0,0.0,0.0
14909,65.0,3.0,0.0,1870.0,43.0,9.0,1.0,9.0
14930,15.0,0.0,0.0,1971.0,10.0,1.0,0.0,3.0
14936,0.0,0.0,0.0,0.0,0.0,113.0,1556.0,331.0
14942,11.0,0.0,0.0,1980.0,7.0,1.0,0.0,1.0
14964,0.0,0.0,0.0,0.0,0.0,0.0,1989.0,11.0
14968,0.0,0.0,0.0,0.0,0.0,141.0,1712.0,147.0
14978,60.0,0.0,0.0,0.0,0.0,9.0,1863.0,68.0
14982,128.0,0.0,0.0,2.0,2.0,83.0,675.0,1110.0
14985,1071.0,4.0,0.0,676.0,168.0,74.0,1.0,6.0
14987,2000.0,0.0,0.0,0.0,0.0,0.0,0.0,0.0
14991,2000.0,0.0,0.0,0.0,0.0,0.0,0.0,0.0
14997,1349.0,4.0,0.0,45.0,53.0,16.0,80.0,453.0
15006,0.0,0.0,0.0,0.0,0.0,0.0,1944.0,56.0
15012,46.0,0.0,0.0,4.0,6.0,116.0,237.0,1591.0
15032,0.0,0.0,0.0,0.0,0.0,508.0,1273.0,219.0
15056,69.0,0.0,0.0,33.0,8.0,356.0,33.0,1501.0
15066,0.0,0.0,0.0,0.0,0.0,0.0,1997.0,3.0
15077,0.0,0.0,0.0,0.0,0.0,1314.0,150.0,536.0
15084,73.0,2.0,0.0,1796.0,69.0,24.0,3.0,33.0
15089,2000.0,0.0,0.0,0.0,0.0,0.0,0.0,0.0
15097,0.0,0.0,0.0,0.0,0.0,614.0,65.0,1321.0
15119,15.0,0.0,0.0,0.0,4.0,139.0,51.0,1791.0
15123,169.0,2.0,0.0,1730.0,57.0,4.0,0.0,38.0
15155,0.0,0.0,0.0,0.0,0.0,2000.0,0.0,0.0
15170,9.0,0.0,0.0,0.0,0.0,29.0,1853.0,109.0
15171,0.0,0.0,0.0,0.0,0.0,1985.0,0.0,15.0
15182,115.0,0.0,0.0,13.0,23.0,68.0,42.0,1739.0
15198,34.0,0.0,0.0,1932.0,24.0,3.0,0.0,7.0
15207,301.0,0.0,0.0,36.0,58.0,31.0,10.0,1564.0
15214,10.0,0.0,0.0,0.0,0.0,10.0,1908.0,72.0
15216,2000.0,0.0,0.0,0.0,0.0,0.0,0.0,0.0
15240,0.0,0.0,0.0,0.0,0.0,0.0,1997.0,3.0
15241,15.0,0.0,0.0,0.0,0.0,398.0,725.0,862.0
15266,27.0,0.0,0.0,0.0,0.0,45.0,1132.0,796.0
15298,0.0,0.0,0.0,0.0,0.0,0.0,1882.0,118.0
15307,0.0,0.0,0.0,0.0,0.0,1996.0,0.0,4.0
15331,0.0,0.0,0.0,0.0,0.0,1715.0,7.0,278.0
15336,0.0,0.0,0.0,0.0,0.0,0.0,1963.0,37.0
15345,0.0,0.0,0.0,0.0,0.0,3.0,1931.0,66.0
15352,8.0,0.0,0.0,1973.0,3.0,0.0,0.0,16.0
15358,0.0,0.0,0.0,0.0,0.0,1915.0,0.0,85.0
15360,0.0,0.0,0.0,0.0,0.0,0.0,1943.0,57.0
15363,34.0,0.0,0.0,0.0,0.0,11.0,1860.0,95.0
15368,0.0,0.0,0.0,0.0,0.0,1915.0,0.0,85.0
15369,0.0,0.0,0.0,0.0,0.0,1999.0,0.0,1.0
15394,64.0,0.0,0.0,0.0,0.0,14.0,1802.0,120.0
15426,0.0,0.0,0.0,0.0,0.0,1710.0,66.0,224.0
15432,0.0,0.0,0.0,0.0,0.0,1950.0,0.0,50.0
15436,0.0,0.0,0.0,0.0,0.0,2000.0,0.0,0.0
15439,1107.0,1.0,0.0,774.0,31.0,13.0,1.0,73.0
15446,0.0,0.0,0.0,0.0,0.0,0.0,1921.0,79.0
15457,0.0,0.0,0.0,0.0,0.0,0.0,1982.0,18.0
15461,90.0,0.0,0.0,3.0,5.0,36.0,461.0,1405.0
15462,613.0,3.0,0.0,0.0,0.0,0.0,1290.0,94.0
15470,0.0,0.0,0.0,0.0,0.0,0.0,1931.0,69.0
15471,27.0,0.0,0.0,0.0,0.0,69.0,653.0,1251.0
15490,137.0,0.0,0.0,1767.0,68.0,14.0,0.0,14.0
15498,70.0,2.0,0.0,1867.0,46.0,5.0,2.0,8.0
15508,0.0,0.0,0.0,0.0,0.0,0.0,1998.0,2.0
15522,0.0,0.0,0.0,0.0,0.0,0.0,1990.0,10.0
15526,87.0,1.0,0.0,1.0,6.0,15.0,464.0,1426.0
15535,277.0,2.0,0.0,52.0,31.0,157.0,152.0,1329.0
15537,30.0,0.0,0.0,0.0,0.0,103.0,689.0,1178.0
15550,704.0,4.0,0.0,1165.0,21.0,19.0,1.0,86.0
15558,1217.0,2.0,0.0,337.0,2.0,87.0,270.0,85.0
15563,0.0,0.0,0.0,0.0,0.0,0.0,1881.0,119.0
15564,0.0,0.0,0.0,0.0,0.0,19.0,1896.0,85.0
15565,23.0,0.0,0.0,0.0,0.0,261.0,424.0,1292.0
15590,359.0,0.0,0.0,2.0,0.0,1.0,1512.0,126.0
15596,0.0,0.0,0.0,2000.0,0.0,0.0,0.0,0.0
15597,268.0,0.0,0.0,0.0,1.0,1.0,1614.0,116.0
15614,27.0,0.0,0.0,0.0,0.0,313.0,314.0,1346.0
15620,3.0,0.0,0.0,0.0,0.0,517.0,970.0,510.0
15628,47.0,0.0,0.0,2.0,4.0,57.0,197.0,1693.0
15632,0.0,0.0,0.0,0.0,0.0,0.0,1946.0,54.0
15643,54.0,1.0,0.0,1808.0,89.0,8.0,1.0,39.0
15653,6.0,0.0,0.0,0.0,2.0,927.0,42.0,1023.0
15655,173.0,0.0,0.0,0.0,4.0,2.0,1567.0,254.0
15665,0.0,0.0,0.0,0.0,0.0,2000.0,0.0,0.0
15667,0.0,0.0,0.0,0.0,0.0,2000.0,0.0,0.0
15678,88.0,0.0,0.0,11.0,12.0,63.0,44.0,1782.0
15704,113.0,0.0,0.0,1.0,2.0,53.0,474.0,1357.0
15707,6.0,0.0,0.0,1992.0,2.0,0.0,0.0,0.0
15712,1.0,0.0,0.0,3.0,0.0,1984.0,0.0,12.0
15716,0.0,0.0,0.0,0.0,0.0,46.0,1869.0,85.0
15720,0.0,0.0,0.0,0.0,0.0,0.0,1976.0,24.0
15721,3.0,0.0,0.0,0.0,0.0,243.0,1494.0,260.0
15739,0.0,0.0,0.0,0.0,0.0,1.0,1536.0,463.0
15741,225.0,0.0,0.0,2.0,9.0,1.0,775.0,988.0
15747,1.0,0.0,0.0,0.0,0.0,781.0,784.0,434.0
15760,474.0,1.0,0.0,1400.0,77.0,24.0,0.0,24.0
15789,0.0,0.0,0.0,0.0,0.0,27.0,1927.0,46.0
15790,57.0,0.0,0.0,0.0,2.0,23.0,778.0,1140.0
15808,0.0,0.0,0.0,0.0,0.0,1999.0,0.0,1.0
15814,2000.0,0.0,0.0,0.0,0.0,0.0,0.0,0.0
15817,11.0,0.0,0.0,1977.0,10.0,0.0,0.0,2.0
15821,285.0,2.0,0.0,1625.0,51.0,15.0,0.0,22.0
15826,1.0,0.0,0.0,0.0,0.0,11.0,1946.0,42.0
15830,0.0,0.0,0.0,2000.0,0.0,0.0,0.0,0.0
15842,493.0,1.0,0.0,104.0,26.0,163.0,50.0,1163.0
15846,269.0,4.0,0.0,1382.0,32.0,91.0,4.0,218.0
15852,73.0,0.0,0.0,2.0,3.0,8.0,480.0,1434.0
15855,405.0,0.0,0.0,5.0,44.0,27.0,172.0,1347.0
15858,0.0,0.0,0.0,0.0,0.0,0.0,1938.0,62.0
15865,112.0,0.0,0.0,0.0,0.0,7.0,1747.0,134.0
15881,126.0,0.0,0.0,1.0,5.0,33.0,469.0,1366.0
15889,18.0,0.0,0.0,0.0,0.0,68.0,830.0,1084.0
15901,0.0,0.0,0.0,0.0,0.0,1716.0,2.0,282.0
15912,219.0,8.0,0.0,1617.0,117.0,25.0,2.0,12.0
15929,0.0,0.0,0.0,0.0,0.0,0.0,1985.0,15.0
15941,0.0,0.0,0.0,0.0,0.0,0.0,1997.0,3.0
15944,23.0,0.0,0.0,0.0,0.0,198.0,562.0,1217.0
15945,196.0,0.0,0.0,1675.0,102.0,14.0,1.0,12.0
15953,76.0,2.0,0.0,1880.0,33.0,4.0,0.0,5.0
15954,21.0,0.0,0.0,0.0,0.0,238.0,288.0,1453.0
15958,0.0,0.0,0.0,2.0,0.0,1943.0,0.0,55.0
15959,0.0,0.0,0.0,0.0,0.0,0.0,1970.0,30.0
15965,451.0,1.0,0.0,1403.0,80.0,46.0,1.0,18.0
15988,0.0,0.0,0.0,0.0,0.0,2000.0,0.0,0.0
16007,0.0,0.0,0.0,0.0,0.0,259.0,1183.0,558.0
16008,0.0,0.0,0.0,0.0,0.0,0.0,1988.0,12.0
16013,646.0,3.0,0.0,1051.0,31.0,36.0,9.0,224.0
16014,96.0,3.0,0.0,1356.0,43.0,104.0,0.0,398.0
16032,0.0,0.0,0.0,0.0,0.0,43.0,1224.0,733.0
16037,0.0,0.0,0.0,0.0,0.0,0.0,1935.0,65.0
16044,0.0,0.0,0.0,0.0,0.0,4.0,1966.0,30.0
16045,18.0,0.0,0.0,0.0,0.0,96.0,939.0,947.0
16048,21.0,0.0,0.0,1.0,0.0,1916.0,0.0,62.0
16051,2000.0,0.0,0.0,0.0,0.0,0.0,0.0,0.0
16066,31.0,0.0,0.0,0.0,0.0,39.0,403.0,1527.0
16089,1394.0,0.0,0.0,398.0,23.0,8.0,11.0,166.0
16095,0.0,0.0,0.0,0.0,0.0,0.0,1959.0,41.0
16098,45.0,0.0,0.0,2.0,0.0,73.0,444.0,1436.0
16107,0.0,0.0,0.0,0.0,0.0,12.0,1953.0,35.0
16119,0.0,0.0,0.0,0.0,0.0,0.0,1990.0,10.0
16125,105.0,0.0,0.0,14.0,9.0,34.0,269.0,1569.0
16155,277.0,2.0,0.0,45.0,22.0,380.0,72.0,1202.0
16160,0.0,0.0,0.0,0.0,0.0,12.0,1950.0,38.0
16162,0.0,0.0,0.0,0.0,0.0,0.0,1984.0,16.0
16173,14.0,0.0,0.0,0.0,0.0,15.0,1752.0,219.0
16174,17.0,0.0,0.0,0.0,0.0,84.0,1576.0,323.0
16179,39.0,0.0,0.0,1.0,0.0,24.0,657.0,1279.0
16187,0.0,0.0,0.0,0.0,0.0,1921.0,0.0,79.0
16196,1126.0,6.0,0.0,765.0,27.0,17.0,1.0,58.0
16203,0.0,0.0,0.0,0.0,0.0,5.0,1966.0,29.0
16207,378.0,1.0,0.0,1550.0,54.0,4.0,0.0,13.0
16228,63.0,0.0,0.0,0.0,0.0,53.0,1213.0,671.0
16230,2000.0,0.0,0.0,0.0,0.0,0.0,0.0,0.0
16231,185.0,2.0,0.0,1718.0,62.0,14.0,1.0,18.0
16253,0.0,0.0,0.0,0.0,0.0,9.0,1959.0,32.0
16255,19.0,0.0,0.0,0.0,0.0,18.0,1173.0,790.0
16257,0.0,0.0,0.0,0.0,0.0,2000.0,0.0,0.0
16264,0.0,0.0,0.0,0.0,0.0,86.0,1789.0,125.0
16275,9.0,0.0,0.0,0.0,0.0,1.0,1956.0,34.0
16277,6.0,0.0,0.0,0.0,0.0,78.0,1552.0,364.0
16297,37.0,0.0,0.0,0.0,0.0,1175.0,329.0,459.0
16318,11.0,0.0,0.0,0.0,0.0,185.0,228.0,1576.0
16331,134.0,0.0,0.0,0.0,1.0,4.0,1548.0,313.0
16332,469.0,0.0,0.0,1354.0,123.0,26.0,6.0,22.0
16347,104.0,0.0,0.0,0.0,6.0,6.0,667.0,1217.0
16350,76.0,38.0,8.0,0.0,0.0,1613.0,235.0,30.0
16357,433.0,5.0,0.0,1453.0,64.0,25.0,2.0,18.0
16393,1748.0,2.0,0.0,164.0,15.0,11.0,2.0,58.0
16398,33.0,0.0,0.0,1.0,0.0,50.0,399.0,1517.0
16415,0.0,0.0,0.0,0.0,0.0,0.0,1969.0,31.0
16424,0.0,0.0,0.0,2000.0,0.0,0.0,0.0,0.0
16428,0.0,0.0,0.0,0.0,0.0,2.0,1970.0,28.0
16432,56.0,0.0,0.0,0.0,0.0,59.0,1234.0,651.0
16435,347.0,1.0,0.0,3.0,14.0,26.0,621.0,988.0
16447,464.0,0.0,0.0,26.0,36.0,58.0,88.0,1328.0
16461,2000.0,0.0,0.0,0.0,0.0,0.0,0.0,0.0
16470,190.0,2.0,0.0,1609.0,95.0,38.0,2.0,64.0
16479,0.0,0.0,0.0,0.0,0.0,1690.0,4.0,306.0
16492,0.0,0.0,0.0,0.0,0.0,313.0,1524.0,163.0
16512,120.0,0.0,0.0,1.0,7.0,31.0,483.0,1358.0
16519,39.0,0.0,0.0,1.0,3.0,49.0,284.0,1624.0
16520,2.0,0.0,0.0,0.0,0.0,1342.0,0.0,656.0
16530,629.0,0.0,0.0,32.0,29.0,187.0,95.0,1028.0
16532,488.0,6.0,0.0,1375.0,52.0,24.0,0.0,55.0
16543,6.0,0.0,0.0,0.0,0.0,934.0,142.0,918.0
16550,94.0,0.0,0.0,0.0,1.0,6.0,747.0,1152.0
16555,0.0,0.0,0.0,0.0,0.0,0.0,2000.0,0.0
16559,1572.0,3.0,0.0,14.0,2.0,3.0,311.0,95.0
16565,16.0,3.0,0.0,1928.0,25.0,1.0,0.0,27.0
16567,0.0,0.0,0.0,0.0,0.0,0.0,1993.0,7.0
16570,41.0,0.0,0.0,0.0,0.0,205.0,799.0,955.0
16574,0.0,0.0,0.0,0.0,0.0,0.0,1996.0,4.0
16579,0.0,0.0,0.0,0.0,0.0,0.0,1981.0,19.0
16582,0.0,0.0,0.0,0.0,0.0,0.0,1988.0,12.0
16588,1146.0,1.0,0.0,268.0,15.0,29.0,116.0,425.0
16593,0.0,0.0,0.0,0.0,0.0,0.0,1942.0,58.0
16606,283.0,0.0,0.0,7.0,45.0,61.0,73.0,1531.0
16611,33.0,0.0,0.0,0.0,0.0,36.0,547.0,1384.0
16632,0.0,0.0,0.0,0.0,0.0,69.0,1862.0,69.0
16641,14.0,0.0,0.0,1986.0,0.0,0.0,0.0,0.0
16647,0.0,0.0,0.0,0.0,0.0,1989.0,0.0,11.0
16650,68.0,0.0,0.0,2.0,0.0,41.0,514.0,1375.0
16660,2000.0,0.0,0.0,0.0,0.0,0.0,0.0,0.0
16663,11.0,0.0,0.0,0.0,0.0,182.0,348.0,1459.0
16669,0.0,0.0,0.0,0.0,0.0,72.0,1780.0,148.0
16673,149.0,1.0,0.0,1778.0,43.0,8.0,0.0,21.0
16679,425.0,2.0,0.0,1497.0,36.0,11.0,0.0,29.0
16693,0.0,0.0,0.0,2000.0,0.0,0.0,0.0,0.0
16697,1467.0,6.0,0.0,318.0,33.0,10.0,15.0,151.0
16710,0.0,0.0,0.0,0.0,0.0,238.0,1542.0,220.0
16723,0.0,0.0,0.0,0.0,0.0,0.0,1987.0,13.0
16725,862.0,1.0,0.0,852.0,205.0,75.0,1.0,4.0
16735,26.0,0.0,0.0,0.0,0.0,78.0,1295.0,601.0
16779,1502.0,2.0,0.0,224.0,38.0,9.0,5.0,220.0
16785,0.0,0.0,0.0,0.0,0.0,11.0,1955.0,34.0
16790,0.0,0.0,0.0,0.0,0.0,1991.0,0.0,9.0
16799,0.0,0.0,0.0,0.0,0.0,1997.0,0.0,3.0
16801,13.0,0.0,0.0,0.0,0.0,20.0,416.0,1551.0
16804,859.0,1.0,0.0,807.0,72.0,77.0,4.0,180.0
16809,3.0,0.0,0.0,0.0,0.0,0.0,1971.0,26.0
16822,0.0,0.0,0.0,0.0,0.0,1786.0,0.0,214.0
16824,5.0,0.0,0.0,0.0,0.0,3.0,1943.0,49.0
16832,0.0,0.0,0.0,0.0,0.0,2000.0,0.0,0.0
16833,0.0,0.0,0.0,0.0,0.0,1730.0,52.0,218.0
16836,448.0,2.0,0.0,1154.0,48.0,80.0,2.0,266.0
16861,0.0,0.0,0.0,0.0,0.0,172.0,1708.0,120.0
16878,458.0,5.0,0.0,1209.0,64.0,88.0,1.0,175.0
16883,3.0,0.0,0.0,0.0,0.0,1.0,1969.0,27.0
16894,1077.0,1.0,0.0,894.0,0.0,0.0,5.0,23.0
16905,723.0,1.0,0.0,1216.0,46.0,9.0,1.0,4.0
16908,35.0,0.0,0.0,0.0,0.0,181.0,625.0,1159.0
16911,382.0,2.0,0.0,1448.0,106.0,42.0,0.0,20.0
16919,0.0,0.0,0.0,2000.0,0.0,0.0,0.0,0.0
16922,418.0,0.0,0.0,1481.0,58.0,26.0,0.0,17.0
16950,0.0,0.0,0.0,0.0,0.0,1796.0,5.0,199.0
16977,0.0,0.0,0.0,2000.0,0.0,0.0,0.0,0.0
16984,60.0,0.0,0.0,2.0,2.0,45.0,325.0,1566.0
16990,484.0,0.0,0.0,3.0,3.0,2.0,1343.0,165.0
16993,0.0,0.0,0.0,0.0,0.0,0.0,1987.0,13.0
17006,0.0,0.0,0.0,0.0,0.0,0.0,1966.0,34.0
17015,0.0,0.0,0.0,2000.0,0.0,0.0,0.0,0.0
17022,294.0,1.0,0.0,97.0,55.0,13.0,2.0,1538.0
17024,64.0,0.0,0.0,0.0,0.0,0.0,1904.0,32.0
17032,0.0,0.0,0.0,0.0,0.0,2000.0,0.0,0.0
17066,7.0,0.0,0.0,0.0,0.0,745.0,621.0,627.0
17086,26.0,0.0,0.0,2.0,3.0,24.0,310.0,1635.0
17092,2000.0,0.0,0.0,0.0,0.0,0.0,0.0,0.0
17104,0.0,0.0,0.0,0.0,0.0,1999.0,0.0,1.0
17105,7.0,0.0,0.0,0.0,0.0,0.0,1964.0,29.0
17111,58.0,0.0,0.0,0.0,12.0,7.0,173.0,1750.0
17116,0.0,0.0,0.0,0.0,0.0,0.0,1998.0,2.0
17120,150.0,4.0,0.0,1775.0,55.0,9.0,0.0,7.0
17124,50.0,0.0,0.0,0.0,0.0,0.0,1905.0,45.0
17143,82.0,0.0,0.0,0.0,0.0,0.0,1860.0,58.0
17148,974.0,1.0,0.0,184.0,23.0,48.0,202.0,568.0
17153,0.0,0.0,0.0,0.0,0.0,0.0,1996.0,4.0
17155,87.0,1.0,0.0,2.0,5.0,5.0,715.0,1185.0
17160,0.0,0.0,0.0,0.0,0.0,0.0,1915.0,85.0
17188,0.0,0.0,0.0,0.0,0.0,0.0,1991.0,9.0
17193,1433.0,2.0,0.0,255.0,30.0,17.0,6.0,257.0
17198,1.0,0.0,0.0,0.0,0.0,7.0,1932.0,60.0
17218,204.0,2.0,0.0,1639.0,47.0,30.0,2.0,76.0
17228,0.0,0.0,0.0,0.0,0.0,0.0,1979.0,21.0
17230,88.0,0.0,0.0,4.0,0.0,400.0,517.0,991.0
17234,22.0,2.0,0.0,1924.0,32.0,4.0,0.0,16.0
17237,0.0,0.0,0.0,0.0,0.0,0.0,1999.0,1.0
17248,1585.0,5.0,0.0,70.0,99.0,26.0,7.0,208.0
17249,2000.0,0.0,0.0,0.0,0.0,0.0,0.0,0.0
17278,406.0,0.0,0.0,70.0,69.0,26.0,2.0,1427.0
17287,0.0,0.0,0.0,0.0,0.0,277.0,1069.0,654.0
17292,895.0,1.0,0.0,1008.0,31.0,5.0,0.0,60.0
17294,2000.0,0.0,0.0,0.0,0.0,0.0,0.0,0.0
17343,45.0,0.0,0.0,0.0,0.0,8.0,980.0,967.0
17366,652.0,1.0,0.0,407.0,82.0,55.0,0.0,803.0
17379,1917.0,0.0,0.0,82.0,0.0,0.0,0.0,1.0
17383,92.0,0.0,0.0,2.0,3.0,113.0,630.0,1160.0
17386,88.0,0.0,0.0,0.0,0.0,0.0,1852.0,60.0
17388,11.0,0.0,0.0,0.0,0.0,4.0,1908.0,77.0
17415,224.0,0.0,0.0,0.0,0.0,1.0,1672.0,103.0
17427,0.0,0.0,0.0,0.0,0.0,13.0,1795.0,192.0
17428,9.0,0.0,0.0,0.0,0.0,44.0,1695.0,252.0
17432,0.0,0.0,0.0,0.0,0.0,126.0,1712.0,162.0
17435,13.0,0.0,0.0,0.0,0.0,855.0,202.0,930.0
17444,0.0,0.0,0.0,0.0,0.0,0.0,1844.0,156.0
17448,57.0,0.0,0.0,3.0,5.0,49.0,149.0,1737.0
17464,40.0,0.0,0.0,1.0,1.0,36.0,354.0,1568.0
17508,4.0,0.0,0.0,0.0,0.0,12.0,1879.0,105.0
17509,0.0,0.0,0.0,2000.0,0.0,0.0,0.0,0.0
17511,0.0,0.0,0.0,0.0,0.0,0.0,1988.0,12.0
17516,46.0,6.0,0.0,1863.0,60.0,8.0,2.0,15.0
17526,174.0,0.0,0.0,1.0,3.0,6.0,933.0,883.0
17528,0.0,0.0,0.0,2000.0,0.0,0.0,0.0,0.0
17530,0.0,0.0,0.0,1.0,0.0,974.0,588.0,437.0
17533,37.0,0.0,0.0,0.0,0.0,0.0,1931.0,32.0
17546,616.0,1.0,0.0,1279.0,61.0,23.0,0.0,20.0
17551,0.0,0.0,0.0,0.0,0.0,0.0,1985.0,15.0
17556,1393.0,11.0,0.0,204.0,111.0,30.0,46.0,205.0
17584,1311.0,6.0,0.0,74.0,35.0,16.0,197.0,361.0
17624,3.0,0.0,0.0,0.0,0.0,40.0,1813.0,144.0
17636,39.0,0.0,0.0,3.0,3.0,168.0,115.0,1672.0
17640,1.0,0.0,0.0,2.0,0.0,1726.0,2.0,269.0
17662,7.0,0.0,0.0,0.0,0.0,236.0,532.0,1225.0
17663,19.0,0.0,0.0,0.0,0.0,17.0,1500.0,464.0
17665,0.0,0.0,0.0,2000.0,0.0,0.0,0.0,0.0
17666,79.0,0.0,0.0,0.0,0.0,31.0,650.0,1240.0
17668,817.0,7.0,0.0,822.0,75.0,39.0,4.0,236.0
17675,0.0,0.0,0.0,0.0,0.0,0.0,1964.0,36.0
17682,0.0,0.0,0.0,0.0,0.0,2000.0,0.0,0.0
17720,14.0,0.0,0.0,1.0,0.0,268.0,307.0,1410.0
17721,0.0,0.0,0.0,0.0,0.0,2000.0,0.0,0.0
17731,1150.0,4.0,0.0,406.0,14.0,16.0,153.0,257.0
17733,0.0,0.0,0.0,0.0,0.0,466.0,1375.0,159.0
17749,2000.0,0.0,0.0,0.0,0.0,0.0,0.0,0.0
17750,30.0,0.0,0.0,0.0,0.0,26.0,769.0,1175.0
17766,94.0,2.0,0.0,33.0,20.0,76.0,30.0,1745.0
17772,425.0,2.0,0.0,1529.0,31.0,6.0,0.0,7.0
17777,754.0,1.0,0.0,5.0,49.0,25.0,11.0,1155.0
17797,81.0,1.0,0.0,10.0,14.0,106.0,57.0,1731.0
17820,72.0,0.0,0.0,0.0,0.0,3.0,1718.0,207.0
17826,1553.0,5.0,0.0,80.0,68.0,77.0,34.0,183.0
17851,0.0,0.0,0.0,0.0,0.0,0.0,1984.0,16.0
17856,0.0,0.0,0.0,0.0,0.0,176.0,1617.0,207.0
17857,49.0,0.0,0.0,2.0,0.0,32.0,629.0,1288.0
17861,0.0,0.0,0.0,0.0,0.0,1029.0,9.0,962.0
17869,0.0,0.0,0.0,0.0,0.0,1525.0,13.0,462.0
17871,6.0,0.0,0.0,0.0,0.0,19.0,1922.0,53.0
17879,0.0,0.0,0.0,0.0,0.0,0.0,1910.0,90.0
17882,0.0,0.0,0.0,0.0,0.0,10.0,1962.0,28.0
17895,0.0,0.0,0.0,0.0,0.0,0.0,1997.0,3.0
17899,3.0,0.0,0.0,1.0,0.0,1108.0,151.0,737.0
17909,73.0,0.0,0.0,3.0,7.0,54.0,327.0,1536.0
17920,0.0,0.0,0.0,0.0,0.0,1977.0,0.0,23.0
17926,20.0,0.0,0.0,0.0,0.0,105.0,495.0,1380.0
17932,19.0,0.0,0.0,0.0,0.0,65.0,1699.0,217.0
17965,0.0,1.0,0.0,0.0,0.0,808.0,363.0,828.0
17967,3.0,0.0,0.0,0.0,0.0,223.0,1550.0,224.0
17969,34.0,0.0,0.0,0.0,0.0,52.0,860.0,1054.0
17971,224.0,4.0,0.0,1623.0,88.0,23.0,1.0,37.0
17973,1519.0,8.0,0.0,212.0,94.0,36.0,10.0,121.0
17990,957.0,6.0,0.0,761.0,21.0,29.0,33.0,193.0
17992,379.0,5.0,0.0,1382.0,137.0,64.0,13.0,20.0
18003,0.0,0.0,0.0,0.0,0.0,0.0,1974.0,26.0
18006,6.0,0.0,0.0,0.0,0.0,0.0,1958.0,36.0
18024,184.0,0.0,0.0,4.0,8.0,14.0,697.0,1093.0
18031,160.0,1.0,0.0,22.0,4.0,45.0,341.0,1427.0
18038,1926.0,0.0,0.0,67.0,1.0,0.0,5.0,1.0
18041,23.0,1.0,0.0,3.0,3.0,39.0,237.0,1694.0
18049,165.0,0.0,0.0,6.0,1.0,39.0,468.0,1321.0
18050,0.0,0.0,0.0,0.0,0.0,0.0,2000.0,0.0
18054,404.0,1.0,0.0,1558.0,26.0,6.0,0.0,5.0
18065,0.0,0.0,0.0,0.0,0.0,828.0,599.0,573.0
18073,389.0,2.0,0.0,1481.0,57.0,23.0,1.0,47.0
18075,28.0,0.0,0.0,1.0,1.0,52.0,309.0,1609.0
18077,175.0,0.0,0.0,1803.0,9.0,3.0,0.0,10.0
18082,53.0,1.0,0.0,1664.0,98.0,12.0,0.0,172.0
18089,0.0,0.0,0.0,0.0,0.0,24.0,1519.0,457.0
18090,134.0,0.0,0.0,5.0,0.0,414.0,1216.0,231.0
18100,71.0,0.0,0.0,2.0,3.0,9.0,399.0,1516.0
18108,0.0,0.0,0.0,2000.0,0.0,0.0,0.0,0.0
18135,41.0,0.0,0.0,0.0,0.0,34.0,769.0,1156.0
18141,1090.0,0.0,0.0,87.0,18.0,83.0,167.0,555.0
18164,12.0,0.0,0.0,0.0,0.0,16.0,695.0,1277.0
18168,67.0,3.0,0.0,1834.0,67.0,14.0,1.0,14.0
18173,14.0,0.0,0.0,0.0,0.0,20.0,1894.0,72.0
18183,184.0,6.0,0.0,1619.0,126.0,49.0,1.0,15.0
18186,3.0,0.0,0.0,0.0,0.0,2.0,1973.0,22.0
18187,0.0,0.0,0.0,0.0,0.0,90.0,1809.0,101.0
18188,0.0,0.0,0.0,0.0,0.0,0.0,1997.0,3.0
18193,0.0,0.0,0.0,0.0,0.0,0.0,1928.0,72.0
18202,0.0,0.0,0.0,0.0,0.0,0.0,1994.0,6.0
18212,0.0,0.0,0.0,0.0,0.0,0.0,1997.0,3.0
18221,52.0,0.0,0.0,0.0,0.0,1.0,1911.0,36.0
18222,11.0,0.0,0.0,0.0,0.0,1983.0,0.0,6.0
18235,57.0,0.0,0.0,1.0,0.0,29.0,633.0,1280.0
18242,0.0,0.0,0.0,0.0,0.0,1999.0,0.0,1.0
18244,350.0,0.0,0.0,0.0,2.0,3.0,1313.0,332.0
18255,550.0,0.0,0.0,47.0,28.0,90.0,37.0,1248.0
18279,0.0,0.0,0.0,0.0,0.0,25.0,1929.0,46.0
18292,1281.0,2.0,0.0,18.0,59.0,45.0,24.0,571.0
18300,43.0,0.0,0.0,0.0,2.0,55.0,254.0,1646.0
18301,527.0,0.0,0.0,2.0,5.0,10.0,1076.0,380.0
18322,0.0,0.0,0.0,0.0,0.0,1352.0,188.0,460.0
18331,0.0,0.0,0.0,0.0,0.0,0.0,1996.0,4.0
18345,31.0,1.0,0.0,0.0,0.0,49.0,915.0,1004.0
18364,264.0,5.0,0.0,1482.0,21.0,28.0,29.0,171.0
18373,210.0,6.0,0.0,1697.0,49.0,16.0,4.0,18.0
18375,76.0,1.0,0.0,2.0,0.0,25.0,191.0,1705.0
18379,0.0,0.0,0.0,0.0,0.0,2.0,1978.0,20.0
18385,142.0,0.0,0.0,28.0,5.0,123.0,89.0,1613.0
18388,0.0,0.0,0.0,0.0,0.0,1.0,1973.0,26.0
18391,6.0,0.0,0.0,0.0,2.0,775.0,41.0,1176.0
18393,314.0,2.0,0.0,18.0,28.0,50.0,234.0,1354.0
18409,81.0,2.0,0.0,1875.0,21.0,9.0,4.0,8.0
18414,1207.0,1.0,0.0,519.0,39.0,6.0,1.0,227.0
18425,517.0,4.0,0.0,1206.0,55.0,19.0,1.0,198.0
18436,0.0,0.0,0.0,0.0,0.0,0.0,1940.0,60.0
18440,0.0,0.0,0.0,0.0,0.0,2000.0,0.0,0.0
18451,0.0,0.0,0.0,0.0,0.0,0.0,1977.0,23.0
18464,0.0,0.0,0.0,0.0,0.0,0.0,1919.0,81.0
18465,8.0,0.0,0.0,0.0,0.0,1.0,1928.0,63.0
18486,12.0,0.0,0.0,0.0,0.0,113.0,266.0,1609.0
18487,0.0,0.0,0.0,0.0,0.0,0.0,1962.0,38.0
18504,213.0,5.0,0.0,1496.0,59.0,45.0,3.0,179.0
18515,383.0,2.0,0.0,1220.0,82.0,10.0,0.0,303.0
18517,554.0,8.0,0.0,1132.0,151.0,92.0,1.0,62.0
18519,22.0,0.0,0.0,1.0,0.0,1042.0,27.0,908.0
18527,0.0,0.0,0.0,2000.0,0.0,0.0,0.0,0.0
18530,62.0,0.0,0.0,0.0,0.0,78.0,614.0,1246.0
18532,110.0,0.0,0.0,0.0,2.0,87.0,462.0,1339.0
18539,0.0,0.0,0.0,0.0,0.0,2.0,1970.0,28.0
18542,0.0,0.0,0.0,0.0,0.0,2000.0,0.0,0.0
18544,27.0,0.0,0.0,0.0,0.0,18.0,1344.0,611.0
18550,0.0,0.0,0.0,0.0,0.0,1686.0,4.0,310.0
18582,11.0,0.0,0.0,0.0,0.0,48.0,722.0,1219.0
18605,0.0,0.0,0.0,0.0,0.0,0.0,1751.0,249.0
18623,0.0,0.0,0.0,0.0,0.0,1403.0,311.0,286.0
18631,0.0,0.0,0.0,0.0,0.0,0.0,1998.0,2.0
18636,3.0,0.0,0.0,0.0,0.0,719.0,2.0,1276.0
18637,73.0,0.0,0.0,0.0,0.0,49.0,953.0,925.0
18644,0.0,0.0,0.0,0.0,0.0,1801.0,5.0,194.0
18651,677.0,2.0,0.0,22.0,42.0,39.0,79.0,1139.0
18658,0.0,0.0,0.0,0.0,0.0,0.0,1992.0,8.0
18660,7.0,0.0,0.0,0.0,0.0,27.0,1813.0,153.0
18683,0.0,0.0,0.0,0.0,0.0,1996.0,0.0,4.0
18729,102.0,0.0,0.0,5.0,4.0,44.0,295.0,1550.0
18741,0.0,0.0,0.0,0.0,0.0,1094.0,154.0,752.0
18742,0.0,0.0,0.0,0.0,0.0,0.0,1966.0,34.0
18745,3.0,0.0,0.0,0.0,0.0,8.0,1949.0,40.0
18764,0.0,0.0,0.0,0.0,0.0,0.0,1988.0,12.0
18783,0.0,0.0,0.0,0.0,0.0,1951.0,0.0,49.0
18796,0.0,0.0,0.0,2000.0,0.0,0.0,0.0,0.0
18808,524.0,2.0,0.0,25.0,6.0,18.0,1083.0,342.0
18832,54.0,1.0,0.0,4.0,5.0,24.0,173.0,1739.0
18834,0.0,0.0,0.0,0.0,0.0,0.0,1995.0,5.0
18859,0.0,0.0,0.0,0.0,0.0,0.0,1990.0,10.0
18865,46.0,0.0,0.0,4.0,4.0,18.0,139.0,1789.0
18882,142.0,4.0,0.0,1721.0,51.0,15.0,1.0,66.0
18889,30.0,0.0,0.0,6.0,14.0,133.0,5.0,1812.0
18893,33.0,0.0,0.0,0.0,1.0,22.0,458.0,1486.0
18898,0.0,3.0,0.0,0.0,0.0,42.0,1792.0,163.0
18903,1.0,0.0,0.0,0.0,0.0,0.0,1986.0,13.0
18907,0.0,0.0,0.0,0.0,0.0,2000.0,0.0,0.0
18911,3.0,0.0,0.0,0.0,0.0,24.0,1915.0,58.0
18912,0.0,0.0,0.0,0.0,0.0,0.0,1998.0,2.0
18916,1.0,0.0,0.0,1999.0,0.0,0.0,0.0,0.0
18922,26.0,0.0,0.0,0.0,0.0,4.0,1774.0,196.0
18926,0.0,0.0,0.0,0.0,0.0,0.0,1969.0,31.0
18927,2000.0,0.0,0.0,0.0,0.0,0.0,0.0,0.0
18931,0.0,0.0,0.0,0.0,0.0,1996.0,0.0,4.0
18933,19.0,0.0,0.0,0.0,0.0,1.0,1946.0,34.0
18941,39.0,0.0,0.0,0.0,0.0,27.0,520.0,1414.0
18951,0.0,0.0,0.0,0.0,0.0,0.0,1976.0,24.0
18955,1709.0,1.0,0.0,162.0,11.0,3.0,24.0,90.0
18956,2000.0,0.0,0.0,0.0,0.0,0.0,0.0,0.0
18962,243.0,0.0,0.0,0.0,0.0,1.0,1682.0,74.0
18973,132.0,0.0,0.0,0.0,0.0,6.0,1764.0,98.0
18987,1.0,0.0,0.0,0.0,0.0,180.0,1607.0,212.0
18999,13.0,0.0,0.0,0.0,1.0,48.0,1108.0,830.0
19000,242.0,0.0,0.0,0.0,4.0,6.0,1355.0,393.0
19016,3.0,0.0,0.0,0.0,0.0,0.0,1956.0,41.0
19017,0.0,0.0,0.0,0.0,0.0,1125.0,578.0,297.0
19028,104.0,0.0,0.0,1.0,1.0,122.0,383.0,1389.0
19048,0.0,0.0,0.0,0.0,0.0,592.0,1144.0,264.0
19063,217.0,1.0,0.0,6.0,12.0,48.0,395.0,1321.0
19068,222.0,0.0,0.0,0.0,0.0,14.0,1593.0,171.0
19071,182.0,1.0,0.0,1777.0,19.0,3.0,0.0,18.0
19092,71.0,2.0,0.0,1913.0,6.0,2.0,0.0,6.0
19093,197.0,5.0,0.0,1608.0,45.0,29.0,0.0,116.0
19108,181.0,0.0,0.0,1750.0,54.0,6.0,0.0,9.0
19131,0.0,0.0,0.0,0.0,0.0,640.0,968.0,392.0
19137,0.0,0.0,0.0,0.0,0.0,1547.0,71.0,382.0
19138,0.0,0.0,0.0,0.0,0.0,1174.0,401.0,425.0
19139,1194.0,0.0,0.0,791.0,5.0,0.0,1.0,9.0
19142,0.0,0.0,0.0,0.0,0.0,23.0,1917.0,60.0
19146,173.0,0.0,0.0,46.0,7.0,198.0,349.0,1227.0
19149,0.0,0.0,0.0,0.0,0.0,0.0,1988.0,12.0
19160,0.0,0.0,0.0,0.0,0.0,0.0,1936.0,64.0
19165,658.0,2.0,0.0,7.0,76.0,31.0,32.0,1194.0
19171,2.0,0.0,0.0,0.0,0.0,18.0,1922.0,58.0
19189,0.0,0.0,0.0,0.0,0.0,0.0,1993.0,7.0
19190,160.0,1.0,0.0,1709.0,66.0,44.0,2.0,18.0
19191,1350.0,3.0,0.0,450.0,93.0,31.0,0.0,73.0
19194,0.0,0.0,0.0,0.0,0.0,0.0,1986.0,14.0
19196,23.0,0.0,0.0,0.0,0.0,15.0,1689.0,273.0
19214,411.0,0.0,0.0,23.0,26.0,72.0,125.0,1343.0
19217,1.0,0.0,0.0,0.0,0.0,1999.0,0.0,0.0
19226,46.0,0.0,0.0,2.0,0.0,9.0,580.0,1363.0
19233,166.0,1.0,0.0,1755.0,53.0,13.0,0.0,12.0
19234,17.0,1.0,0.0,1963.0,14.0,4.0,0.0,1.0
19251,52.0,0.0,0.0,1.0,0.0,70.0,1010.0,867.0
19261,15.0,0.0,0.0,0.0,0.0,32.0,1406.0,547.0
19262,419.0,1.0,0.0,2.0,3.0,1.0,1368.0,206.0
19287,4.0,0.0,0.0,0.0,0.0,48.0,1528.0,420.0
19320,0.0,0.0,0.0,0.0,0.0,1997.0,0.0,3.0
19352,0.0,0.0,0.0,0.0,0.0,74.0,1729.0,197.0
19353,0.0,0.0,0.0,0.0,0.0,1566.0,202.0,232.0
19365,0.0,0.0,0.0,0.0,0.0,1959.0,0.0,41.0
19384,0.0,0.0,0.0,0.0,0.0,1518.0,91.0,391.0
19386,55.0,0.0,0.0,0.0,0.0,572.0,485.0,888.0
19391,1.0,0.0,0.0,0.0,0.0,2.0,1983.0,14.0
19399,0.0,0.0,0.0,0.0,0.0,54.0,1790.0,156.0
19400,90.0,0.0,0.0,0.0,0.0,15.0,1549.0,346.0
19406,1362.0,4.0,0.0,27.0,21.0,9.0,361.0,216.0
19409,0.0,0.0,0.0,0.0,0.0,2.0,1919.0,79.0
19419,0.0,0.0,0.0,0.0,0.0,0.0,1999.0,1.0
19440,67.0,1.0,0.0,2.0,1.0,43.0,210.0,1676.0
19450,2.0,0.0,0.0,0.0,0.0,565.0,609.0,824.0
19458,744.0,0.0,0.0,5.0,2.0,2.0,1111.0,136.0
19477,23.0,0.0,0.0,0.0,0.0,52.0,600.0,1325.0
19480,353.0,4.0,0.0,1364.0,84.0,27.0,0.0,168.0
19483,18.0,0.0,0.0,0.0,1.0,8.0,541.0,1432.0
19484,0.0,0.0,0.0,0.0,0.0,6.0,1958.0,36.0
19497,187.0,0.0,0.0,0.0,0.0,1.0,1665.0,147.0
19498,1064.0,378.0,0.0,0.0,0.0,0.0,0.0,558.0
19499,528.0,0.0,0.0,1459.0,12.0,0.0,0.0,1.0
19504,0.0,0.0,0.0,0.0,0.0,0.0,1983.0,17.0
19516,256.0,2.0,0.0,408.0,47.0,10.0,1.0,1276.0
19517,40.0,3.0,0.0,1846.0,73.0,6.0,3.0,29.0
19533,129.0,0.0,0.0,0.0,1.0,51.0,531.0,1288.0
19539,6.0,0.0,0.0,0.0,0.0,50.0,1855.0,89.0
19543,238.0,0.0,0.0,0.0,0.0,36.0,722.0,1004.0
19549,0.0,0.0,0.0,0.0,0.0,0.0,1999.0,1.0
19554,1999.0,0.0,0.0,1.0,0.0,0.0,0.0,0.0
19556,11.0,0.0,0.0,1983.0,5.0,0.0,0.0,1.0
19560,0.0,0.0,0.0,0.0,0.0,0.0,2000.0,0.0
19575,0.0,0.0,0.0,0.0,0.0,0.0,1997.0,3.0
19585,0.0,0.0,0.0,0.0,0.0,198.0,1629.0,173.0
19593,4.0,0.0,0.0,0.0,0.0,74.0,1629.0,293.0
19603,0.0,0.0,0.0,0.0,0.0,13.0,1532.0,455.0
19611,1.0,0.0,0.0,1.0,0.0,1944.0,0.0,54.0
19612,68.0,0.0,0.0,2.0,2.0,58.0,318.0,1552.0
19615,1948.0,0.0,0.0,3.0,42.0,6.0,1.0,0.0
19619,0.0,0.0,0.0,0.0,0.0,0.0,1999.0,1.0
19624,0.0,0.0,0.0,0.0,0.0,1952.0,0.0,48.0
19629,11.0,0.0,0.0,0.0,0.0,20.0,1739.0,230.0
19630,1092.0,6.0,0.0,116.0,66.0,99.0,6.0,615.0
19641,1.0,0.0,0.0,0.0,0.0,1.0,1967.0,31.0
19645,110.0,3.0,0.0,1841.0,35.0,4.0,0.0,7.0
19675,1615.0,2.0,0.0,233.0,119.0,27.0,0.0,4.0
19690,568.0,1.0,0.0,1.0,48.0,19.0,70.0,1293.0
19692,0.0,0.0,0.0,1.0,0.0,1996.0,0.0,3.0
19702,1.0,0.0,0.0,0.0,0.0,100.0,1758.0,141.0
19703,0.0,0.0,0.0,0.0,0.0,0.0,1993.0,7.0
19713,2.0,0.0,0.0,0.0,0.0,81.0,1707.0,210.0
19714,55.0,0.0,0.0,0.0,0.0,37.0,1373.0,535.0
19724,178.0,1.0,0.0,1.0,0.0,1800.0,0.0,20.0
19741,0.0,0.0,0.0,0.0,0.0,12.0,1948.0,40.0
19755,24.0,0.0,0.0,0.0,1.0,188.0,173.0,1614.0
19760,32.0,0.0,0.0,0.0,1.0,23.0,1499.0,445.0
19781,21.0,0.0,0.0,0.0,0.0,4.0,1868.0,107.0
19799,18.0,0.0,0.0,0.0,0.0,27.0,1760.0,195.0
19800,0.0,0.0,0.0,0.0,0.0,1486.0,1.0,513.0
19811,88.0,0.0,0.0,9.0,5.0,78.0,109.0,1711.0
19837,2.0,0.0,0.0,0.0,0.0,158.0,1645.0,195.0
19841,2000.0,0.0,0.0,0.0,0.0,0.0,0.0,0.0
19846,165.0,0.0,0.0,0.0,1.0,1.0,1654.0,179.0
19856,59.0,0.0,0.0,0.0,0.0,35.0,518.0,1388.0
19858,56.0,0.0,0.0,2.0,0.0,63.0,449.0,1430.0
19859,55.0,0.0,0.0,3.0,1.0,154.0,827.0,960.0
19865,42.0,0.0,0.0,2.0,3.0,57.0,465.0,1431.0
19874,0.0,0.0,0.0,0.0,0.0,4.0,1970.0,26.0
19883,0.0,0.0,0.0,0.0,0.0,0.0,1995.0,5.0
19884,0.0,0.0,0.0,0.0,0.0,0.0,1986.0,14.0
19897,46.0,0.0,0.0,0.0,1.0,47.0,828.0,1078.0
19905,0.0,0.0,0.0,0.0,0.0,677.0,1078.0,245.0
19919,481.0,3.0,0.0,48.0,42.0,84.0,19.0,1323.0
19927,0.0,0.0,0.0,0.0,0.0,2000.0,0.0,0.0
19960,31.0,0.0,0.0,5.0,2.0,41.0,139.0,1782.0
19962,32.0,0.0,0.0,0.0,1.0,59.0,1150.0,758.0
19969,126.0,1.0,0.0,1631.0,29.0,84.0,0.0,129.0
19973,59.0,0.0,0.0,0.0,0.0,1752.0,20.0,169.0
19976,0.0,0.0,0.0,0.0,0.0,0.0,1990.0,10.0
19977,50.0,0.0,0.0,2.0,0.0,36.0,516.0,1396.0
19982,82.0,1.0,0.0,9.0,3.0,31.0,366.0,1508.0
19996,1051.0,2.0,0.0,638.0,30.0,8.0,40.0,231.0
20019,2000.0,0.0,0.0,0.0,0.0,0.0,0.0,0.0
20044,1346.0,2.0,0.0,262.0,13.0,22.0,123.0,232.0
20061,0.0,0.0,0.0,0.0,0.0,0.0,1997.0,3.0
20081,181.0,0.0,0.0,47.0,50.0,39.0,0.0,1683.0
20083,14.0,0.0,0.0,5.0,5.0,114.0,111.0,1751.0
20091,302.0,1.0,0.0,1602.0,68.0,21.0,1.0,5.0
20110,2000.0,0.0,0.0,0.0,0.0,0.0,0.0,0.0
41510,31.0,0.0,0.0,0.0,0.0,37.0,559.0,1373.0
41515,853.0,7.0,0.0,392.0,22.0,248.0,11.0,467.0
41592,257.0,0.0,0.0,2.0,5.0,114.0,1008.0,614.0
41625,484.0,1.0,0.0,185.0,8.0,204.0,25.0,1093.0
41635,505.0,1.0,0.0,25.0,5.0,92.0,567.0,805.0
41642,11.0,0.0,0.0,3.0,0.0,746.0,172.0,1068.0
41665,154.0,0.0,0.0,2.0,11.0,118.0,145.0,1570.0
41674,0.0,0.0,0.0,0.0,0.0,1974.0,0.0,26.0
41713,30.0,0.0,0.0,6.0,0.0,1800.0,1.0,163.0
41726,0.0,0.0,0.0,0.0,1.0,752.0,10.0,1237.0
41730,40.0,0.0,0.0,19.0,2.0,1113.0,2.0,824.0
41737,0.0,0.0,0.0,0.0,0.0,0.0,1999.0,1.0
41766,20.0,0.0,0.0,2.0,1.0,1627.0,43.0,307.0
41798,34.0,0.0,2.0,117.0,0.0,1824.0,0.0,23.0
41820,35.0,0.0,0.0,0.0,0.0,1965.0,0.0,0.0
41821,1903.0,1.0,0.0,30.0,57.0,6.0,3.0,0.0
41856,829.0,9.0,0.0,796.0,44.0,21.0,18.0,283.0
41860,0.0,0.0,0.0,0.0,0.0,1994.0,0.0,6.0
41903,27.0,0.0,0.0,0.0,0.0,16.0,451.0,1506.0
41909,0.0,0.0,0.0,1.0,0.0,1939.0,0.0,60.0
41936,1344.0,5.0,0.0,311.0,77.0,17.0,3.0,243.0
41971,157.0,0.0,0.0,0.0,1.0,1.0,1294.0,547.0
41975,0.0,0.0,0.0,137.0,0.0,1853.0,0.0,10.0
41977,53.0,0.0,0.0,6.0,11.0,32.0,17.0,1881.0
41979,14.0,0.0,0.0,1.0,1.0,628.0,55.0,1301.0
42005,12.0,0.0,0.0,0.0,0.0,80.0,411.0,1497.0
42021,265.0,2.0,0.0,1610.0,79.0,11.0,0.0,33.0
42025,193.0,2.0,0.0,1653.0,21.0,48.0,3.0,80.0
42044,37.0,9.0,3.0,11.0,0.0,1912.0,15.0,13.0
42049,270.0,0.0,0.0,13.0,16.0,30.0,394.0,1277.0
42054,7.0,5.0,0.0,144.0,0.0,1299.0,410.0,135.0
42056,27.0,0.0,0.0,98.0,0.0,1846.0,0.0,29.0
42066,12.0,0.0,0.0,0.0,0.0,0.0,1964.0,24.0
42068,121.0,33.0,0.0,12.0,0.0,342.0,972.0,520.0
42099,3.0,0.0,0.0,0.0,1.0,580.0,253.0,1163.0
42123,27.0,0.0,0.0,0.0,3.0,4.0,210.0,1756.0
42128,0.0,0.0,0.0,0.0,0.0,2000.0,0.0,0.0
42151,37.0,0.0,0.0,2.0,2.0,54.0,89.0,1816.0
42160,0.0,0.0,0.0,0.0,0.0,1999.0,0.0,1.0
42161,381.0,0.0,0.0,4.0,5.0,4.0,1274.0,332.0
42181,0.0,0.0,2.0,30.0,0.0,1821.0,0.0,147.0
42198,273.0,0.0,0.0,3.0,43.0,43.0,22.0,1616.0
42205,57.0,0.0,0.0,4.0,11.0,28.0,162.0,1738.0
42219,75.0,0.0,0.0,3.0,3.0,5.0,922.0,992.0
42224,0.0,0.0,0.0,118.0,0.0,1813.0,0.0,69.0
42234,19.0,0.0,0.0,0.0,0.0,9.0,415.0,1557.0
42251,25.0,0.0,0.0,0.0,3.0,28.0,129.0,1815.0
42279,1066.0,1.0,0.0,690.0,95.0,29.0,0.0,119.0
42296,14.0,0.0,0.0,0.0,0.0,112.0,590.0,1284.0
42303,619.0,3.0,0.0,5.0,31.0,37.0,189.0,1116.0
42318,227.0,0.0,0.0,1247.0,42.0,6.0,0.0,478.0
42321,0.0,0.0,0.0,25.0,0.0,1926.0,0.0,49.0
42359,359.0,1.0,0.0,1229.0,35.0,309.0,1.0,66.0
42387,0.0,0.0,0.0,0.0,0.0,924.0,1.0,1075.0
42412,2.0,14.0,0.0,0.0,0.0,1546.0,378.0,60.0
42467,0.0,0.0,0.0,0.0,0.0,1999.0,0.0,1.0
42490,194.0,0.0,0.0,0.0,10.0,8.0,546.0,1242.0
42492,264.0,3.0,0.0,3.0,16.0,201.0,39.0,1474.0
42502,8.0,0.0,0.0,0.0,0.0,31.0,991.0,970.0
42503,1051.0,1.0,0.0,473.0,16.0,46.0,52.0,361.0
42510,241.0,0.0,0.0,65.0,0.0,1693.0,0.0,1.0
42512,1203.0,15.0,0.0,164.0,10.0,48.0,14.0,546.0
42547,112.0,0.0,0.0,49.0,20.0,186.0,0.0,1633.0
42584,123.0,0.0,0.0,113.0,2.0,790.0,212.0,760.0
42589,10.0,0.0,0.0,2.0,0.0,1447.0,4.0,537.0
42639,1783.0,1.0,0.0,32.0,42.0,18.0,0.0,124.0
42664,0.0,0.0,0.0,0.0,0.0,2000.0,0.0,0.0
42678,1011.0,0.0,0.0,946.0,30.0,5.0,0.0,8.0
42691,1009.0,1.0,0.0,63.0,0.0,915.0,0.0,12.0
42708,0.0,0.0,0.0,0.0,0.0,455.0,53.0,1492.0
42720,4.0,0.0,0.0,0.0,0.0,1.0,1957.0,38.0
42741,0.0,0.0,0.0,2.0,0.0,1716.0,4.0,278.0
42775,28.0,0.0,0.0,3.0,4.0,42.0,141.0,1782.0
42776,0.0,0.0,0.0,0.0,0.0,1987.0,0.0,13.0
42780,2.0,0.0,1.0,1.0,0.0,1993.0,0.0,3.0
42810,0.0,0.0,0.0,0.0,0.0,0.0,1961.0,39.0
42844,0.0,0.0,0.0,0.0,0.0,2000.0,0.0,0.0
42857,1211.0,0.0,0.0,39.0,70.0,52.0,4.0,624.0
42880,6.0,0.0,0.0,0.0,0.0,227.0,161.0,1606.0
42917,36.0,0.0,0.0,7.0,1.0,1802.0,23.0,131.0
42961,0.0,0.0,0.0,1.0,0.0,1991.0,0.0,8.0
43005,52.0,0.0,0.0,4.0,9.0,58.0,63.0,1814.0
43006,183.0,6.0,0.0,358.0,1.0,1319.0,11.0,122.0
43029,506.0,2.0,0.0,1314.0,78.0,16.0,1.0,83.0
43033,184.0,0.0,0.0,2.0,10.0,18.0,358.0,1428.0
43068,2.0,0.0,0.0,0.0,0.0,1997.0,0.0,1.0
43069,18.0,0.0,0.0,1.0,3.0,74.0,109.0,1795.0
43070,162.0,0.0,0.0,2.0,5.0,20.0,701.0,1110.0
43071,1096.0,7.0,0.0,470.0,37.0,16.0,36.0,338.0
43072,425.0,0.0,0.0,26.0,13.0,39.0,336.0,1161.0
43126,6.0,0.0,0.0,0.0,0.0,1982.0,0.0,12.0
43130,35.0,1.0,0.0,197.0,3.0,1475.0,7.0,282.0
43144,3.0,0.0,0.0,0.0,0.0,1209.0,1.0,787.0
43172,107.0,0.0,0.0,111.0,33.0,18.0,2.0,1729.0
43206,166.0,0.0,0.0,32.0,3.0,613.0,631.0,555.0
43272,8.0,0.0,0.0,0.0,1.0,1956.0,0.0,35.0
43287,4.0,3.0,0.0,0.0,3.0,1641.0,0.0,349.0
43295,1.0,0.0,0.0,6.0,1.0,436.0,0.0,1556.0
43297,249.0,0.0,2.0,0.0,0.0,290.0,1459.0,0.0
43304,6.0,0.0,0.0,34.0,0.0,1953.0,0.0,7.0
43325,1.0,0.0,0.0,3.0,0.0,1987.0,0.0,9.0
43348,946.0,3.0,0.0,931.0,28.0,8.0,0.0,84.0
43369,158.0,0.0,0.0,0.0,6.0,4.0,1396.0,436.0
43390,0.0,0.0,0.0,11.0,0.0,1961.0,0.0,28.0
43405,3.0,0.0,0.0,0.0,0.0,57.0,1706.0,234.0
43416,1.0,0.0,0.0,1.0,0.0,1944.0,0.0,54.0
43450,14.0,0.0,0.0,0.0,1.0,37.0,713.0,1235.0
43455,26.0,0.0,0.0,0.0,0.0,5.0,540.0,1429.0
43463,298.0,0.0,0.0,10.0,50.0,27.0,42.0,1573.0
43496,30.0,2.0,0.0,0.0,0.0,65.0,1761.0,142.0
43524,6.0,0.0,0.0,0.0,0.0,71.0,691.0,1232.0
43534,0.0,0.0,11.0,1.0,0.0,1928.0,2.0,58.0
43568,16.0,0.0,0.0,0.0,0.0,162.0,448.0,1374.0
43569,1272.0,0.0,0.0,600.0,90.0,30.0,0.0,8.0
43634,755.0,4.0,0.0,1213.0,0.0,0.0,14.0,14.0
43639,0.0,0.0,0.0,0.0,0.0,411.0,54.0,1535.0
43640,15.0,0.0,0.0,1.0,3.0,51.0,199.0,1731.0
43672,24.0,6.0,0.0,10.0,0.0,1464.0,135.0,361.0
43677,284.0,1.0,0.0,38.0,32.0,100.0,111.0,1434.0
43712,1786.0,1.0,0.0,81.0,63.0,18.0,0.0,51.0
43745,0.0,0.0,0.0,0.0,0.0,1998.0,0.0,2.0
43751,5.0,0.0,0.0,0.0,0.0,683.0,5.0,1307.0
43766,124.0,2.0,0.0,1276.0,0.0,530.0,4.0,64.0
43791,910.0,1.0,0.0,17.0,15.0,27.0,437.0,593.0
43799,0.0,0.0,2.0,17.0,0.0,1967.0,0.0,14.0
43817,26.0,0.0,0.0,1.0,1.0,135.0,127.0,1710.0
43836,1.0,0.0,0.0,0.0,2.0,1338.0,0.0,659.0
43839,64.0,0.0,0.0,0.0,0.0,0.0,1193.0,743.0
43888,10.0,0.0,0.0,0.0,2.0,6.0,420.0,1562.0
43930,5.0,0.0,0.0,19.0,0.0,1957.0,0.0,19.0
43936,35.0,0.0,0.0,2.0,1.0,443.0,150.0,1369.0
43944,113.0,0.0,0.0,23.0,13.0,138.0,41.0,1672.0
43948,286.0,0.0,0.0,503.0,0.0,1208.0,0.0,3.0
43975,1.0,0.0,0.0,887.0,0.0,1105.0,0.0,7.0
44011,0.0,0.0,0.0,1932.0,0.0,64.0,0.0,4.0
44085,575.0,2.0,0.0,1344.0,11.0,25.0,0.0,43.0
44090,11.0,0.0,0.0,0.0,0.0,114.0,492.0,1383.0
44127,14.0,0.0,0.0,0.0,0.0,55.0,868.0,1063.0
44129,2000.0,0.0,0.0,0.0,0.0,0.0,0.0,0.0
44144,2000.0,0.0,0.0,0.0,0.0,0.0,0.0,0.0
44152,1073.0,1.0,0.0,81.0,24.0,40.0,52.0,729.0
44162,62.0,0.0,0.0,3.0,1.0,143.0,123.0,1668.0
44170,0.0,0.0,0.0,0.0,0.0,3.0,1960.0,37.0
44172,813.0,1.0,0.0,82.0,9.0,69.0,279.0,747.0
44201,18.0,0.0,0.0,0.0,1.0,23.0,555.0,1403.0
44282,13.0,0.0,0.0,36.0,0.0,1663.0,0.0,288.0
44286,0.0,0.0,0.0,1753.0,0.0,239.0,2.0,6.0
44302,4.0,1.0,1.0,5.0,0.0,1788.0,66.0,135.0
44320,1113.0,0.0,0.0,121.0,0.0,760.0,0.0,6.0
44346,1658.0,1.0,0.0,112.0,30.0,9.0,20.0,170.0
44408,0.0,0.0,1.0,22.0,0.0,1930.0,0.0,47.0
44428,0.0,0.0,0.0,2.0,0.0,1487.0,369.0,142.0
44470,44.0,1.0,0.0,0.0,0.0,9.0,1890.0,56.0
44472,466.0,0.0,0.0,10.0,3.0,3.0,1293.0,225.0
44474,896.0,3.0,0.0,310.0,23.0,327.0,0.0,441.0
44476,13.0,0.0,0.0,0.0,1.0,15.0,458.0,1513.0
44479,28.0,0.0,0.0,1.0,1.0,10.0,272.0,1688.0
44496,75.0,1.0,0.0,4.0,1.0,1113.0,67.0,739.0
44509,17.0,0.0,0.0,0.0,0.0,35.0,1325.0,623.0
44516,306.0,2.0,0.0,1564.0,30.0,10.0,0.0,88.0
44528,0.0,0.0,0.0,0.0,0.0,1992.0,0.0,8.0
44549,3.0,0.0,0.0,0.0,0.0,489.0,323.0,1185.0
44614,2.0,0.0,0.0,85.0,0.0,1911.0,0.0,2.0
44619,35.0,0.0,0.0,0.0,2.0,702.0,203.0,1058.0
44675,725.0,1.0,0.0,26.0,30.0,56.0,52.0,1110.0
44698,161.0,17.0,0.0,5.0,0.0,1642.0,141.0,34.0
44735,0.0,0.0,0.0,0.0,0.0,2000.0,0.0,0.0
44766,58.0,0.0,0.0,10.0,0.0,1927.0,0.0,5.0
44772,11.0,0.0,0.0,0.0,0.0,25.0,812.0,1152.0
44775,321.0,0.0,0.0,2.0,8.0,1.0,930.0,738.0
44788,4.0,0.0,0.0,1265.0,1.0,572.0,0.0,158.0
44811,2.0,0.0,0.0,7.0,0.0,1980.0,0.0,11.0
44825,0.0,0.0,0.0,2.0,0.0,1998.0,0.0,0.0
44867,556.0,0.0,0.0,1.0,0.0,1441.0,0.0,2.0
44870,0.0,0.0,2.0,0.0,0.0,1985.0,0.0,13.0
44886,7.0,3.0,0.0,0.0,0.0,1407.0,166.0,417.0
44890,30.0,9.0,8.0,0.0,0.0,1860.0,38.0,55.0
44916,783.0,2.0,0.0,2.0,25.0,15.0,362.0,811.0
44941,9.0,0.0,0.0,0.0,0.0,177.0,278.0,1536.0
44963,47.0,0.0,0.0,1.0,7.0,80.0,275.0,1590.0
44966,24.0,0.0,0.0,11.0,0.0,798.0,6.0,1161.0
45002,48.0,0.0,0.0,0.0,0.0,426.0,1212.0,314.0
45036,11.0,0.0,0.0,0.0,1.0,824.0,56.0,1108.0
45037,1168.0,11.0,0.0,53.0,28.0,154.0,65.0,521.0
45040,0.0,0.0,0.0,35.0,0.0,1724.0,0.0,241.0
45052,757.0,1.0,0.0,1.0,20.0,12.0,422.0,787.0
45142,35.0,1.0,0.0,35.0,5.0,38.0,28.0,1858.0
45146,11.0,0.0,0.0,0.0,0.0,85.0,716.0,1188.0
45153,1517.0,2.0,0.0,311.0,58.0,7.0,0.0,105.0
45178,249.0,0.0,0.0,6.0,11.0,2.0,569.0,1163.0
45223,0.0,0.0,0.0,0.0,0.0,1994.0,0.0,6.0
45224,8.0,0.0,0.0,0.0,0.0,1353.0,8.0,631.0
45227,0.0,0.0,0.0,1.0,0.0,1501.0,4.0,494.0
45228,121.0,0.0,0.0,52.0,2.0,516.0,87.0,1222.0
45231,799.0,0.0,0.0,1041.0,70.0,4.0,0.0,86.0
45232,30.0,0.0,0.0,0.0,1.0,5.0,527.0,1437.0
45234,102.0,0.0,0.0,6.0,0.0,1889.0,0.0,3.0
45273,456.0,1.0,0.0,4.0,38.0,36.0,140.0,1325.0
45287,41.0,0.0,0.0,4.0,0.0,311.0,939.0,705.0
45294,3.0,0.0,0.0,35.0,0.0,1942.0,0.0,20.0
45296,35.0,0.0,0.0,1.0,1.0,24.0,358.0,1581.0
45335,30.0,0.0,0.0,1.0,5.0,30.0,135.0,1799.0
45381,51.0,0.0,0.0,535.0,12.0,320.0,2.0,1080.0
45383,34.0,0.0,0.0,1.0,1.0,91.0,533.0,1340.0
45385,93.0,0.0,0.0,8.0,7.0,26.0,159.0,1707.0
45403,280.0,3.0,0.0,24.0,28.0,98.0,424.0,1143.0
45414,2.0,0.0,0.0,0.0,0.0,1092.0,52.0,854.0
45415,0.0,0.0,0.0,0.0,0.0,1839.0,0.0,161.0
45419,107.0,1.0,0.0,10.0,10.0,119.0,97.0,1656.0
45435,0.0,0.0,0.0,0.0,0.0,1838.0,0.0,162.0
45449,32.0,0.0,0.0,0.0,0.0,64.0,1767.0,137.0
45509,0.0,0.0,1.0,5.0,0.0,1972.0,0.0,22.0
45519,2000.0,0.0,0.0,0.0,0.0,0.0,0.0,0.0
45521,32.0,0.0,0.0,0.0,0.0,4.0,1632.0,332.0
45524,41.0,0.0,0.0,2.0,0.0,56.0,221.0,1680.0
45534,14.0,0.0,0.0,0.0,0.0,4.0,1890.0,92.0
45555,0.0,0.0,0.0,0.0,0.0,1949.0,0.0,51.0
45556,1653.0,25.0,0.0,101.0,1.0,14.0,139.0,67.0
45558,203.0,0.0,0.0,3.0,6.0,3.0,727.0,1058.0
45573,362.0,1.0,0.0,43.0,24.0,86.0,118.0,1366.0
45589,0.0,0.0,1.0,34.0,0.0,1889.0,0.0,76.0
45594,5.0,0.0,0.0,850.0,0.0,679.0,0.0,466.0
45597,1953.0,0.0,0.0,6.0,34.0,6.0,0.0,1.0
45599,29.0,0.0,0.0,0.0,0.0,28.0,811.0,1132.0
45601,54.0,0.0,0.0,1.0,1.0,13.0,711.0,1220.0
45631,9.0,0.0,0.0,0.0,0.0,56.0,1100.0,835.0
45635,15.0,0.0,0.0,0.0,0.0,233.0,1370.0,382.0
45648,195.0,0.0,0.0,85.0,3.0,933.0,194.0,590.0
45659,0.0,0.0,0.0,1.0,0.0,1985.0,0.0,14.0
45668,1252.0,4.0,0.0,87.0,28.0,54.0,33.0,542.0
45669,8.0,0.0,0.0,0.0,0.0,257.0,452.0,1283.0
45682,11.0,0.0,0.0,4.0,2.0,169.0,6.0,1808.0
45717,11.0,0.0,0.0,0.0,4.0,317.0,47.0,1621.0
45765,0.0,0.0,0.0,0.0,0.0,1737.0,1.0,262.0
45795,14.0,0.0,2.0,11.0,0.0,1929.0,0.0,44.0
45820,60.0,0.0,0.0,2.0,7.0,27.0,165.0,1739.0
45834,613.0,1.0,0.0,836.0,21.0,185.0,0.0,344.0
45857,1.0,0.0,0.0,2.0,0.0,1991.0,0.0,6.0
45888,0.0,0.0,2.0,0.0,0.0,1990.0,0.0,8.0
45973,0.0,0.0,3.0,7.0,0.0,1907.0,51.0,32.0
45985,1037.0,4.0,0.0,36.0,36.0,79.0,92.0,716.0
46007,120.0,0.0,0.0,0.0,12.0,0.0,1101.0,767.0
46044,0.0,0.0,0.0,0.0,0.0,1939.0,0.0,61.0
46046,6.0,0.0,0.0,0.0,0.0,15.0,785.0,1194.0
46049,38.0,2.0,0.0,0.0,0.0,1013.0,864.0,83.0
46055,0.0,0.0,0.0,1.0,0.0,1999.0,0.0,0.0
46069,8.0,0.0,0.0,0.0,3.0,76.0,9.0,1904.0
46072,74.0,10.0,0.0,0.0,0.0,1345.0,258.0,313.0
46099,66.0,0.0,0.0,3.0,9.0,24.0,112.0,1786.0
46101,0.0,0.0,0.0,0.0,0.0,2000.0,0.0,0.0
46102,0.0,0.0,0.0,0.0,0.0,1854.0,1.0,145.0
46118,15.0,0.0,0.0,0.0,0.0,24.0,120.0,1841.0
46131,26.0,0.0,0.0,285.0,6.0,1434.0,1.0,248.0
46137,18.0,0.0,0.0,0.0,1.0,72.0,13.0,1896.0
46152,5.0,0.0,0.0,875.0,0.0,1108.0,0.0,12.0
46155,603.0,0.0,0.0,565.0,4.0,313.0,168.0,347.0
46158,16.0,0.0,0.0,0.0,0.0,113.0,1021.0,850.0
46273,88.0,0.0,0.0,2.0,3.0,20.0,183.0,1704.0
46278,537.0,5.0,0.0,155.0,34.0,60.0,75.0,1134.0
46326,1056.0,1.0,0.0,776.0,71.0,30.0,8.0,58.0
46327,4.0,0.0,0.0,0.0,0.0,1936.0,0.0,60.0
46385,454.0,0.0,0.0,0.0,4.0,1.0,1138.0,403.0
46421,8.0,0.0,0.0,796.0,3.0,567.0,0.0,626.0
46463,3.0,0.0,0.0,0.0,0.0,63.0,382.0,1552.0
46496,73.0,0.0,0.0,332.0,1.0,1582.0,1.0,11.0
46512,0.0,0.0,0.0,0.0,0.0,1851.0,2.0,147.0
46513,2.0,0.0,0.0,0.0,0.0,1953.0,0.0,45.0
46539,782.0,4.0,0.0,271.0,28.0,127.0,129.0,659.0
46553,952.0,15.0,0.0,155.0,11.0,24.0,464.0,379.0
46559,0.0,0.0,0.0,3.0,0.0,1997.0,0.0,0.0
46571,55.0,0.0,0.0,0.0,2.0,2.0,311.0,1630.0
46575,0.0,0.0,0.0,0.0,0.0,1335.0,98.0,567.0
46609,2000.0,0.0,0.0,0.0,0.0,0.0,0.0,0.0
46634,7.0,0.0,0.0,0.0,0.0,309.0,16.0,1668.0
46636,2.0,0.0,0.0,0.0,0.0,1087.0,0.0,911.0
46638,337.0,1.0,0.0,6.0,10.0,14.0,219.0,1413.0
46652,342.0,0.0,0.0,4.0,6.0,8.0,717.0,923.0
46673,46.0,11.0,0.0,32.0,0.0,334.0,877.0,700.0
46675,929.0,7.0,0.0,15.0,33.0,48.0,203.0,765.0
46727,0.0,0.0,0.0,0.0,0.0,1898.0,0.0,102.0
46771,0.0,0.0,0.0,0.0,0.0,2000.0,0.0,0.0
46808,23.0,2.0,0.0,1336.0,1.0,630.0,1.0,7.0
46819,1045.0,1.0,0.0,24.0,23.0,23.0,266.0,618.0
46823,0.0,1.0,0.0,0.0,0.0,1146.0,236.0,617.0
46864,20.0,0.0,0.0,0.0,0.0,95.0,411.0,1474.0
46881,22.0,0.0,0.0,0.0,0.0,34.0,598.0,1346.0
46883,3.0,0.0,0.0,0.0,0.0,1812.0,1.0,184.0
46889,1.0,0.0,0.0,0.0,0.0,665.0,26.0,1308.0
46916,342.0,1.0,0.0,23.0,8.0,24.0,646.0,956.0
46918,218.0,0.0,0.0,1.0,29.0,27.0,129.0,1596.0
46924,0.0,0.0,0.0,0.0,0.0,1978.0,0.0,22.0
46955,803.0,1.0,0.0,1141.0,43.0,7.0,0.0,5.0
46957,0.0,0.0,0.0,0.0,0.0,1982.0,0.0,18.0
46965,25.0,0.0,0.0,41.0,0.0,1911.0,0.0,23.0
46996,70.0,0.0,0.0,1.0,1.0,6.0,562.0,1360.0
47007,1935.0,0.0,0.0,0.0,0.0,65.0,0.0,0.0
47036,35.0,0.0,0.0,2.0,2.0,15.0,415.0,1531.0
47054,38.0,0.0,0.0,0.0,1.0,14.0,544.0,1403.0
47057,211.0,17.0,0.0,195.0,13.0,732.0,259.0,573.0
47076,1195.0,3.0,0.0,82.0,31.0,15.0,204.0,470.0
47115,2.0,0.0,0.0,2.0,0.0,1633.0,0.0,363.0
47116,1040.0,1.0,0.0,51.0,14.0,19.0,461.0,414.0
47120,145.0,1.0,0.0,5.0,33.0,68.0,41.0,1707.0
47123,8.0,0.0,0.0,0.0,0.0,47.0,650.0,1295.0
47129,3.0,0.0,0.0,0.0,0.0,12.0,1213.0,772.0
47144,375.0,2.0,0.0,1043.0,57.0,76.0,0.0,447.0
47164,422.0,1.0,0.0,1.0,2.0,0.0,1233.0,341.0
47182,0.0,0.0,0.0,0.0,0.0,336.0,874.0,790.0
47185,148.0,2.0,0.0,19.0,7.0,151.0,216.0,1457.0
47211,11.0,0.0,0.0,9.0,0.0,1970.0,0.0,10.0
47229,884.0,2.0,0.0,141.0,8.0,107.0,154.0,704.0
47258,1394.0,0.0,0.0,0.0,0.0,581.0,1.0,24.0
47262,24.0,0.0,0.0,2.0,0.0,1955.0,0.0,19.0
47268,3.0,0.0,0.0,1997.0,0.0,0.0,0.0,0.0
47305,2000.0,0.0,0.0,0.0,0.0,0.0,0.0,0.0
47334,1.0,0.0,0.0,4.0,0.0,1277.0,84.0,634.0
47345,0.0,0.0,0.0,0.0,0.0,1980.0,0.0,20.0
47369,33.0,0.0,0.0,0.0,0.0,10.0,1450.0,507.0
47392,0.0,0.0,0.0,4.0,0.0,1995.0,0.0,1.0
47400,100.0,0.0,0.0,5.0,11.0,14.0,140.0,1730.0
47415,2000.0,0.0,0.0,0.0,0.0,0.0,0.0,0.0
47419,114.0,0.0,0.0,0.0,0.0,2.0,1526.0,358.0
47424,0.0,0.0,0.0,9.0,0.0,1975.0,0.0,16.0
47484,1016.0,51.0,0.0,32.0,8.0,318.0,120.0,455.0
47492,577.0,2.0,0.0,4.0,0.0,1209.0,205.0,3.0
47585,38.0,0.0,0.0,0.0,6.0,19.0,203.0,1734.0
47598,11.0,0.0,0.0,0.0,0.0,19.0,1921.0,49.0
47643,1.0,0.0,0.0,0.0,0.0,1389.0,2.0,608.0
47675,15.0,0.0,0.0,0.0,0.0,53.0,491.0,1441.0
47690,0.0,0.0,0.0,1.0,0.0,1981.0,0.0,18.0
47715,0.0,0.0,0.0,0.0,0.0,1993.0,0.0,7.0
47719,461.0,0.0,0.0,0.0,14.0,8.0,950.0,567.0
47735,86.0,0.0,0.0,27.0,0.0,1784.0,0.0,103.0
47753,27.0,1.0,0.0,1493.0,0.0,440.0,1.0,38.0
47766,2.0,0.0,0.0,11.0,0.0,1958.0,0.0,29.0
47773,1.0,0.0,0.0,7.0,0.0,1952.0,0.0,40.0
47789,2.0,0.0,0.0,0.0,0.0,32.0,1543.0,423.0
47828,0.0,0.0,0.0,0.0,0.0,2000.0,0.0,0.0
47893,1.0,0.0,0.0,7.0,1.0,679.0,55.0,1257.0
47908,160.0,1.0,0.0,861.0,1.0,927.0,1.0,49.0
47940,173.0,0.0,0.0,1.0,0.0,23.0,1494.0,309.0
47941,482.0,0.0,0.0,22.0,5.0,3.0,1106.0,382.0
47942,1003.0,2.0,0.0,686.0,41.0,14.0,0.0,254.0
47946,97.0,3.0,0.0,9.0,0.0,1804.0,1.0,86.0
47947,3.0,0.0,0.0,0.0,0.0,140.0,113.0,1744.0
47954,241.0,1.0,0.0,31.0,26.0,98.0,12.0,1591.0
47977,227.0,1.0,0.0,0.0,0.0,54.0,1508.0,210.0
47990,7.0,0.0,0.0,0.0,0.0,1395.0,1.0,597.0
47999,9.0,0.0,2.0,98.0,0.0,1864.0,0.0,27.0
48008,199.0,0.0,0.0,7.0,1.0,912.0,0.0,881.0
48029,1637.0,0.0,0.0,246.0,60.0,18.0,0.0,39.0
48043,0.0,0.0,0.0,0.0,0.0,1981.0,0.0,19.0
48091,0.0,0.0,0.0,0.0,0.0,1965.0,0.0,35.0
48096,164.0,2.0,0.0,1.0,6.0,129.0,548.0,1150.0
48098,1295.0,5.0,0.0,221.0,68.0,21.0,2.0,388.0
48126,313.0,1.0,0.0,3.0,4.0,191.0,911.0,577.0
48154,549.0,0.0,0.0,1233.0,133.0,29.0,1.0,55.0
48155,10.0,0.0,4.0,80.0,0.0,1883.0,0.0,23.0
48164,9.0,0.0,0.0,0.0,0.0,24.0,403.0,1564.0
48176,9.0,0.0,0.0,13.0,1.0,1931.0,0.0,46.0
48199,38.0,0.0,0.0,0.0,0.0,24.0,713.0,1225.0
48216,275.0,1.0,0.0,18.0,7.0,1140.0,7.0,552.0
48314,2000.0,0.0,0.0,0.0,0.0,0.0,0.0,0.0
48315,339.0,5.0,0.0,135.0,15.0,511.0,192.0,803.0
48320,0.0,0.0,4.0,0.0,0.0,1923.0,5.0,68.0
48347,6.0,0.0,0.0,0.0,0.0,55.0,582.0,1357.0
48348,16.0,0.0,0.0,0.0,0.0,27.0,884.0,1073.0
48350,24.0,0.0,0.0,1.0,4.0,111.0,95.0,1765.0
48352,497.0,2.0,0.0,10.0,0.0,48.0,1286.0,157.0
48355,223.0,1.0,0.0,12.0,14.0,78.0,210.0,1462.0
48356,4.0,0.0,0.0,1.0,1.0,450.0,33.0,1511.0
48383,17.0,0.0,0.0,0.0,0.0,67.0,1424.0,492.0
48385,0.0,0.0,0.0,4.0,0.0,1982.0,0.0,14.0
48411,3.0,0.0,0.0,0.0,1.0,1789.0,0.0,207.0
48451,102.0,0.0,0.0,1265.0,3.0,495.0,0.0,135.0
48497,2.0,0.0,0.0,2.0,0.0,1858.0,2.0,136.0
48528,25.0,0.0,0.0,0.0,1.0,20.0,579.0,1375.0
48537,66.0,0.0,0.0,1.0,5.0,60.0,340.0,1528.0
48538,310.0,0.0,0.0,33.0,9.0,87.0,279.0,1282.0
48580,25.0,0.0,0.0,1.0,2.0,39.0,167.0,1766.0
48603,6.0,0.0,0.0,299.0,0.0,1644.0,0.0,51.0
48614,43.0,0.0,0.0,387.0,6.0,1294.0,1.0,269.0
48616,6.0,0.0,0.0,47.0,0.0,1662.0,1.0,284.0
48633,419.0,1.0,0.0,38.0,28.0,42.0,123.0,1349.0
48642,39.0,0.0,0.0,3.0,1.0,9.0,301.0,1647.0
48647,2000.0,0.0,0.0,0.0,0.0,0.0,0.0,0.0
48653,30.0,0.0,0.0,10.0,1.0,1283.0,48.0,628.0
48679,31.0,0.0,0.0,3.0,1.0,1704.0,8.0,253.0
48687,439.0,8.0,0.0,120.0,2.0,1238.0,7.0,186.0
48690,1601.0,1.0,0.0,213.0,158.0,23.0,2.0,2.0
48695,1370.0,0.0,0.0,238.0,0.0,390.0,0.0,2.0
48733,6.0,0.0,0.0,5.0,0.0,1948.0,0.0,41.0
48747,0.0,0.0,0.0,0.0,0.0,1999.0,0.0,1.0
48761,997.0,3.0,0.0,187.0,7.0,206.0,173.0,427.0
48773,1350.0,3.0,0.0,179.0,0.0,224.0,113.0,131.0
48777,0.0,0.0,5.0,0.0,0.0,1961.0,0.0,34.0
48787,0.0,0.0,0.0,0.0,0.0,1972.0,1.0,27.0
48810,587.0,0.0,0.0,25.0,12.0,120.0,306.0,950.0
48825,4.0,0.0,0.0,2.0,2.0,908.0,1.0,1083.0
48834,0.0,0.0,0.0,8.0,0.0,1988.0,0.0,4.0
48878,603.0,0.0,0.0,219.0,0.0,1170.0,0.0,8.0
48902,95.0,1.0,0.0,530.0,0.0,1252.0,2.0,120.0
48932,159.0,2.0,0.0,60.0,12.0,733.0,210.0,824.0
48933,146.0,0.0,0.0,89.0,0.0,846.0,337.0,582.0
48980,286.0,0.0,0.0,136.0,13.0,610.0,0.0,955.0
48982,9.0,0.0,0.0,5.0,1.0,989.0,0.0,996.0
48988,0.0,0.0,1.0,7.0,0.0,1958.0,0.0,34.0
49065,17.0,0.0,0.0,0.0,1.0,243.0,431.0,1308.0
49089,287.0,1.0,0.0,1376.0,34.0,129.0,0.0,173.0
49103,0.0,0.0,0.0,0.0,0.0,2000.0,0.0,0.0
49167,217.0,2.0,0.0,0.0,9.0,5.0,959.0,808.0
49172,42.0,0.0,0.0,0.0,0.0,125.0,389.0,1444.0
49197,17.0,0.0,0.0,0.0,3.0,95.0,479.0,1406.0
49206,16.0,0.0,0.0,0.0,0.0,26.0,1404.0,554.0
49220,41.0,0.0,0.0,121.0,2.0,1774.0,1.0,61.0
49280,0.0,0.0,0.0,2.0,0.0,1613.0,1.0,384.0
49281,3.0,0.0,0.0,2.0,1.0,390.0,34.0,1570.0
49287,568.0,4.0,0.0,265.0,19.0,632.0,1.0,511.0
49290,39.0,0.0,0.0,2.0,6.0,733.0,8.0,1212.0
49354,0.0,0.0,0.0,0.0,0.0,1927.0,0.0,73.0
49372,1.0,0.0,0.0,0.0,0.0,1534.0,0.0,465.0
49427,17.0,0.0,0.0,157.0,0.0,1821.0,0.0,5.0
49434,53.0,0.0,0.0,1.0,13.0,209.0,44.0,1680.0
49435,95.0,0.0,0.0,0.0,2.0,7.0,1082.0,814.0
49441,235.0,0.0,0.0,948.0,23.0,7.0,1.0,786.0
49466,117.0,0.0,0.0,20.0,0.0,1754.0,2.0,107.0
49471,35.0,0.0,0.0,4.0,3.0,18.0,86.0,1854.0
49500,88.0,0.0,0.0,293.0,0.0,1528.0,1.0,90.0
49501,48.0,0.0,0.0,1392.0,15.0,132.0,0.0,413.0
49532,58.0,0.0,0.0,0.0,0.0,79.0,646.0,1217.0
49550,47.0,0.0,0.0,65.0,1.0,1321.0,81.0,485.0
49560,1109.0,4.0,0.0,720.0,81.0,34.0,0.0,52.0
49591,0.0,0.0,0.0,0.0,0.0,2000.0,0.0,0.0
49620,11.0,0.0,0.0,0.0,0.0,1530.0,6.0,453.0
49642,42.0,0.0,0.0,11.0,8.0,47.0,116.0,1776.0
49668,92.0,0.0,0.0,0.0,2.0,11.0,1744.0,151.0
49671,2.0,0.0,0.0,23.0,0.0,1682.0,0.0,293.0
49692,2000.0,0.0,0.0,0.0,0.0,0.0,0.0,0.0
49696,1804.0,25.0,0.0,2.0,9.0,69.0,15.0,76.0
49741,746.0,3.0,0.0,348.0,28.0,222.0,13.0,640.0
49760,2.0,0.0,0.0,0.0,0.0,1971.0,0.0,27.0
49764,32.0,0.0,0.0,0.0,3.0,76.0,145.0,1744.0
49769,74.0,0.0,0.0,0.0,2.0,19.0,821.0,1084.0
49785,34.0,0.0,0.0,0.0,1.0,2.0,1675.0,288.0
49790,15.0,0.0,0.0,1.0,0.0,1379.0,18.0,587.0
49815,29.0,0.0,0.0,0.0,4.0,37.0,223.0,1707.0
49844,14.0,0.0,0.0,0.0,0.0,34.0,708.0,1244.0
49853,6.0,0.0,1.0,0.0,0.0,1978.0,0.0,15.0
49861,13.0,0.0,0.0,0.0,0.0,26.0,790.0,1171.0
49892,17.0,0.0,0.0,0.0,0.0,16.0,1325.0,642.0
49900,0.0,0.0,1.0,0.0,0.0,1989.0,0.0,10.0
49929,1.0,0.0,0.0,0.0,0.0,827.0,5.0,1167.0
49938,12.0,5.0,0.0,1791.0,21.0,12.0,95.0,64.0
49950,73.0,0.0,0.0,2.0,6.0,3.0,290.0,1626.0
49975,14.0,0.0,0.0,0.0,0.0,1563.0,78.0,345.0
49978,1.0,1.0,0.0,0.0,0.0,1485.0,8.0,505.0
49980,255.0,1.0,20.0,34.0,0.0,1519.0,0.0,171.0
50006,38.0,0.0,0.0,0.0,2.0,95.0,227.0,1638.0
50008,1.0,0.0,0.0,0.0,1.0,1531.0,1.0,466.0
50010,11.0,0.0,0.0,44.0,0.0,1936.0,0.0,9.0
50011,27.0,0.0,0.0,1.0,0.0,980.0,12.0,980.0
50030,9.0,0.0,0.0,0.0,1.0,35.0,92.0,1863.0
50100,2.0,0.0,0.0,0.0,0.0,1361.0,0.0,637.0
50102,251.0,0.0,0.0,1.0,5.0,3.0,1288.0,452.0
50136,1.0,2.0,0.0,1983.0,10.0,1.0,1.0,2.0
50168,7.0,0.0,0.0,5.0,0.0,1977.0,0.0,11.0
50171,178.0,4.0,2.0,700.0,3.0,1041.0,40.0,32.0
50172,919.0,0.0,0.0,414.0,40.0,130.0,21.0,476.0
50174,0.0,0.0,0.0,0.0,0.0,1662.0,6.0,332.0
50199,0.0,0.0,0.0,10.0,0.0,1570.0,0.0,420.0
50231,32.0,2.0,0.0,1886.0,25.0,53.0,0.0,2.0
50238,12.0,0.0,0.0,6.0,0.0,1950.0,0.0,32.0
50254,1137.0,0.0,0.0,94.0,7.0,344.0,92.0,326.0
50259,16.0,0.0,0.0,0.0,2.0,47.0,155.0,1780.0
50277,512.0,0.0,0.0,1382.0,0.0,103.0,3.0,0.0
50279,57.0,0.0,0.0,1.0,6.0,77.0,82.0,1777.0
50281,153.0,42.0,0.0,101.0,2.0,173.0,1477.0,52.0
50282,507.0,1.0,0.0,17.0,4.0,17.0,1042.0,412.0
50283,1155.0,0.0,0.0,111.0,0.0,730.0,0.0,4.0
50294,859.0,6.0,0.0,62.0,34.0,229.0,158.0,652.0
50330,48.0,0.0,0.0,0.0,0.0,19.0,912.0,1021.0
50335,14.0,0.0,0.0,0.0,3.0,25.0,91.0,1867.0
50355,123.0,0.0,0.0,1373.0,0.0,500.0,0.0,4.0
50379,450.0,0.0,0.0,3.0,0.0,8.0,1435.0,104.0
50419,141.0,0.0,0.0,58.0,0.0,1571.0,5.0,225.0
50429,53.0,0.0,0.0,6.0,6.0,66.0,149.0,1720.0
50454,48.0,0.0,0.0,1.0,1.0,30.0,801.0,1119.0
50457,68.0,0.0,0.0,20.0,0.0,1766.0,0.0,146.0
50492,0.0,0.0,0.0,0.0,0.0,1097.0,746.0,157.0
50516,30.0,0.0,0.0,0.0,2.0,224.0,173.0,1571.0
50537,276.0,1.0,0.0,62.0,33.0,82.0,1.0,1545.0
50561,22.0,0.0,0.0,0.0,1.0,10.0,282.0,1685.0
50565,16.0,0.0,0.0,20.0,0.0,1416.0,18.0,530.0
50572,18.0,0.0,0.0,15.0,0.0,1857.0,1.0,109.0
50591,515.0,2.0,0.0,747.0,10.0,120.0,0.0,606.0
50615,0.0,0.0,0.0,0.0,0.0,2000.0,0.0,0.0
50616,184.0,0.0,0.0,150.0,1.0,1625.0,3.0,37.0
50635,0.0,0.0,0.0,6.0,0.0,1980.0,0.0,14.0
50636,2.0,0.0,0.0,0.0,0.0,294.0,144.0,1560.0
50642,244.0,1.0,0.0,293.0,19.0,156.0,164.0,1123.0
50664,39.0,0.0,0.0,203.0,0.0,1717.0,0.0,41.0
50665,0.0,0.0,0.0,0.0,0.0,1741.0,13.0,246.0
50675,1.0,0.0,8.0,329.0,0.0,1542.0,66.0,54.0
50689,0.0,0.0,0.0,0.0,0.0,1999.0,0.0,1.0
50752,295.0,0.0,0.0,34.0,57.0,13.0,0.0,1601.0
50781,518.0,96.0,0.0,0.0,14.0,162.0,1092.0,118.0
50795,7.0,0.0,0.0,1.0,0.0,24.0,368.0,1600.0
50821,15.0,0.0,0.0,4.0,0.0,1761.0,48.0,172.0
50870,673.0,1.0,0.0,0.0,0.0,0.0,1257.0,69.0
50873,46.0,1.0,0.0,768.0,2.0,1132.0,0.0,51.0
50906,66.0,1.0,18.0,134.0,0.0,1724.0,10.0,47.0
50908,30.0,0.0,0.0,24.0,0.0,1837.0,0.0,109.0
50909,64.0,2.0,0.0,1.0,0.0,1896.0,16.0,21.0
50929,141.0,0.0,0.0,0.0,2.0,140.0,534.0,1183.0
50931,1172.0,3.0,0.0,596.0,65.0,24.0,0.0,140.0
50934,496.0,6.0,0.0,146.0,15.0,422.0,3.0,912.0
50944,0.0,0.0,0.0,1.0,0.0,1791.0,36.0,172.0
50955,2.0,0.0,0.0,6.0,3.0,554.0,0.0,1435.0
50961,35.0,0.0,0.0,1.0,13.0,120.0,3.0,1828.0
51007,0.0,0.0,0.0,0.0,0.0,1992.0,0.0,8.0
51017,127.0,0.0,0.0,36.0,0.0,1834.0,0.0,3.0
51066,32.0,0.0,0.0,0.0,0.0,2.0,577.0,1389.0
51073,6.0,0.0,0.0,1994.0,0.0,0.0,0.0,0.0
51074,703.0,1.0,0.0,217.0,0.0,811.0,259.0,9.0
51087,84.0,8.0,4.0,2.0,0.0,1860.0,0.0,42.0
51099,0.0,0.0,0.0,1936.0,0.0,63.0,1.0,0.0
51102,7.0,2.0,27.0,70.0,0.0,1808.0,0.0,86.0
51132,12.0,0.0,0.0,0.0,0.0,11.0,1555.0,422.0
51157,433.0,0.0,0.0,37.0,13.0,116.0,174.0,1227.0
51183,7.0,0.0,0.0,0.0,0.0,79.0,885.0,1029.0
51186,168.0,0.0,0.0,718.0,0.0,1113.0,0.0,1.0
51240,667.0,0.0,0.0,506.0,0.0,826.0,0.0,1.0
51254,7.0,0.0,0.0,0.0,0.0,40.0,613.0,1340.0
51264,177.0,0.0,0.0,636.0,5.0,1086.0,1.0,95.0
51279,12.0,0.0,0.0,0.0,0.0,65.0,911.0,1012.0
51294,30.0,0.0,0.0,6.0,1.0,899.0,37.0,1027.0
51337,13.0,0.0,0.0,0.0,1.0,19.0,1120.0,847.0
51344,7.0,0.0,0.0,1116.0,2.0,96.0,0.0,779.0
51368,16.0,1.0,0.0,2.0,0.0,373.0,1477.0,131.0
51369,0.0,0.0,0.0,0.0,0.0,1551.0,0.0,449.0
51372,75.0,0.0,0.0,1.0,1.0,89.0,414.0,1420.0
51373,0.0,0.0,0.0,0.0,0.0,1746.0,0.0,254.0
51375,881.0,79.0,0.0,48.0,6.0,655.0,59.0,272.0
51393,1198.0,3.0,0.0,125.0,17.0,95.0,65.0,497.0
51396,7.0,0.0,0.0,0.0,0.0,398.0,476.0,1119.0
51401,177.0,1.0,0.0,451.0,31.0,77.0,3.0,1260.0
51431,1929.0,4.0,0.0,0.0,49.0,2.0,4.0,12.0
51453,19.0,0.0,0.0,0.0,0.0,16.0,922.0,1043.0
51481,16.0,0.0,0.0,7.0,0.0,1521.0,103.0,353.0
51531,999.0,1.0,0.0,679.0,91.0,28.0,2.0,200.0
51535,231.0,0.0,0.0,2.0,1.0,11.0,924.0,831.0
51537,12.0,0.0,0.0,1.0,1.0,242.0,204.0,1540.0
51580,20.0,0.0,0.0,1919.0,31.0,0.0,0.0,30.0
51588,66.0,0.0,0.0,28.0,0.0,1485.0,2.0,419.0
51604,1.0,0.0,0.0,0.0,0.0,1316.0,0.0,683.0
51607,17.0,0.0,0.0,0.0,0.0,217.0,560.0,1206.0
51621,2000.0,0.0,0.0,0.0,0.0,0.0,0.0,0.0
51625,1.0,0.0,0.0,7.0,1.0,1941.0,0.0,50.0
51675,2.0,0.0,0.0,3.0,0.0,1968.0,0.0,27.0
51730,42.0,0.0,0.0,37.0,10.0,225.0,0.0,1686.0
51733,126.0,0.0,0.0,5.0,8.0,14.0,195.0,1652.0
51760,1.0,0.0,0.0,0.0,0.0,1574.0,0.0,425.0
51779,97.0,0.0,0.0,19.0,0.0,1636.0,46.0,202.0
51780,477.0,1.0,0.0,14.0,7.0,35.0,733.0,733.0
51856,708.0,3.0,0.0,812.0,92.0,46.0,1.0,338.0
51885,0.0,0.0,0.0,1504.0,0.0,45.0,421.0,30.0
51886,22.0,0.0,0.0,0.0,2.0,4.0,135.0,1837.0
51889,10.0,0.0,0.0,1787.0,6.0,4.0,1.0,192.0
51903,0.0,0.0,0.0,0.0,0.0,163.0,1438.0,399.0
51914,84.0,14.0,0.0,280.0,0.0,1497.0,111.0,14.0
51916,144.0,0.0,0.0,21.0,2.0,417.0,559.0,857.0
51917,7.0,0.0,0.0,3.0,0.0,682.0,18.0,1290.0
51919,0.0,0.0,0.0,0.0,0.0,2000.0,0.0,0.0
51930,28.0,0.0,0.0,1.0,1.0,57.0,138.0,1775.0
51939,10.0,0.0,0.0,0.0,2.0,31.0,258.0,1699.0
51958,0.0,0.0,0.0,0.0,0.0,1997.0,0.0,3.0
52045,284.0,0.0,0.0,28.0,19.0,137.0,119.0,1413.0
52050,1.0,0.0,0.0,0.0,0.0,570.0,20.0,1409.0
52056,1028.0,0.0,0.0,36.0,23.0,29.0,135.0,749.0
52086,691.0,1.0,0.0,532.0,11.0,616.0,0.0,149.0
52109,357.0,0.0,0.0,9.0,16.0,28.0,530.0,1060.0
52111,0.0,0.0,0.0,0.0,0.0,1996.0,0.0,4.0
52151,136.0,0.0,0.0,89.0,13.0,862.0,85.0,815.0
52158,1396.0,54.0,0.0,1.0,47.0,142.0,223.0,137.0
52210,162.0,0.0,0.0,0.0,2.0,10.0,1336.0,490.0
52240,3.0,0.0,0.0,0.0,0.0,1520.0,22.0,455.0
52295,5.0,0.0,0.0,0.0,0.0,1597.0,0.0,398.0
52321,74.0,0.0,0.0,2.0,5.0,16.0,212.0,1691.0
52326,520.0,0.0,0.0,430.0,16.0,258.0,4.0,772.0
52336,1572.0,9.0,0.0,0.0,0.0,387.0,7.0,25.0
52357,65.0,0.0,0.0,5.0,5.0,7.0,73.0,1845.0
52364,2.0,0.0,0.0,0.0,0.0,1622.0,2.0,374.0
52367,64.0,1.0,0.0,0.0,0.0,1804.0,1.0,130.0
52369,1502.0,6.0,0.0,230.0,11.0,13.0,74.0,164.0
52394,39.0,2.0,0.0,0.0,0.0,358.0,1054.0,547.0
52397,2000.0,0.0,0.0,0.0,0.0,0.0,0.0,0.0
52426,476.0,0.0,0.0,269.0,0.0,1079.0,10.0,166.0
52443,1078.0,1.0,0.0,569.0,73.0,16.0,0.0,263.0
52473,1.0,0.0,0.0,0.0,0.0,448.0,2.0,1549.0
52492,899.0,6.0,0.0,846.0,61.0,17.0,9.0,162.0
52499,15.0,0.0,0.0,0.0,1.0,69.0,266.0,1649.0
52518,6.0,0.0,0.0,0.0,0.0,1742.0,0.0,252.0
52537,12.0,0.0,0.0,0.0,0.0,21.0,238.0,1729.0
52558,1188.0,3.0,0.0,42.0,0.0,491.0,60.0,216.0
52594,698.0,2.0,0.0,589.0,27.0,45.0,26.0,613.0
52595,1.0,0.0,0.0,5.0,0.0,1965.0,0.0,29.0
52653,3.0,0.0,0.0,12.0,1.0,545.0,0.0,1439.0
52704,0.0,0.0,0.0,1.0,0.0,1749.0,0.0,250.0
52705,2.0,0.0,0.0,0.0,0.0,727.0,606.0,665.0
52845,1215.0,1.0,0.0,77.0,55.0,40.0,4.0,608.0
52894,12.0,1.0,0.0,1589.0,0.0,91.0,303.0,4.0
52898,0.0,0.0,0.0,0.0,0.0,0.0,1997.0,3.0
52899,1267.0,1.0,0.0,579.0,88.0,33.0,16.0,16.0
52913,9.0,0.0,0.0,5.0,0.0,1600.0,0.0,386.0
52939,79.0,1.0,0.0,0.0,3.0,191.0,125.0,1601.0
52941,602.0,0.0,0.0,0.0,48.0,7.0,219.0,1124.0
52983,0.0,0.0,1.0,0.0,0.0,1997.0,0.0,2.0
52985,0.0,0.0,0.0,1.0,0.0,1268.0,6.0,725.0
53033,1458.0,1.0,0.0,268.0,41.0,54.0,1.0,177.0
53041,21.0,0.0,0.0,0.0,0.0,762.0,318.0,899.0
53081,1.0,0.0,0.0,1999.0,0.0,0.0,0.0,0.0
53082,470.0,3.0,0.0,6.0,0.0,1483.0,27.0,11.0
53083,30.0,0.0,0.0,0.0,0.0,18.0,235.0,1717.0
53095,2.0,0.0,0.0,0.0,0.0,178.0,581.0,1239.0
53105,0.0,0.0,0.0,11.0,0.0,1911.0,0.0,78.0
53138,0.0,0.0,0.0,0.0,0.0,797.0,0.0,1203.0
53159,380.0,8.0,0.0,19.0,5.0,367.0,469.0,752.0
53173,4.0,0.0,0.0,286.0,8.0,116.0,0.0,1586.0
53185,0.0,0.0,0.0,0.0,0.0,1977.0,0.0,23.0
53198,0.0,0.0,1.0,73.0,0.0,1817.0,80.0,29.0
53206,495.0,0.0,0.0,497.0,27.0,65.0,0.0,916.0
53239,3.0,0.0,0.0,0.0,0.0,1241.0,90.0,666.0
53242,4.0,0.0,0.0,14.0,0.0,1916.0,0.0,66.0
53243,2.0,0.0,0.0,1996.0,2.0,0.0,0.0,0.0
53273,8.0,0.0,0.0,0.0,2.0,256.0,123.0,1611.0
53314,17.0,0.0,0.0,4.0,3.0,698.0,14.0,1264.0
53316,143.0,16.0,0.0,0.0,0.0,1800.0,2.0,39.0
53343,1613.0,22.0,0.0,4.0,20.0,67.0,33.0,241.0
53362,0.0,0.0,0.0,0.0,0.0,1969.0,0.0,31.0
53408,124.0,3.0,0.0,288.0,3.0,1388.0,16.0,178.0
53424,2.0,0.0,0.0,0.0,0.0,1912.0,0.0,86.0
53455,11.0,0.0,0.0,1435.0,0.0,552.0,0.0,2.0
53476,1391.0,2.0,0.0,0.0,41.0,6.0,44.0,516.0
53487,114.0,1.0,0.0,240.0,0.0,1560.0,2.0,83.0
53554,132.0,0.0,0.0,91.0,10.0,875.0,47.0,845.0
53587,10.0,0.0,0.0,0.0,0.0,108.0,882.0,1000.0
53591,2000.0,0.0,0.0,0.0,0.0,0.0,0.0,0.0
53614,4.0,0.0,0.0,0.0,0.0,14.0,1005.0,977.0
53615,67.0,0.0,0.0,280.0,0.0,1642.0,0.0,11.0
53616,3.0,0.0,0.0,0.0,0.0,1563.0,0.0,434.0
53639,450.0,0.0,0.0,16.0,11.0,31.0,315.0,1177.0
53643,174.0,0.0,0.0,11.0,8.0,31.0,360.0,1416.0
53644,211.0,0.0,0.0,1.0,1.0,17.0,1161.0,609.0
53685,3.0,0.0,0.0,0.0,0.0,1488.0,8.0,501.0
53705,168.0,1.0,0.0,0.0,5.0,2.0,1063.0,761.0
53708,44.0,0.0,0.0,16.0,0.0,207.0,108.0,1625.0
53710,74.0,0.0,0.0,0.0,2.0,4.0,994.0,926.0
53717,0.0,0.0,0.0,0.0,0.0,1999.0,0.0,1.0
53729,1.0,0.0,0.0,0.0,0.0,1046.0,37.0,916.0
53755,67.0,0.0,0.0,1.0,5.0,16.0,268.0,1643.0
53758,144.0,0.0,0.0,347.0,12.0,137.0,1.0,1359.0
53770,143.0,1.0,0.0,285.0,19.0,5.0,0.0,1547.0
53771,13.0,0.0,0.0,1.0,4.0,37.0,70.0,1875.0
53774,1360.0,0.0,0.0,634.0,0.0,0.0,0.0,6.0
53775,1.0,0.0,0.0,11.0,0.0,1954.0,0.0,34.0
53785,231.0,1.0,0.0,11.0,33.0,93.0,102.0,1529.0
53808,0.0,0.0,0.0,3.0,0.0,1981.0,0.0,16.0
53850,0.0,0.0,0.0,1.0,0.0,1632.0,0.0,367.0
53874,7.0,0.0,0.0,7.0,0.0,1817.0,0.0,169.0
53905,0.0,0.0,0.0,0.0,0.0,2000.0,0.0,0.0
53906,1087.0,1.0,0.0,134.0,26.0,28.0,84.0,640.0
53913,0.0,0.0,40.0,51.0,0.0,1841.0,6.0,62.0
53914,24.0,0.0,0.0,1.0,2.0,4.0,246.0,1723.0
53951,0.0,0.0,0.0,1254.0,0.0,258.0,6.0,482.0
54037,0.0,0.0,0.0,0.0,0.0,1123.0,255.0,622.0
54048,0.0,0.0,0.0,0.0,0.0,1999.0,0.0,1.0
54058,69.0,0.0,0.0,0.0,3.0,3.0,592.0,1333.0
54061,6.0,0.0,0.0,2.0,2.0,13.0,4.0,1973.0
54110,232.0,0.0,0.0,740.0,9.0,973.0,2.0,44.0
54111,8.0,0.0,0.0,0.0,1.0,400.0,121.0,1470.0
54185,206.0,28.0,16.0,1.0,7.0,1548.0,106.0,88.0
54214,1.0,0.0,0.0,13.0,1.0,1977.0,0.0,8.0
54217,292.0,0.0,0.0,34.0,6.0,20.0,729.0,919.0
54237,7.0,0.0,0.0,0.0,0.0,91.0,455.0,1447.0
54261,6.0,0.0,0.0,2.0,0.0,1890.0,0.0,102.0
54325,6.0,0.0,1.0,68.0,0.0,1730.0,0.0,195.0
54388,5.0,0.0,0.0,0.0,0.0,15.0,1076.0,904.0
54395,2000.0,0.0,0.0,0.0,0.0,0.0,0.0,0.0
54443,0.0,0.0,0.0,81.0,0.0,1850.0,2.0,67.0
54469,517.0,0.0,0.0,88.0,24.0,93.0,30.0,1248.0
54506,6.0,0.0,0.0,22.0,0.0,1522.0,0.0,450.0
54536,0.0,0.0,0.0,0.0,0.0,2.0,1875.0,123.0
54537,43.0,0.0,0.0,0.0,5.0,11.0,1077.0,864.0
54538,10.0,0.0,0.0,1.0,0.0,1960.0,0.0,29.0
54548,3.0,0.0,0.0,0.0,0.0,39.0,78.0,1880.0
54550,8.0,1.0,0.0,2.0,0.0,1959.0,0.0,30.0
54577,1.0,0.0,0.0,0.0,0.0,14.0,1934.0,51.0
54660,122.0,0.0,0.0,40.0,7.0,607.0,97.0,1127.0
54803,24.0,2.0,0.0,3.0,0.0,1563.0,17.0,391.0
54804,1231.0,2.0,0.0,559.0,2.0,154.0,2.0,50.0
54810,0.0,0.0,0.0,0.0,0.0,1720.0,10.0,270.0
54820,2.0,0.0,0.0,0.0,0.0,1838.0,2.0,158.0
54824,3.0,0.0,0.0,13.0,0.0,1839.0,0.0,145.0
54839,25.0,0.0,0.0,0.0,1.0,4.0,1262.0,708.0
54841,1.0,0.0,0.0,0.0,0.0,1788.0,0.0,211.0
54850,1859.0,11.0,0.0,0.0,0.0,85.0,38.0,7.0
54879,14.0,0.0,0.0,0.0,0.0,1903.0,0.0,83.0
54894,1.0,0.0,0.0,0.0,0.0,1478.0,41.0,480.0
54915,3.0,0.0,0.0,169.0,0.0,1814.0,0.0,14.0
54917,124.0,0.0,0.0,643.0,8.0,997.0,0.0,228.0
54938,1.0,0.0,0.0,0.0,0.0,222.0,6.0,1771.0
54948,34.0,0.0,0.0,2.0,7.0,208.0,90.0,1659.0
54950,0.0,0.0,0.0,0.0,0.0,1287.0,142.0,571.0
54953,1.0,0.0,0.0,0.0,0.0,195.0,14.0,1790.0
54954,271.0,0.0,0.0,53.0,0.0,1655.0,1.0,20.0
55036,26.0,0.0,0.0,10.0,0.0,1867.0,0.0,97.0
55051,0.0,0.0,0.0,2.0,0.0,1946.0,0.0,52.0
55077,0.0,0.0,0.0,0.0,0.0,964.0,0.0,1036.0
55086,240.0,1.0,0.0,6.0,8.0,9.0,650.0,1086.0
55153,3.0,0.0,0.0,0.0,1.0,103.0,200.0,1693.0
55200,1.0,0.0,0.0,0.0,0.0,866.0,5.0,1128.0
55203,1.0,0.0,0.0,1.0,3.0,336.0,33.0,1626.0
55233,6.0,0.0,0.0,3.0,0.0,1979.0,0.0,12.0
55234,673.0,1.0,0.0,12.0,14.0,73.0,251.0,976.0
55266,12.0,0.0,0.0,159.0,0.0,1821.0,0.0,8.0
55270,5.0,0.0,0.0,143.0,6.0,894.0,0.0,952.0
55271,29.0,0.0,0.0,5.0,6.0,83.0,24.0,1853.0
55316,0.0,0.0,0.0,0.0,0.0,1520.0,0.0,480.0
55344,4.0,0.0,0.0,0.0,0.0,46.0,47.0,1903.0
55349,252.0,2.0,1.0,20.0,0.0,1280.0,441.0,4.0
55413,1824.0,0.0,0.0,35.0,76.0,20.0,1.0,44.0
55414,17.0,0.0,0.0,0.0,0.0,23.0,971.0,989.0
55453,0.0,0.0,0.0,0.0,0.0,1865.0,4.0,131.0
55467,513.0,0.0,0.0,110.0,9.0,212.0,218.0,938.0
55470,75.0,0.0,0.0,114.0,4.0,1514.0,0.0,293.0
55512,16.0,0.0,0.0,0.0,0.0,2.0,1956.0,26.0
55535,198.0,0.0,0.0,54.0,11.0,521.0,158.0,1058.0
55537,67.0,1.0,0.0,8.0,0.0,1886.0,1.0,37.0
55605,184.0,0.0,0.0,2.0,7.0,16.0,576.0,1215.0
55610,9.0,0.0,0.0,0.0,0.0,5.0,310.0,1676.0
55699,60.0,0.0,0.0,77.0,0.0,1748.0,1.0,114.0
55727,0.0,0.0,0.0,0.0,0.0,1993.0,1.0,6.0
55733,715.0,1.0,0.0,46.0,41.0,8.0,2.0,1187.0
55745,357.0,0.0,2.0,112.0,0.0,1471.0,0.0,58.0
55763,0.0,0.0,0.0,0.0,0.0,634.0,895.0,471.0
55765,14.0,0.0,0.0,0.0,1.0,50.0,162.0,1773.0
55767,28.0,0.0,0.0,5.0,0.0,1469.0,10.0,488.0
55770,1165.0,4.0,0.0,80.0,50.0,28.0,3.0,670.0
55788,635.0,9.0,0.0,451.0,0.0,525.0,130.0,250.0
55818,59.0,0.0,0.0,543.0,0.0,1384.0,0.0,14.0
55839,6.0,0.0,0.0,0.0,0.0,52.0,995.0,947.0
55842,25.0,0.0,0.0,3.0,0.0,1686.0,18.0,268.0
55851,0.0,0.0,0.0,1.0,0.0,1974.0,0.0,25.0
55877,97.0,0.0,0.0,1903.0,0.0,0.0,0.0,0.0
55880,1083.0,1.0,0.0,777.0,36.0,7.0,1.0,95.0
55885,520.0,5.0,0.0,313.0,33.0,127.0,197.0,805.0
55886,2.0,0.0,0.0,3.0,0.0,1970.0,0.0,25.0
55911,0.0,0.0,0.0,26.0,0.0,1916.0,0.0,58.0
55930,0.0,0.0,1.0,71.0,0.0,1905.0,0.0,23.0
55966,0.0,0.0,0.0,1135.0,0.0,411.0,0.0,454.0
56064,945.0,2.0,0.0,34.0,1.0,71.0,673.0,274.0
56065,549.0,1.0,0.0,1206.0,98.0,41.0,3.0,102.0
56068,1640.0,0.0,0.0,203.0,0.0,0.0,0.0,157.0
56096,20.0,0.0,0.0,3.0,0.0,572.0,44.0,1361.0
56100,453.0,1.0,0.0,19.0,49.0,5.0,5.0,1468.0
56102,324.0,0.0,0.0,0.0,7.0,6.0,916.0,747.0
56106,9.0,0.0,0.0,1971.0,16.0,3.0,0.0,1.0
56139,2000.0,0.0,0.0,0.0,0.0,0.0,0.0,0.0
56173,0.0,0.0,0.0,4.0,0.0,1866.0,0.0,130.0
56180,0.0,0.0,0.0,0.0,0.0,741.0,588.0,671.0
56207,493.0,0.0,0.0,3.0,0.0,6.0,1240.0,258.0
56216,2.0,0.0,0.0,1.0,0.0,1483.0,6.0,508.0
56326,12.0,0.0,0.0,0.0,0.0,24.0,978.0,986.0
56329,27.0,0.0,0.0,0.0,0.0,17.0,1275.0,681.0
56332,0.0,0.0,0.0,10.0,0.0,1979.0,0.0,11.0
56388,3.0,0.0,0.0,0.0,0.0,182.0,1438.0,377.0
56405,0.0,0.0,0.0,2000.0,0.0,0.0,0.0,0.0
56417,29.0,1.0,0.0,92.0,7.0,1329.0,5.0,537.0
56452,0.0,0.0,0.0,0.0,0.0,1977.0,0.0,23.0
56484,27.0,0.0,0.0,5.0,6.0,60.0,79.0,1823.0
56489,1475.0,3.0,0.0,6.0,49.0,27.0,38.0,402.0
56498,43.0,4.0,0.0,17.0,0.0,1931.0,0.0,5.0
56514,6.0,0.0,0.0,0.0,0.0,189.0,252.0,1553.0
56523,38.0,0.0,0.0,3.0,0.0,1890.0,0.0,69.0
56546,2.0,0.0,0.0,0.0,0.0,1423.0,17.0,558.0
56554,9.0,0.0,0.0,27.0,0.0,1943.0,0.0,21.0
56555,0.0,0.0,0.0,0.0,0.0,0.0,1510.0,490.0
56593,7.0,0.0,0.0,0.0,0.0,1.0,1928.0,64.0
56636,523.0,4.0,0.0,581.0,63.0,22.0,3.0,804.0
56640,0.0,0.0,0.0,43.0,0.0,1953.0,0.0,4.0
56671,0.0,0.0,0.0,7.0,0.0,1977.0,0.0,16.0
56756,147.0,0.0,0.0,294.0,21.0,70.0,1.0,1467.0
56757,89.0,0.0,0.0,2.0,0.0,1743.0,0.0,166.0
56758,6.0,0.0,0.0,1.0,0.0,391.0,313.0,1289.0
56786,93.0,6.0,0.0,23.0,0.0,1562.0,2.0,314.0
56790,99.0,0.0,0.0,0.0,10.0,1.0,780.0,1110.0
56828,37.0,0.0,0.0,0.0,2.0,50.0,720.0,1191.0
56830,11.0,0.0,0.0,22.0,0.0,1955.0,0.0,12.0
56866,257.0,1.0,0.0,8.0,18.0,42.0,456.0,1218.0
56867,593.0,0.0,0.0,0.0,0.0,1305.0,35.0,67.0
56872,17.0,0.0,0.0,9.0,0.0,1964.0,0.0,10.0
56907,113.0,1.0,0.0,0.0,2.0,117.0,393.0,1374.0
56918,630.0,0.0,0.0,536.0,0.0,833.0,0.0,1.0
56928,0.0,0.0,0.0,0.0,0.0,667.0,2.0,1331.0
56939,82.0,0.0,0.0,0.0,7.0,47.0,406.0,1458.0
56951,11.0,0.0,0.0,5.0,0.0,1181.0,21.0,782.0
57051,955.0,0.0,0.0,0.0,0.0,1044.0,0.0,1.0
57085,339.0,0.0,0.0,659.0,0.0,992.0,0.0,10.0
57102,58.0,0.0,0.0,3.0,4.0,9.0,353.0,1573.0
57146,0.0,0.0,0.0,0.0,0.0,1000.0,658.0,342.0
57148,0.0,0.0,0.0,0.0,0.0,1947.0,0.0,53.0
57182,1.0,0.0,0.0,0.0,0.0,1991.0,0.0,8.0
57222,9.0,0.0,0.0,0.0,0.0,3.0,1935.0,53.0
57224,182.0,0.0,0.0,430.0,31.0,68.0,0.0,1289.0
57231,898.0,2.0,0.0,2.0,50.0,24.0,43.0,981.0
57267,18.0,0.0,0.0,0.0,1.0,9.0,497.0,1475.0
57305,1.0,0.0,0.0,0.0,0.0,1551.0,0.0,448.0
57322,1907.0,1.0,0.0,2.0,64.0,11.0,0.0,15.0
57382,3.0,0.0,0.0,2.0,0.0,1900.0,1.0,94.0
57470,279.0,1.0,0.0,1224.0,26.0,205.0,0.0,265.0
57491,260.0,0.0,0.0,1726.0,4.0,5.0,0.0,5.0
57497,12.0,0.0,0.0,5.0,1.0,357.0,0.0,1625.0
57536,494.0,1.0,0.0,3.0,8.0,42.0,489.0,963.0
57540,7.0,0.0,0.0,430.0,0.0,1536.0,0.0,27.0
57541,356.0,0.0,0.0,8.0,5.0,10.0,1274.0,347.0
57542,13.0,0.0,0.0,2.0,0.0,1961.0,0.0,24.0
57555,1.0,0.0,0.0,0.0,0.0,537.0,1457.0,5.0
57567,140.0,0.0,0.0,84.0,12.0,585.0,0.0,1179.0
57581,0.0,0.0,0.0,3.0,0.0,1968.0,0.0,29.0
57606,236.0,0.0,0.0,31.0,7.0,273.0,226.0,1227.0
57607,14.0,0.0,0.0,0.0,1.0,176.0,1112.0,697.0
57647,327.0,1.0,0.0,4.0,1.0,61.0,1384.0,222.0
57683,0.0,0.0,0.0,0.0,0.0,1.0,1968.0,31.0
57730,1.0,0.0,0.0,102.0,0.0,1892.0,0.0,5.0
57759,0.0,0.0,0.0,0.0,0.0,959.0,104.0,937.0
57762,19.0,0.0,0.0,1.0,0.0,1976.0,0.0,4.0
57771,0.0,0.0,8.0,1.0,0.0,1927.0,27.0,37.0
57801,910.0,1.0,0.0,161.0,12.0,28.0,383.0,505.0
57807,2000.0,0.0,0.0,0.0,0.0,0.0,0.0,0.0
57832,154.0,0.0,0.0,0.0,1.0,2.0,897.0,946.0
57869,31.0,0.0,0.0,0.0,2.0,111.0,35.0,1821.0
57880,1231.0,5.0,0.0,2.0,0.0,630.0,123.0,9.0
57894,50.0,0.0,0.0,0.0,0.0,1443.0,54.0,453.0
57956,818.0,1.0,0.0,417.0,103.0,31.0,0.0,630.0
57981,292.0,0.0,0.0,9.0,9.0,7.0,872.0,811.0
58017,24.0,6.0,0.0,66.0,0.0,1876.0,4.0,24.0
58092,752.0,0.0,0.0,289.0,5.0,540.0,5.0,409.0
58119,1928.0,0.0,0.0,3.0,55.0,7.0,0.0,7.0
58121,82.0,0.0,0.0,55.0,1.0,1797.0,0.0,65.0
58177,921.0,1.0,0.0,75.0,21.0,17.0,308.0,657.0
58207,742.0,1.0,0.0,2.0,41.0,35.0,150.0,1029.0
58211,1563.0,1.0,0.0,371.0,31.0,3.0,0.0,31.0
58252,3.0,0.0,0.0,0.0,0.0,1.0,1913.0,83.0
58293,4.0,0.0,0.0,19.0,2.0,636.0,0.0,1339.0
58322,169.0,0.0,0.0,0.0,3.0,1.0,1115.0,712.0
58333,14.0,1.0,0.0,0.0,0.0,1965.0,0.0,20.0
58345,0.0,0.0,0.0,0.0,0.0,1578.0,79.0,343.0
58364,0.0,0.0,0.0,0.0,0.0,1758.0,10.0,232.0
58365,12.0,0.0,0.0,18.0,0.0,1949.0,1.0,20.0
58372,0.0,0.0,0.0,0.0,0.0,1993.0,0.0,7.0
58399,49.0,0.0,0.0,0.0,0.0,18.0,1803.0,130.0
58403,0.0,0.0,0.0,0.0,0.0,1994.0,0.0,6.0
58417,0.0,0.0,0.0,0.0,0.0,1279.0,91.0,630.0
58474,76.0,0.0,0.0,19.0,9.0,531.0,55.0,1310.0
58497,374.0,1.0,0.0,31.0,2.0,28.0,1286.0,278.0
58559,0.0,0.0,0.0,0.0,0.0,1284.0,0.0,716.0
58605,307.0,0.0,0.0,865.0,5.0,627.0,1.0,195.0
58615,1958.0,1.0,0.0,2.0,0.0,18.0,10.0,11.0
58676,1.0,0.0,0.0,0.0,0.0,1186.0,1.0,812.0
58677,420.0,0.0,0.0,14.0,43.0,12.0,0.0,1511.0
58690,1.0,0.0,0.0,1.0,0.0,1996.0,0.0,2.0
58713,3.0,0.0,0.0,0.0,0.0,74.0,263.0,1660.0
58800,1700.0,1.0,0.0,184.0,2.0,107.0,0.0,6.0
58827,456.0,1.0,0.0,29.0,6.0,6.0,1021.0,481.0
58842,29.0,0.0,0.0,8.0,11.0,128.0,7.0,1817.0
58860,0.0,0.0,0.0,0.0,0.0,2000.0,0.0,0.0
58861,0.0,0.0,1.0,242.0,0.0,1726.0,9.0,22.0
58862,2.0,0.0,0.0,0.0,0.0,155.0,922.0,921.0
58895,5.0,0.0,0.0,0.0,0.0,1891.0,0.0,104.0
58934,1082.0,3.0,0.0,650.0,50.0,7.0,2.0,206.0
58944,23.0,0.0,0.0,0.0,0.0,759.0,10.0,1208.0
58956,12.0,1.0,0.0,0.0,0.0,1963.0,0.0,24.0
58968,17.0,0.0,0.0,0.0,0.0,20.0,1811.0,152.0
58970,268.0,16.0,0.0,5.0,2.0,992.0,16.0,701.0
59003,17.0,0.0,0.0,0.0,0.0,9.0,533.0,1441.0
59009,0.0,0.0,0.0,0.0,0.0,4.0,1820.0,176.0
59045,1821.0,2.0,0.0,0.0,0.0,73.0,103.0,1.0
59063,25.0,0.0,0.0,654.0,0.0,1241.0,0.0,80.0
59065,0.0,0.0,2.0,12.0,0.0,1955.0,15.0,16.0
59088,5.0,0.0,0.0,0.0,0.0,1600.0,0.0,395.0
59095,13.0,0.0,0.0,0.0,0.0,101.0,797.0,1089.0
59130,415.0,0.0,0.0,211.0,67.0,7.0,0.0,1300.0
59168,4.0,2.0,3.0,55.0,0.0,1891.0,16.0,29.0
59171,61.0,0.0,0.0,8.0,0.0,1599.0,8.0,324.0
59182,279.0,1.0,0.0,201.0,39.0,57.0,47.0,1376.0
59208,1.0,0.0,0.0,0.0,0.0,22.0,1930.0,47.0
59209,1630.0,3.0,0.0,245.0,63.0,21.0,5.0,33.0
59246,9.0,0.0,0.0,0.0,0.0,1714.0,9.0,268.0
59287,1.0,0.0,0.0,4.0,0.0,1577.0,0.0,418.0
59319,411.0,3.0,0.0,11.0,17.0,57.0,506.0,995.0
59324,0.0,0.0,0.0,0.0,0.0,1883.0,0.0,117.0
59398,7.0,0.0,0.0,0.0,0.0,417.0,188.0,1388.0
59405,161.0,1.0,0.0,245.0,1.0,1187.0,22.0,383.0
59431,267.0,0.0,0.0,0.0,12.0,6.0,626.0,1089.0
59470,0.0,0.0,0.0,14.0,0.0,1688.0,3.0,295.0
59480,1.0,0.0,0.0,0.0,0.0,295.0,6.0,1698.0
59545,322.0,0.0,0.0,446.0,14.0,705.0,3.0,510.0
59549,1.0,0.0,0.0,3.0,0.0,1891.0,0.0,105.0
59620,0.0,0.0,0.0,0.0,0.0,1940.0,0.0,60.0
59658,1037.0,1.0,0.0,207.0,45.0,3.0,1.0,706.0
59668,335.0,1.0,0.0,64.0,5.0,549.0,89.0,957.0
59699,35.0,0.0,0.0,21.0,2.0,1653.0,3.0,286.0
59705,2.0,0.0,0.0,4.0,0.0,1972.0,0.0,22.0
59733,738.0,2.0,0.0,1115.0,70.0,28.0,0.0,47.0
59737,0.0,0.0,0.0,1.0,0.0,1777.0,0.0,222.0
59739,257.0,0.0,0.0,41.0,8.0,524.0,44.0,1126.0
59767,962.0,1.0,0.0,351.0,18.0,107.0,18.0,543.0
59768,2.0,0.0,0.0,0.0,1.0,633.0,12.0,1352.0
59770,101.0,3.0,0.0,55.0,0.0,1807.0,0.0,34.0
59792,1227.0,6.0,0.0,711.0,3.0,38.0,1.0,14.0
59809,25.0,0.0,1.0,22.0,5.0,1400.0,0.0,547.0
59812,23.0,0.0,0.0,724.0,4.0,602.0,18.0,629.0
59816,2.0,0.0,0.0,0.0,0.0,1603.0,10.0,385.0
59841,35.0,0.0,0.0,0.0,2.0,43.0,496.0,1424.0
59920,8.0,0.0,0.0,0.0,0.0,27.0,255.0,1710.0
59925,965.0,80.0,0.0,0.0,13.0,252.0,289.0,401.0
59936,95.0,1.0,0.0,0.0,4.0,33.0,907.0,960.0
59964,4.0,0.0,0.0,0.0,0.0,993.0,16.0,987.0
60003,58.0,0.0,0.0,0.0,2.0,189.0,432.0,1319.0
60013,4.0,0.0,0.0,0.0,0.0,5.0,1924.0,67.0
60030,17.0,0.0,0.0,1972.0,4.0,3.0,0.0,4.0
60042,250.0,3.0,0.0,341.0,1.0,1343.0,0.0,62.0
60086,0.0,0.0,0.0,0.0,0.0,1991.0,0.0,9.0
60120,24.0,0.0,0.0,0.0,5.0,30.0,127.0,1814.0
60121,13.0,0.0,0.0,0.0,4.0,5.0,210.0,1768.0
60122,6.0,0.0,0.0,13.0,0.0,1973.0,0.0,8.0
60160,41.0,0.0,0.0,0.0,0.0,19.0,1592.0,348.0
60164,1.0,0.0,0.0,0.0,0.0,794.0,220.0,985.0
60211,4.0,0.0,0.0,4.0,0.0,1171.0,144.0,677.0
60221,1214.0,21.0,0.0,196.0,14.0,166.0,57.0,332.0
60238,24.0,0.0,0.0,6.0,1.0,782.0,212.0,975.0
60243,18.0,0.0,0.0,0.0,2.0,56.0,155.0,1769.0
60280,43.0,0.0,0.0,7.0,8.0,331.0,83.0,1528.0
60295,38.0,0.0,0.0,10.0,7.0,576.0,0.0,1369.0
60297,0.0,0.0,9.0,1.0,0.0,1964.0,0.0,26.0
60309,1965.0,2.0,0.0,0.0,23.0,3.0,1.0,6.0
60322,0.0,0.0,0.0,1.0,0.0,1931.0,0.0,68.0
60365,6.0,0.0,0.0,0.0,1.0,138.0,44.0,1811.0
60403,15.0,0.0,0.0,0.0,0.0,45.0,842.0,1098.0
60437,275.0,2.0,0.0,3.0,0.0,1630.0,0.0,90.0
60438,19.0,0.0,0.0,0.0,0.0,721.0,796.0,464.0
60439,0.0,0.0,0.0,0.0,0.0,798.0,3.0,1199.0
60442,1.0,0.0,0.0,0.0,0.0,1033.0,9.0,957.0
60457,608.0,0.0,0.0,1391.0,0.0,0.0,0.0,1.0
60478,0.0,0.0,0.0,2000.0,0.0,0.0,0.0,0.0
60483,5.0,0.0,0.0,0.0,2.0,93.0,83.0,1817.0
60488,2.0,0.0,0.0,3.0,0.0,1991.0,0.0,4.0
60496,2.0,0.0,0.0,0.0,0.0,1968.0,0.0,30.0
60508,1782.0,26.0,0.0,1.0,14.0,11.0,138.0,28.0
60515,18.0,0.0,0.0,2.0,0.0,1625.0,3.0,352.0
60527,1.0,0.0,0.0,0.0,0.0,108.0,1778.0,113.0
60558,0.0,0.0,0.0,978.0,0.0,1011.0,0.0,11.0
60566,29.0,0.0,0.0,2.0,5.0,705.0,1.0,1258.0
60572,540.0,1.0,0.0,844.0,41.0,102.0,1.0,471.0
60584,1524.0,0.0,0.0,460.0,0.0,0.0,0.0,16.0
60585,1322.0,9.0,0.0,2.0,27.0,29.0,192.0,419.0
60602,3.0,0.0,0.0,12.0,0.0,1734.0,2.0,249.0
60624,219.0,0.0,0.0,12.0,11.0,28.0,544.0,1186.0
60636,6.0,0.0,0.0,1.0,1.0,563.0,244.0,1185.0
60699,2.0,0.0,0.0,0.0,0.0,1998.0,0.0,0.0
60707,200.0,0.0,0.0,1.0,12.0,6.0,793.0,988.0
60743,1.0,0.0,0.0,2.0,0.0,1869.0,0.0,128.0
60796,36.0,0.0,0.0,2.0,3.0,658.0,39.0,1262.0
60814,0.0,0.0,0.0,0.0,0.0,812.0,3.0,1185.0
60848,34.0,0.0,0.0,450.0,0.0,1429.0,0.0,87.0
60888,24.0,0.0,0.0,0.0,0.0,9.0,876.0,1091.0
60889,9.0,0.0,0.0,0.0,0.0,10.0,1785.0,196.0
60891,24.0,0.0,0.0,1.0,0.0,25.0,501.0,1449.0
60905,1.0,0.0,0.0,0.0,0.0,1898.0,2.0,99.0
60962,437.0,0.0,0.0,179.0,4.0,495.0,148.0,737.0
60966,19.0,0.0,0.0,0.0,0.0,0.0,1931.0,50.0
60978,680.0,1.0,3.0,5.0,0.0,1303.0,1.0,7.0
60999,71.0,0.0,0.0,0.0,7.0,7.0,615.0,1300.0
61052,34.0,6.0,0.0,518.0,0.0,1149.0,198.0,95.0
61069,108.0,0.0,0.0,36.0,0.0,1400.0,1.0,455.0
61103,11.0,0.0,0.0,19.0,0.0,1961.0,0.0,9.0
61149,37.0,1.0,0.0,1897.0,45.0,8.0,0.0,12.0
61184,17.0,0.0,0.0,0.0,1.0,64.0,337.0,1581.0
61305,178.0,0.0,0.0,22.0,26.0,31.0,7.0,1736.0
61341,1686.0,9.0,0.0,14.0,20.0,148.0,3.0,120.0
61355,14.0,0.0,0.0,1.0,2.0,676.0,84.0,1223.0
61379,14.0,0.0,0.0,37.0,2.0,463.0,0.0,1484.0
61384,1.0,0.0,0.0,0.0,0.0,1573.0,0.0,426.0
61417,2.0,0.0,0.0,40.0,0.0,1805.0,21.0,132.0
61423,0.0,0.0,0.0,0.0,0.0,1520.0,24.0,456.0
61450,1075.0,1.0,0.0,741.0,78.0,21.0,0.0,84.0
61463,1966.0,3.0,0.0,3.0,2.0,15.0,1.0,10.0
61479,1914.0,1.0,0.0,0.0,65.0,19.0,0.0,1.0
61487,141.0,23.0,0.0,1.0,0.0,1345.0,50.0,440.0
61520,3.0,0.0,0.0,0.0,0.0,1955.0,0.0,42.0
61526,114.0,0.0,0.0,1.0,3.0,171.0,604.0,1107.0
61635,188.0,1.0,0.0,0.0,4.0,18.0,1035.0,754.0
61659,1464.0,36.0,0.0,19.0,1.0,240.0,141.0,99.0
61704,197.0,2.0,0.0,908.0,0.0,833.0,44.0,16.0
61722,128.0,0.0,0.0,33.0,0.0,1716.0,0.0,123.0
61742,96.0,0.0,0.0,6.0,2.0,134.0,274.0,1488.0
61743,0.0,0.0,0.0,15.0,0.0,1985.0,0.0,0.0
61746,8.0,0.0,0.0,302.0,0.0,1690.0,0.0,0.0
61754,0.0,1.0,1.0,449.0,0.0,1537.0,2.0,10.0
61796,1920.0,6.0,0.0,0.0,44.0,15.0,0.0,15.0
61816,3.0,0.0,0.0,1958.0,9.0,1.0,0.0,29.0
61819,12.0,0.0,0.0,0.0,0.0,7.0,318.0,1663.0
61858,159.0,1.0,0.0,8.0,0.0,11.0,1680.0,141.0
61861,460.0,0.0,0.0,0.0,6.0,1.0,1105.0,428.0
61874,827.0,0.0,0.0,18.0,3.0,223.0,570.0,359.0
68480,0.0,0.0,0.0,0.0,0.0,1920.0,0.0,80.0
68482,12.0,0.0,0.0,0.0,0.0,1862.0,22.0,104.0
68483,0.0,0.0,0.0,0.0,0.0,1991.0,0.0,9.0
68486,215.0,0.0,0.0,1.0,3.0,11.0,1586.0,184.0
68487,921.0,7.0,0.0,641.0,57.0,183.0,3.0,188.0
68488,610.0,1.0,0.0,1261.0,37.0,3.0,0.0,88.0
68490,0.0,0.0,0.0,0.0,0.0,1.0,1971.0,28.0
68496,0.0,0.0,0.0,0.0,0.0,292.0,924.0,784.0
68497,0.0,0.0,0.0,0.0,0.0,1884.0,2.0,114.0
68500,0.0,0.0,0.0,0.0,0.0,0.0,2000.0,0.0
68501,2.0,0.0,0.0,0.0,0.0,0.0,1973.0,25.0
68502,0.0,0.0,0.0,0.0,0.0,1972.0,0.0,28.0
68506,0.0,0.0,0.0,0.0,0.0,1740.0,4.0,256.0
68509,384.0,0.0,0.0,1422.0,75.0,16.0,0.0,103.0
68513,0.0,0.0,0.0,0.0,0.0,817.0,818.0,365.0
68516,0.0,0.0,0.0,0.0,0.0,1986.0,0.0,14.0
68522,0.0,0.0,0.0,0.0,0.0,636.0,928.0,436.0
68527,0.0,0.0,0.0,0.0,0.0,0.0,1989.0,11.0
68529,16.0,0.0,0.0,2.0,1.0,1018.0,90.0,873.0
68533,0.0,0.0,0.0,0.0,0.0,0.0,2000.0,0.0
68537,155.0,1.0,0.0,1810.0,0.0,21.0,0.0,13.0
68538,0.0,0.0,0.0,0.0,0.0,52.0,1852.0,96.0
68540,0.0,0.0,0.0,0.0,0.0,1908.0,1.0,91.0
68541,0.0,0.0,0.0,0.0,0.0,0.0,1975.0,25.0
68543,0.0,0.0,0.0,0.0,0.0,1993.0,0.0,7.0
68546,0.0,0.0,0.0,0.0,0.0,0.0,1970.0,30.0
68548,0.0,0.0,0.0,0.0,0.0,2000.0,0.0,0.0
68550,0.0,0.0,0.0,0.0,0.0,1.0,1961.0,38.0
68551,224.0,1.0,0.0,1691.0,31.0,5.0,0.0,48.0
68565,0.0,0.0,0.0,0.0,0.0,1.0,1979.0,20.0
68570,0.0,0.0,0.0,0.0,0.0,1888.0,1.0,111.0
68572,0.0,0.0,0.0,0.0,0.0,2000.0,0.0,0.0
68574,72.0,0.0,0.0,1.0,0.0,80.0,1337.0,510.0
68577,28.0,0.0,0.0,1932.0,15.0,0.0,0.0,25.0
68590,6.0,0.0,0.0,0.0,0.0,76.0,1347.0,571.0
68591,2.0,0.0,0.0,0.0,0.0,0.0,1964.0,34.0
68592,0.0,0.0,0.0,0.0,0.0,1998.0,0.0,2.0
68596,2.0,0.0,0.0,0.0,0.0,978.0,265.0,755.0
68601,6.0,0.0,0.0,0.0,0.0,547.0,468.0,979.0
68602,5.0,0.0,0.0,0.0,1.0,47.0,1292.0,655.0
68603,206.0,0.0,0.0,1458.0,112.0,17.0,0.0,207.0
68606,0.0,0.0,0.0,0.0,0.0,0.0,1982.0,18.0
68613,0.0,0.0,0.0,0.0,0.0,1999.0,0.0,1.0
68615,42.0,0.0,0.0,1937.0,17.0,0.0,0.0,4.0
68619,7.0,0.0,0.0,1966.0,11.0,2.0,0.0,14.0
68620,0.0,0.0,0.0,0.0,0.0,1919.0,0.0,81.0
68621,0.0,0.0,0.0,0.0,0.0,1978.0,0.0,22.0
68624,2000.0,0.0,0.0,0.0,0.0,0.0,0.0,0.0
68625,0.0,0.0,0.0,0.0,0.0,1999.0,0.0,1.0
68626,816.0,4.0,0.0,799.0,65.0,26.0,1.0,289.0
68634,0.0,0.0,0.0,0.0,0.0,0.0,1996.0,4.0
68636,3.0,0.0,0.0,0.0,0.0,42.0,1442.0,513.0
68637,345.0,2.0,0.0,1511.0,36.0,8.0,0.0,98.0
68639,307.0,2.0,0.0,1375.0,58.0,104.0,0.0,154.0
68643,489.0,1.0,0.0,1203.0,53.0,26.0,11.0,217.0
68645,2000.0,0.0,0.0,0.0,0.0,0.0,0.0,0.0
68646,0.0,0.0,0.0,113.0,0.0,1823.0,0.0,64.0
68649,2000.0,0.0,0.0,0.0,0.0,0.0,0.0,0.0
68651,358.0,2.0,0.0,284.0,153.0,15.0,0.0,1188.0
68653,952.0,3.0,0.0,344.0,27.0,160.0,24.0,490.0
68654,0.0,0.0,0.0,0.0,0.0,1883.0,0.0,117.0
68655,0.0,0.0,0.0,0.0,0.0,2000.0,0.0,0.0
68657,0.0,0.0,0.0,0.0,0.0,4.0,1976.0,20.0
68659,0.0,0.0,0.0,0.0,0.0,3.0,1970.0,27.0
68661,2000.0,0.0,0.0,0.0,0.0,0.0,0.0,0.0
68662,0.0,0.0,0.0,0.0,0.0,1263.0,86.0,651.0
68670,25.0,0.0,0.0,0.0,0.0,4.0,847.0,1124.0
68674,0.0,0.0,0.0,0.0,0.0,1.0,1979.0,20.0
68675,0.0,0.0,0.0,0.0,0.0,1220.0,364.0,416.0
68676,1.0,5.0,0.0,0.0,0.0,1127.0,234.0,633.0
68679,0.0,0.0,0.0,0.0,0.0,0.0,1984.0,16.0
68680,134.0,1.0,0.0,1709.0,23.0,20.0,0.0,113.0
68682,0.0,0.0,0.0,0.0,0.0,0.0,1984.0,16.0
68687,1.0,0.0,0.0,0.0,0.0,45.0,1796.0,158.0
68688,2.0,0.0,0.0,0.0,0.0,1449.0,287.0,262.0
68689,0.0,0.0,0.0,0.0,0.0,0.0,1984.0,16.0
68692,0.0,0.0,0.0,0.0,0.0,483.0,912.0,605.0
68696,0.0,0.0,0.0,0.0,0.0,9.0,1962.0,29.0
68697,2000.0,0.0,0.0,0.0,0.0,0.0,0.0,0.0
68699,2.0,0.0,0.0,0.0,0.0,0.0,1979.0,19.0
68700,0.0,0.0,0.0,0.0,0.0,1999.0,0.0,1.0
68701,0.0,0.0,0.0,0.0,0.0,1904.0,0.0,96.0
68703,0.0,0.0,0.0,0.0,0.0,2000.0,0.0,0.0
68704,0.0,0.0,0.0,0.0,0.0,1485.0,38.0,477.0
68705,22.0,0.0,0.0,0.0,0.0,6.0,1830.0,142.0
68706,1.0,0.0,0.0,0.0,0.0,638.0,1018.0,343.0
68707,0.0,0.0,0.0,0.0,0.0,2000.0,0.0,0.0
68708,53.0,1.0,0.0,1610.0,20.0,113.0,0.0,203.0
68709,0.0,0.0,0.0,0.0,0.0,0.0,1974.0,26.0
68712,0.0,0.0,0.0,0.0,0.0,1282.0,435.0,283.0
68713,1.0,0.0,0.0,0.0,0.0,1357.0,355.0,287.0
68714,0.0,0.0,0.0,0.0,0.0,0.0,1991.0,9.0
68715,2000.0,0.0,0.0,0.0,0.0,0.0,0.0,0.0
68719,0.0,0.0,0.0,0.0,0.0,0.0,1994.0,6.0
68723,0.0,0.0,0.0,0.0,0.0,31.0,1812.0,157.0
68728,0.0,0.0,0.0,0.0,0.0,1.0,1984.0,15.0
68731,24.0,0.0,0.0,38.0,1.0,1011.0,315.0,611.0
68733,0.0,0.0,0.0,0.0,0.0,2000.0,0.0,0.0
68734,0.0,0.0,0.0,0.0,0.0,1425.0,80.0,495.0
68735,81.0,1.0,0.0,1575.0,34.0,79.0,0.0,230.0
68738,2.0,0.0,0.0,0.0,0.0,10.0,1823.0,165.0
68740,0.0,0.0,0.0,0.0,0.0,0.0,1996.0,4.0
68742,2000.0,0.0,0.0,0.0,0.0,0.0,0.0,0.0
68751,2000.0,0.0,0.0,0.0,0.0,0.0,0.0,0.0
68756,0.0,0.0,0.0,0.0,0.0,1899.0,0.0,101.0
68757,0.0,0.0,0.0,0.0,0.0,0.0,2000.0,0.0
68758,1205.0,1.0,0.0,565.0,66.0,36.0,0.0,127.0
68761,0.0,0.0,0.0,0.0,0.0,2000.0,0.0,0.0
68763,776.0,0.0,0.0,291.0,22.0,637.0,0.0,274.0
68764,0.0,0.0,0.0,0.0,0.0,1442.0,159.0,399.0
68767,0.0,0.0,0.0,0.0,0.0,0.0,1998.0,2.0
68771,167.0,0.0,0.0,1.0,0.0,1831.0,0.0,1.0
68772,607.0,3.0,0.0,1223.0,64.0,13.0,0.0,90.0
68777,0.0,0.0,0.0,9.0,0.0,873.0,761.0,357.0
68782,4.0,0.0,0.0,0.0,0.0,5.0,1933.0,58.0
68783,5.0,0.0,0.0,0.0,0.0,108.0,482.0,1405.0
68787,0.0,0.0,0.0,0.0,0.0,15.0,1933.0,52.0
68788,1144.0,6.0,0.0,194.0,20.0,34.0,172.0,430.0
68790,1316.0,0.0,0.0,680.0,3.0,0.0,0.0,1.0
68791,0.0,0.0,0.0,0.0,0.0,1201.0,228.0,571.0
68792,0.0,0.0,0.0,0.0,0.0,48.0,1879.0,73.0
68798,439.0,1.0,0.0,1134.0,50.0,32.0,0.0,344.0
68799,0.0,0.0,0.0,0.0,0.0,1896.0,0.0,104.0
68800,0.0,0.0,0.0,0.0,0.0,1997.0,0.0,3.0
68802,4.0,1.0,0.0,1051.0,11.0,732.0,0.0,201.0
68808,0.0,0.0,0.0,0.0,0.0,1810.0,0.0,190.0
68810,0.0,0.0,0.0,0.0,0.0,1691.0,21.0,288.0
68811,93.0,1.0,0.0,0.0,3.0,54.0,470.0,1379.0
68813,8.0,0.0,0.0,0.0,0.0,12.0,1409.0,571.0
68817,0.0,0.0,0.0,0.0,0.0,1263.0,483.0,254.0
68819,65.0,1.0,0.0,1346.0,17.0,400.0,0.0,171.0
68821,0.0,0.0,0.0,0.0,0.0,2000.0,0.0,0.0
68822,601.0,1.0,0.0,1280.0,86.0,17.0,0.0,15.0
68826,542.0,3.0,0.0,790.0,91.0,31.0,0.0,543.0
68828,0.0,0.0,0.0,0.0,0.0,0.0,1989.0,11.0
68830,0.0,0.0,0.0,0.0,0.0,1877.0,0.0,123.0
68841,0.0,0.0,0.0,0.0,0.0,1985.0,0.0,15.0
68849,0.0,0.0,0.0,0.0,0.0,694.0,1073.0,233.0
68851,79.0,0.0,0.0,19.0,1.0,1255.0,280.0,366.0
68852,714.0,0.0,0.0,1138.0,86.0,32.0,2.0,28.0
68853,7.0,0.0,0.0,0.0,1.0,18.0,865.0,1109.0
68861,0.0,0.0,0.0,0.0,0.0,2000.0,0.0,0.0
68862,1976.0,0.0,0.0,24.0,0.0,0.0,0.0,0.0
68866,0.0,0.0,0.0,0.0,0.0,1507.0,1.0,492.0
68867,0.0,0.0,0.0,0.0,0.0,0.0,1999.0,1.0
68871,1116.0,0.0,0.0,818.0,0.0,12.0,0.0,54.0
68874,1.0,0.0,0.0,0.0,0.0,1876.0,0.0,123.0
68876,0.0,0.0,0.0,31.0,0.0,1967.0,0.0,2.0
68880,1008.0,2.0,0.0,420.0,45.0,33.0,7.0,485.0
68887,0.0,0.0,0.0,0.0,0.0,916.0,748.0,336.0
68889,1298.0,0.0,0.0,569.0,0.0,104.0,0.0,29.0
68894,351.0,2.0,0.0,715.0,26.0,330.0,54.0,522.0
68896,0.0,0.0,0.0,0.0,0.0,0.0,1993.0,7.0
68899,1.0,0.0,0.0,18.0,0.0,1023.0,578.0,380.0
68906,0.0,0.0,0.0,0.0,0.0,1258.0,150.0,592.0
68908,27.0,0.0,0.0,1.0,1.0,12.0,530.0,1429.0
68909,9.0,0.0,0.0,0.0,1.0,62.0,584.0,1344.0
68913,0.0,0.0,0.0,0.0,0.0,0.0,1991.0,9.0
68915,6.0,0.0,0.0,0.0,0.0,20.0,1889.0,85.0
68916,0.0,0.0,0.0,0.0,0.0,1266.0,129.0,605.0
68917,1493.0,0.0,0.0,132.0,0.0,373.0,0.0,2.0
68919,3.0,0.0,0.0,0.0,0.0,279.0,1502.0,216.0
68923,0.0,0.0,0.0,0.0,0.0,1314.0,447.0,239.0
68925,4.0,0.0,0.0,0.0,0.0,186.0,629.0,1181.0
68926,18.0,0.0,0.0,1978.0,3.0,0.0,0.0,1.0
68927,0.0,0.0,0.0,0.0,0.0,1752.0,5.0,243.0
68928,0.0,0.0,0.0,0.0,0.0,1597.0,0.0,403.0
68939,0.0,0.0,0.0,0.0,0.0,2000.0,0.0,0.0
68942,0.0,0.0,0.0,0.0,0.0,570.0,1127.0,303.0
68944,124.0,0.0,0.0,1244.0,108.0,5.0,0.0,519.0
68947,0.0,0.0,0.0,1.0,0.0,1330.0,114.0,555.0
68948,0.0,0.0,0.0,0.0,0.0,1526.0,0.0,474.0
68950,15.0,0.0,0.0,0.0,0.0,5.0,1814.0,166.0
68956,342.0,0.0,0.0,7.0,4.0,3.0,1344.0,300.0
68965,4.0,0.0,0.0,0.0,0.0,4.0,1951.0,41.0
68966,0.0,0.0,0.0,0.0,0.0,765.0,340.0,895.0
68968,0.0,0.0,0.0,0.0,0.0,1998.0,0.0,2.0
68970,2000.0,0.0,0.0,0.0,0.0,0.0,0.0,0.0
68974,0.0,0.0,0.0,0.0,0.0,30.0,1401.0,569.0
68977,0.0,0.0,0.0,0.0,0.0,1265.0,205.0,530.0
68979,1504.0,0.0,0.0,378.0,89.0,16.0,0.0,13.0
68980,1786.0,0.0,0.0,209.0,2.0,0.0,0.0,3.0
68982,0.0,0.0,0.0,1.0,0.0,1994.0,0.0,5.0
68985,1.0,0.0,0.0,2.0,0.0,1330.0,32.0,635.0
68987,588.0,1.0,0.0,1184.0,137.0,56.0,1.0,33.0
68995,419.0,4.0,0.0,1158.0,78.0,23.0,1.0,317.0
68996,0.0,0.0,0.0,0.0,0.0,0.0,1987.0,13.0
68997,794.0,5.0,0.0,652.0,44.0,40.0,4.0,461.0
69001,100.0,0.0,0.0,18.0,0.0,1881.0,0.0,1.0
69002,0.0,0.0,0.0,0.0,0.0,0.0,1993.0,7.0
69005,636.0,6.0,0.0,605.0,65.0,44.0,36.0,608.0
69007,2000.0,0.0,0.0,0.0,0.0,0.0,0.0,0.0
69008,0.0,0.0,0.0,0.0,0.0,1992.0,0.0,8.0
69009,2000.0,0.0,0.0,0.0,0.0,0.0,0.0,0.0
69013,1.0,0.0,0.0,0.0,0.0,0.0,1978.0,21.0
69015,561.0,0.0,0.0,1324.0,61.0,10.0,0.0,44.0
69016,0.0,0.0,0.0,0.0,0.0,2000.0,0.0,0.0
69020,2000.0,0.0,0.0,0.0,0.0,0.0,0.0,0.0
69026,0.0,0.0,0.0,0.0,0.0,918.0,813.0,269.0
69027,0.0,0.0,0.0,0.0,0.0,1655.0,13.0,332.0
69030,0.0,0.0,0.0,0.0,0.0,894.0,304.0,802.0
69034,76.0,0.0,0.0,1409.0,39.0,156.0,0.0,320.0
69037,256.0,2.0,0.0,1557.0,85.0,12.0,1.0,87.0
69039,0.0,0.0,0.0,0.0,0.0,1979.0,0.0,21.0
69041,130.0,1.0,0.0,1832.0,30.0,3.0,0.0,4.0
69050,2.0,0.0,0.0,0.0,0.0,0.0,1967.0,31.0
69053,3.0,0.0,0.0,0.0,0.0,2.0,1969.0,26.0
69054,0.0,0.0,0.0,0.0,0.0,1949.0,0.0,51.0
69056,7.0,0.0,0.0,5.0,0.0,1982.0,0.0,6.0
69059,666.0,5.0,0.0,870.0,67.0,157.0,22.0,213.0
69061,0.0,0.0,0.0,2000.0,0.0,0.0,0.0,0.0
69062,0.0,0.0,0.0,0.0,0.0,2.0,1961.0,37.0
69064,359.0,5.0,0.0,545.0,72.0,158.0,0.0,861.0
69068,0.0,0.0,0.0,0.0,0.0,1348.0,175.0,477.0
69069,90.0,0.0,0.0,1725.0,15.0,66.0,0.0,104.0
69074,1996.0,0.0,0.0,0.0,0.0,4.0,0.0,0.0
69079,0.0,0.0,0.0,1.0,0.0,1620.0,39.0,340.0
69082,1983.0,0.0,0.0,17.0,0.0,0.0,0.0,0.0
69088,53.0,1.0,0.0,1897.0,27.0,7.0,0.0,15.0
69089,25.0,0.0,0.0,1933.0,32.0,2.0,0.0,8.0
69090,0.0,0.0,0.0,0.0,0.0,1686.0,0.0,314.0
69091,1.0,0.0,0.0,0.0,0.0,15.0,1928.0,56.0
69093,0.0,0.0,0.0,0.0,0.0,1783.0,1.0,216.0
69096,728.0,0.0,0.0,1267.0,0.0,0.0,0.0,5.0
69098,497.0,0.0,0.0,1360.0,54.0,4.0,0.0,85.0
69100,0.0,0.0,0.0,0.0,0.0,0.0,1999.0,1.0
69101,0.0,0.0,0.0,2000.0,0.0,0.0,0.0,0.0
69104,1428.0,2.0,0.0,236.0,70.0,21.0,1.0,242.0
69105,0.0,0.0,0.0,0.0,0.0,409.0,1385.0,206.0
69106,420.0,1.0,0.0,1139.0,73.0,20.0,2.0,345.0
69112,0.0,0.0,0.0,0.0,0.0,1957.0,0.0,43.0
69113,52.0,0.0,0.0,4.0,1.0,204.0,889.0,850.0
69115,266.0,0.0,0.0,871.0,111.0,8.0,0.0,744.0
69116,0.0,0.0,0.0,0.0,0.0,1518.0,21.0,461.0
69118,0.0,0.0,0.0,0.0,0.0,2000.0,0.0,0.0
69120,3.0,0.0,0.0,0.0,0.0,596.0,373.0,1028.0
69121,19.0,0.0,0.0,0.0,0.0,1.0,1839.0,141.0
69126,2.0,0.0,0.0,0.0,0.0,696.0,859.0,443.0
69134,0.0,0.0,0.0,0.0,0.0,0.0,1999.0,1.0
69135,6.0,0.0,0.0,1994.0,0.0,0.0,0.0,0.0
69136,0.0,0.0,0.0,0.0,0.0,0.0,1991.0,9.0
69137,0.0,0.0,0.0,0.0,0.0,0.0,1997.0,3.0
69139,11.0,0.0,0.0,0.0,0.0,3.0,1929.0,57.0
69140,6.0,0.0,0.0,0.0,0.0,42.0,412.0,1540.0
69141,0.0,0.0,0.0,0.0,0.0,1869.0,0.0,131.0
69144,0.0,0.0,0.0,0.0,0.0,1995.0,0.0,5.0
69146,0.0,0.0,0.0,0.0,0.0,0.0,1985.0,15.0
69151,0.0,0.0,0.0,0.0,0.0,1678.0,14.0,308.0
69152,0.0,0.0,0.0,0.0,0.0,9.0,1973.0,18.0
69154,1788.0,0.0,0.0,195.0,0.0,8.0,0.0,9.0
69156,0.0,0.0,0.0,0.0,0.0,2000.0,0.0,0.0
69163,147.0,2.0,0.0,1303.0,45.0,73.0,0.0,430.0
69164,0.0,0.0,0.0,0.0,0.0,0.0,1997.0,3.0
69165,0.0,0.0,0.0,0.0,0.0,1991.0,0.0,9.0
69168,3.0,0.0,0.0,0.0,0.0,43.0,1787.0,167.0
69170,0.0,0.0,0.0,0.0,0.0,2000.0,0.0,0.0
69171,0.0,0.0,0.0,0.0,0.0,2000.0,0.0,0.0
69173,0.0,0.0,0.0,0.0,0.0,0.0,2000.0,0.0
69178,0.0,0.0,0.0,0.0,0.0,3.0,1985.0,12.0
69181,160.0,1.0,0.0,1834.0,2.0,1.0,0.0,2.0
69184,0.0,0.0,0.0,1.0,0.0,1784.0,0.0,215.0
69188,0.0,0.0,0.0,0.0,0.0,2000.0,0.0,0.0
69192,0.0,0.0,0.0,0.0,0.0,1959.0,0.0,41.0
69197,1094.0,4.0,0.0,604.0,81.0,38.0,1.0,178.0
69198,741.0,3.0,0.0,1081.0,106.0,38.0,0.0,31.0
69207,889.0,6.0,0.0,907.0,87.0,48.0,0.0,63.0
69213,0.0,0.0,0.0,0.0,0.0,1601.0,0.0,399.0
69219,0.0,0.0,0.0,0.0,0.0,503.0,900.0,597.0
69223,0.0,0.0,0.0,0.0,0.0,2000.0,0.0,0.0
69225,1.0,0.0,0.0,1999.0,0.0,0.0,0.0,0.0
69228,107.0,1.0,10.0,0.0,0.0,1817.0,0.0,65.0
69229,0.0,0.0,0.0,0.0,0.0,1975.0,0.0,25.0
69230,239.0,0.0,0.0,1690.0,0.0,58.0,0.0,13.0
69233,2000.0,0.0,0.0,0.0,0.0,0.0,0.0,0.0
69238,627.0,5.0,0.0,586.0,60.0,51.0,14.0,657.0
69242,1105.0,0.0,0.0,759.0,60.0,24.0,0.0,52.0
69248,5.0,0.0,0.0,0.0,0.0,28.0,1769.0,198.0
69251,0.0,0.0,0.0,0.0,0.0,296.0,1704.0,0.0
69253,0.0,0.0,0.0,0.0,0.0,2000.0,0.0,0.0
69254,0.0,0.0,0.0,0.0,0.0,87.0,1704.0,209.0
69257,771.0,12.0,0.0,755.0,58.0,66.0,24.0,314.0
69262,25.0,0.0,0.0,1108.0,18.0,617.0,0.0,232.0
69265,1710.0,0.0,0.0,31.0,0.0,255.0,0.0,4.0
69268,2.0,0.0,0.0,0.0,0.0,114.0,1582.0,302.0
69269,0.0,0.0,0.0,0.0,0.0,1344.0,7.0,649.0
69270,0.0,0.0,0.0,0.0,0.0,2000.0,0.0,0.0
69271,0.0,0.0,0.0,32.0,0.0,1937.0,0.0,31.0
69275,0.0,1.0,0.0,0.0,0.0,0.0,1988.0,11.0
69276,23.0,0.0,0.0,1963.0,9.0,3.0,0.0,2.0
69277,141.0,1.0,0.0,1700.0,100.0,14.0,1.0,43.0
69280,6.0,0.0,0.0,22.0,0.0,1931.0,1.0,40.0
69284,0.0,0.0,0.0,0.0,0.0,1430.0,94.0,476.0
69290,255.0,4.0,0.0,1510.0,42.0,14.0,1.0,174.0
69296,0.0,0.0,0.0,0.0,0.0,2000.0,0.0,0.0
69297,0.0,0.0,0.0,0.0,0.0,2000.0,0.0,0.0
69299,32.0,0.0,0.0,1.0,0.0,1922.0,0.0,45.0
69301,0.0,0.0,0.0,0.0,0.0,2000.0,0.0,0.0
69308,6.0,0.0,0.0,0.0,0.0,1099.0,266.0,629.0
69312,8.0,0.0,0.0,0.0,0.0,3.0,1681.0,308.0
69313,355.0,2.0,0.0,1498.0,83.0,42.0,0.0,20.0
69317,0.0,0.0,0.0,0.0,0.0,906.0,240.0,854.0
69322,0.0,0.0,0.0,0.0,0.0,2000.0,0.0,0.0
69324,264.0,0.0,0.0,13.0,2.0,64.0,1219.0,438.0
69326,0.0,1.0,0.0,2.0,0.0,1329.0,33.0,635.0
