,Baso,Ccr7_DC,Eos,Lymphoid,Mast,Meg,Monocyte,Neutrophil,Undifferentiated
13199,0.0,0.0,0.0,0.0,0.0,0.0,3.0,1618.0,379.0
13210,0.0,0.0,0.0,0.0,0.0,0.0,181.0,888.0,931.0
13226,0.0,0.0,0.0,0.0,3.0,1048.0,0.0,0.0,949.0
13235,0.0,0.0,0.0,0.0,1996.0,4.0,0.0,0.0,0.0
13256,0.0,0.0,0.0,0.0,0.0,0.0,1458.0,0.0,542.0
13258,0.0,0.0,0.0,0.0,0.0,0.0,0.0,2000.0,0.0
13259,0.0,0.0,0.0,0.0,0.0,0.0,0.0,2000.0,0.0
13260,1207.0,0.0,0.0,0.0,651.0,0.0,0.0,0.0,142.0
13266,0.0,0.0,0.0,0.0,0.0,0.0,0.0,1926.0,74.0
13274,265.0,0.0,4.0,0.0,1.0,0.0,14.0,772.0,944.0
13291,0.0,0.0,0.0,0.0,0.0,0.0,0.0,1756.0,244.0
13300,0.0,0.0,0.0,0.0,0.0,0.0,0.0,2000.0,0.0
13302,0.0,0.0,0.0,0.0,0.0,0.0,0.0,2000.0,0.0
13313,0.0,0.0,0.0,0.0,0.0,0.0,20.0,1409.0,571.0
13314,493.0,0.0,15.0,0.0,3.0,157.0,19.0,1.0,1312.0
13322,0.0,0.0,0.0,0.0,0.0,0.0,0.0,2000.0,0.0
13341,0.0,0.0,0.0,0.0,0.0,0.0,0.0,1911.0,89.0
13350,0.0,0.0,0.0,0.0,0.0,0.0,0.0,1926.0,74.0
13352,1972.0,0.0,0.0,0.0,14.0,0.0,0.0,0.0,14.0
13353,0.0,0.0,0.0,0.0,2000.0,0.0,0.0,0.0,0.0
13361,0.0,0.0,0.0,0.0,0.0,0.0,0.0,2000.0,0.0
13366,63.0,0.0,0.0,0.0,1.0,1.0,1119.0,10.0,806.0
13371,830.0,0.0,1.0,0.0,16.0,61.0,1.0,0.0,1091.0
13375,0.0,0.0,0.0,0.0,0.0,0.0,0.0,1997.0,3.0
13389,2000.0,0.0,0.0,0.0,0.0,0.0,0.0,0.0,0.0
13401,122.0,0.0,0.0,0.0,1864.0,0.0,0.0,0.0,14.0
13407,183.0,0.0,2.0,0.0,16.0,778.0,3.0,0.0,1018.0
13418,2000.0,0.0,0.0,0.0,0.0,0.0,0.0,0.0,0.0
13419,1984.0,0.0,0.0,0.0,13.0,0.0,0.0,0.0,3.0
13434,0.0,0.0,0.0,0.0,0.0,806.0,0.0,0.0,1194.0
13437,695.0,0.0,0.0,0.0,1274.0,0.0,0.0,0.0,31.0
13456,0.0,0.0,0.0,0.0,0.0,0.0,0.0,1944.0,56.0
13463,0.0,0.0,0.0,0.0,0.0,0.0,48.0,1352.0,600.0
13483,0.0,0.0,0.0,0.0,0.0,0.0,957.0,709.0,334.0
13484,0.0,0.0,0.0,0.0,0.0,0.0,2.0,1647.0,351.0
13489,778.0,0.0,0.0,0.0,1129.0,0.0,0.0,0.0,93.0
13495,0.0,0.0,0.0,0.0,0.0,0.0,4.0,1859.0,137.0
13498,1.0,0.0,0.0,0.0,0.0,0.0,8.0,1625.0,366.0
13506,0.0,0.0,0.0,0.0,0.0,0.0,2000.0,0.0,0.0
13512,0.0,0.0,0.0,0.0,0.0,0.0,6.0,1761.0,233.0
13523,45.0,0.0,7.0,0.0,0.0,0.0,78.0,1054.0,816.0
13525,0.0,0.0,0.0,0.0,0.0,0.0,685.0,168.0,1147.0
13526,6.0,0.0,2.0,0.0,0.0,0.0,151.0,872.0,969.0
13558,0.0,0.0,0.0,0.0,0.0,0.0,0.0,1996.0,4.0
13562,0.0,0.0,0.0,0.0,0.0,0.0,0.0,2000.0,0.0
13567,0.0,0.0,0.0,0.0,0.0,0.0,1853.0,14.0,133.0
13588,0.0,0.0,0.0,0.0,0.0,0.0,2000.0,0.0,0.0
13592,0.0,0.0,0.0,0.0,0.0,0.0,0.0,1999.0,1.0
13609,849.0,0.0,0.0,0.0,1097.0,0.0,0.0,0.0,54.0
13611,0.0,0.0,1.0,0.0,0.0,0.0,0.0,1766.0,233.0
13614,0.0,0.0,0.0,0.0,0.0,0.0,1.0,1301.0,698.0
13616,0.0,0.0,0.0,0.0,0.0,0.0,3.0,1694.0,303.0
13621,27.0,0.0,0.0,0.0,0.0,0.0,241.0,356.0,1376.0
13639,0.0,0.0,0.0,0.0,0.0,0.0,0.0,1952.0,48.0
13642,0.0,0.0,0.0,0.0,0.0,0.0,0.0,1792.0,208.0
13652,0.0,0.0,0.0,0.0,2000.0,0.0,0.0,0.0,0.0
13656,0.0,0.0,0.0,0.0,0.0,0.0,0.0,2000.0,0.0
13663,0.0,0.0,0.0,0.0,2000.0,0.0,0.0,0.0,0.0
13678,1692.0,0.0,0.0,0.0,252.0,0.0,0.0,0.0,56.0
13681,0.0,0.0,0.0,0.0,0.0,0.0,0.0,1891.0,109.0
13697,2.0,0.0,0.0,0.0,0.0,0.0,0.0,1840.0,158.0
13719,0.0,0.0,0.0,0.0,2000.0,0.0,0.0,0.0,0.0
13725,87.0,0.0,1.0,0.0,0.0,0.0,77.0,1372.0,463.0
13742,0.0,0.0,0.0,0.0,0.0,0.0,10.0,1134.0,856.0
13752,0.0,0.0,0.0,0.0,0.0,0.0,1.0,1982.0,17.0
13760,0.0,0.0,0.0,0.0,0.0,0.0,860.0,483.0,657.0
13763,0.0,0.0,0.0,0.0,0.0,0.0,0.0,1994.0,6.0
13765,2.0,0.0,0.0,0.0,0.0,0.0,1.0,1802.0,195.0
13769,0.0,0.0,1.0,0.0,0.0,0.0,432.0,838.0,729.0
13780,0.0,0.0,0.0,0.0,0.0,0.0,0.0,1994.0,6.0
13786,0.0,0.0,0.0,0.0,0.0,1636.0,363.0,0.0,1.0
13803,0.0,0.0,0.0,0.0,0.0,0.0,0.0,1999.0,1.0
13804,0.0,0.0,0.0,0.0,0.0,0.0,14.0,1579.0,407.0
13816,1.0,0.0,0.0,0.0,0.0,0.0,16.0,1493.0,490.0
13817,4.0,0.0,1.0,0.0,0.0,0.0,37.0,1399.0,559.0
13824,0.0,0.0,0.0,0.0,0.0,0.0,0.0,2000.0,0.0
13827,0.0,0.0,0.0,0.0,0.0,0.0,8.0,1565.0,427.0
13839,0.0,0.0,0.0,0.0,0.0,0.0,0.0,2000.0,0.0
13842,0.0,0.0,0.0,0.0,0.0,0.0,1.0,1983.0,16.0
13876,2.0,0.0,0.0,0.0,0.0,0.0,23.0,1009.0,966.0
13879,0.0,0.0,0.0,0.0,0.0,0.0,0.0,1999.0,1.0
13880,0.0,0.0,0.0,0.0,0.0,0.0,2.0,1901.0,97.0
13882,2000.0,0.0,0.0,0.0,0.0,0.0,0.0,0.0,0.0
13887,597.0,0.0,12.0,0.0,16.0,0.0,136.0,322.0,917.0
13892,0.0,0.0,0.0,0.0,0.0,0.0,0.0,2000.0,0.0
13895,0.0,0.0,0.0,0.0,0.0,233.0,0.0,0.0,1767.0
13897,1881.0,0.0,2.0,0.0,4.0,3.0,30.0,20.0,60.0
13911,0.0,0.0,0.0,0.0,0.0,0.0,2000.0,0.0,0.0
13913,305.0,0.0,4.0,0.0,1.0,95.0,23.0,4.0,1568.0
13933,0.0,0.0,0.0,0.0,0.0,0.0,1695.0,0.0,305.0
13940,0.0,0.0,0.0,0.0,2000.0,0.0,0.0,0.0,0.0
13941,270.0,0.0,3.0,0.0,3.0,236.0,4.0,11.0,1473.0
13964,4.0,0.0,0.0,0.0,1.0,23.0,1322.0,3.0,647.0
13966,165.0,0.0,0.0,0.0,1834.0,0.0,0.0,0.0,1.0
13981,0.0,0.0,0.0,0.0,0.0,0.0,1732.0,7.0,261.0
13989,0.0,0.0,0.0,0.0,0.0,0.0,875.0,31.0,1094.0
13991,0.0,0.0,0.0,0.0,0.0,361.0,0.0,0.0,1639.0
14007,5.0,0.0,0.0,0.0,1009.0,35.0,0.0,0.0,951.0
14009,0.0,0.0,0.0,0.0,0.0,0.0,960.0,0.0,1040.0
14011,0.0,0.0,0.0,0.0,0.0,0.0,0.0,0.0,2000.0
14018,0.0,0.0,0.0,0.0,0.0,0.0,5.0,1917.0,78.0
14019,0.0,0.0,0.0,0.0,2000.0,0.0,0.0,0.0,0.0
14020,141.0,0.0,4.0,0.0,0.0,0.0,61.0,861.0,933.0
14038,0.0,0.0,0.0,0.0,25.0,1921.0,0.0,0.0,54.0
14040,1.0,0.0,0.0,0.0,0.0,0.0,9.0,1349.0,641.0
14061,0.0,0.0,0.0,0.0,0.0,1662.0,0.0,0.0,338.0
14076,751.0,0.0,0.0,0.0,1148.0,0.0,0.0,0.0,101.0
14087,0.0,0.0,0.0,0.0,0.0,0.0,0.0,2000.0,0.0
14089,157.0,0.0,2.0,0.0,2.0,12.0,12.0,692.0,1123.0
14097,0.0,0.0,0.0,0.0,0.0,0.0,0.0,2000.0,0.0
14099,0.0,0.0,0.0,0.0,0.0,0.0,1.0,1820.0,179.0
14106,732.0,0.0,36.0,0.0,26.0,58.0,43.0,363.0,742.0
14125,0.0,0.0,0.0,0.0,0.0,353.0,0.0,0.0,1647.0
14128,5.0,0.0,0.0,0.0,0.0,0.0,103.0,1354.0,538.0
14129,0.0,0.0,0.0,0.0,0.0,0.0,5.0,1481.0,514.0
14159,936.0,0.0,3.0,0.0,11.0,0.0,360.0,209.0,481.0
14184,0.0,0.0,0.0,0.0,0.0,0.0,0.0,1998.0,2.0
14199,0.0,0.0,0.0,0.0,0.0,0.0,2.0,1960.0,38.0
14213,2000.0,0.0,0.0,0.0,0.0,0.0,0.0,0.0,0.0
14214,0.0,0.0,0.0,0.0,0.0,0.0,1996.0,3.0,1.0
14220,1616.0,0.0,7.0,0.0,2.0,0.0,16.0,89.0,270.0
14224,2000.0,0.0,0.0,0.0,0.0,0.0,0.0,0.0,0.0
14226,48.0,0.0,0.0,0.0,1933.0,0.0,0.0,0.0,19.0
14227,0.0,0.0,0.0,0.0,0.0,0.0,0.0,2000.0,0.0
14238,1036.0,0.0,0.0,0.0,893.0,0.0,0.0,0.0,71.0
14247,0.0,0.0,0.0,0.0,0.0,0.0,925.0,691.0,384.0
14268,612.0,0.0,5.0,0.0,5.0,61.0,118.0,54.0,1145.0
14277,0.0,0.0,0.0,0.0,0.0,0.0,1.0,1867.0,132.0
14288,0.0,0.0,0.0,0.0,0.0,0.0,1755.0,3.0,242.0
14310,379.0,0.0,4.0,0.0,15.0,213.0,1.0,7.0,1381.0
14327,15.0,0.0,0.0,0.0,0.0,0.0,118.0,658.0,1209.0
14336,0.0,0.0,0.0,0.0,0.0,0.0,0.0,2000.0,0.0
14348,1756.0,0.0,0.0,0.0,118.0,1.0,2.0,4.0,119.0
14352,0.0,0.0,0.0,0.0,0.0,0.0,2000.0,0.0,0.0
14362,850.0,0.0,0.0,0.0,975.0,0.0,0.0,0.0,175.0
14363,26.0,0.0,2.0,0.0,0.0,0.0,18.0,946.0,1008.0
14374,0.0,0.0,0.0,0.0,0.0,87.0,0.0,0.0,1913.0
14384,0.0,0.0,0.0,0.0,0.0,0.0,0.0,1997.0,3.0
14385,0.0,0.0,0.0,0.0,0.0,0.0,15.0,1785.0,200.0
14387,0.0,0.0,0.0,0.0,2000.0,0.0,0.0,0.0,0.0
14395,1.0,0.0,0.0,0.0,0.0,0.0,0.0,1856.0,143.0
14410,0.0,0.0,0.0,0.0,0.0,0.0,720.0,0.0,1280.0
14420,0.0,0.0,0.0,0.0,0.0,0.0,6.0,1881.0,113.0
14423,0.0,0.0,0.0,0.0,0.0,0.0,21.0,1746.0,233.0
14449,2000.0,0.0,0.0,0.0,0.0,0.0,0.0,0.0,0.0
14452,0.0,0.0,0.0,0.0,0.0,0.0,0.0,2000.0,0.0
14456,0.0,0.0,0.0,0.0,0.0,0.0,5.0,1119.0,876.0
14471,1963.0,0.0,0.0,0.0,0.0,33.0,0.0,0.0,4.0
14492,0.0,0.0,0.0,0.0,0.0,0.0,1052.0,648.0,300.0
14497,412.0,0.0,0.0,0.0,1536.0,0.0,0.0,0.0,52.0
14502,1.0,0.0,1.0,0.0,0.0,0.0,169.0,1057.0,772.0
14508,0.0,0.0,0.0,0.0,0.0,0.0,0.0,2000.0,0.0
14511,0.0,0.0,0.0,0.0,0.0,0.0,0.0,1604.0,396.0
14521,2000.0,0.0,0.0,0.0,0.0,0.0,0.0,0.0,0.0
14522,0.0,0.0,0.0,0.0,0.0,2000.0,0.0,0.0,0.0
14532,0.0,0.0,0.0,0.0,0.0,0.0,2000.0,0.0,0.0
14544,0.0,0.0,0.0,0.0,0.0,0.0,0.0,2000.0,0.0
14549,0.0,0.0,0.0,0.0,0.0,0.0,5.0,1827.0,168.0
14566,0.0,0.0,0.0,0.0,0.0,0.0,0.0,2000.0,0.0
14584,0.0,0.0,0.0,0.0,0.0,0.0,0.0,2000.0,0.0
14589,1625.0,0.0,0.0,0.0,263.0,2.0,0.0,0.0,110.0
14606,0.0,0.0,0.0,0.0,0.0,0.0,2000.0,0.0,0.0
14613,0.0,0.0,0.0,0.0,0.0,0.0,0.0,2000.0,0.0
14615,702.0,0.0,148.0,0.0,0.0,3.0,29.0,855.0,263.0
14637,0.0,0.0,0.0,0.0,1987.0,4.0,0.0,0.0,9.0
14675,263.0,0.0,11.0,0.0,4.0,20.0,6.0,1040.0,656.0
14701,0.0,0.0,0.0,0.0,0.0,0.0,1896.0,0.0,104.0
14703,0.0,0.0,0.0,0.0,0.0,0.0,0.0,2000.0,0.0
14714,0.0,0.0,0.0,0.0,0.0,90.0,326.0,5.0,1579.0
14725,2.0,0.0,0.0,0.0,0.0,0.0,10.0,1279.0,709.0
14726,13.0,0.0,0.0,0.0,0.0,0.0,447.0,573.0,967.0
14736,0.0,0.0,0.0,0.0,0.0,0.0,1.0,1663.0,336.0
14741,817.0,0.0,31.0,0.0,14.0,0.0,2.0,618.0,518.0
14749,1.0,0.0,0.0,0.0,0.0,0.0,21.0,1197.0,781.0
14775,0.0,0.0,0.0,0.0,0.0,0.0,0.0,1970.0,30.0
14778,0.0,0.0,0.0,0.0,2000.0,0.0,0.0,0.0,0.0
14785,0.0,0.0,0.0,0.0,0.0,0.0,1999.0,0.0,1.0
14807,0.0,0.0,0.0,0.0,2000.0,0.0,0.0,0.0,0.0
14810,19.0,0.0,3.0,0.0,1.0,763.0,51.0,5.0,1158.0
14814,0.0,0.0,0.0,0.0,0.0,0.0,145.0,1234.0,621.0
14845,0.0,0.0,0.0,0.0,0.0,0.0,0.0,1990.0,10.0
14848,0.0,0.0,0.0,0.0,0.0,0.0,0.0,1999.0,1.0
14861,340.0,0.0,55.0,0.0,5.0,0.0,139.0,1175.0,286.0
14868,0.0,0.0,0.0,0.0,0.0,87.0,0.0,0.0,1913.0
14903,1721.0,0.0,0.0,0.0,272.0,0.0,0.0,0.0,7.0
14909,10.0,0.0,0.0,0.0,710.0,573.0,13.0,0.0,694.0
14930,0.0,0.0,0.0,0.0,2000.0,0.0,0.0,0.0,0.0
14936,0.0,0.0,0.0,0.0,0.0,0.0,22.0,1941.0,37.0
14942,0.0,0.0,0.0,0.0,2000.0,0.0,0.0,0.0,0.0
14964,0.0,0.0,0.0,0.0,0.0,0.0,0.0,2000.0,0.0
14968,0.0,0.0,0.0,0.0,0.0,0.0,0.0,1985.0,15.0
14978,1.0,0.0,0.0,0.0,0.0,0.0,44.0,1506.0,449.0
14982,6.0,0.0,1.0,0.0,0.0,0.0,24.0,1413.0,556.0
14985,0.0,0.0,0.0,0.0,0.0,2000.0,0.0,0.0,0.0
14987,2000.0,0.0,0.0,0.0,0.0,0.0,0.0,0.0,0.0
14991,2000.0,0.0,0.0,0.0,0.0,0.0,0.0,0.0,0.0
14997,809.0,0.0,0.0,0.0,973.0,4.0,0.0,0.0,214.0
15006,0.0,0.0,0.0,0.0,0.0,0.0,0.0,1996.0,4.0
15012,495.0,0.0,57.0,0.0,4.0,65.0,0.0,383.0,996.0
15032,0.0,0.0,0.0,0.0,0.0,0.0,0.0,1997.0,3.0
15056,261.0,0.0,10.0,0.0,14.0,652.0,16.0,10.0,1037.0
15066,0.0,0.0,0.0,0.0,0.0,0.0,0.0,2000.0,0.0
15077,0.0,0.0,0.0,0.0,0.0,0.0,0.0,1981.0,19.0
15084,0.0,0.0,0.0,0.0,0.0,230.0,0.0,0.0,1770.0
15089,2000.0,0.0,0.0,0.0,0.0,0.0,0.0,0.0,0.0
15097,21.0,0.0,0.0,0.0,0.0,0.0,19.0,1133.0,827.0
15119,1998.0,0.0,0.0,0.0,0.0,0.0,0.0,1.0,1.0
15123,2.0,0.0,0.0,0.0,1980.0,6.0,0.0,0.0,12.0
15155,0.0,0.0,0.0,0.0,0.0,0.0,2000.0,0.0,0.0
15170,0.0,0.0,0.0,0.0,0.0,0.0,0.0,1929.0,71.0
15171,0.0,0.0,0.0,0.0,0.0,0.0,1470.0,0.0,530.0
15182,80.0,0.0,0.0,0.0,0.0,7.0,889.0,21.0,1003.0
15198,10.0,0.0,0.0,0.0,1983.0,7.0,0.0,0.0,0.0
15207,187.0,0.0,3.0,0.0,7.0,306.0,75.0,11.0,1411.0
15214,0.0,0.0,0.0,0.0,0.0,0.0,0.0,1974.0,26.0
15216,0.0,0.0,1960.0,0.0,0.0,0.0,40.0,0.0,0.0
15240,0.0,0.0,0.0,0.0,0.0,0.0,0.0,2000.0,0.0
15241,0.0,0.0,0.0,0.0,0.0,0.0,9.0,1596.0,395.0
15266,0.0,0.0,0.0,0.0,0.0,0.0,6.0,1752.0,242.0
15298,0.0,0.0,0.0,0.0,0.0,0.0,0.0,1997.0,3.0
15307,0.0,0.0,0.0,0.0,0.0,0.0,1933.0,0.0,67.0
15331,0.0,0.0,0.0,0.0,0.0,0.0,2.0,1780.0,218.0
15336,0.0,0.0,0.0,0.0,0.0,0.0,0.0,2000.0,0.0
15345,0.0,0.0,0.0,0.0,0.0,0.0,22.0,1805.0,173.0
15352,687.0,0.0,6.0,0.0,26.0,921.0,146.0,0.0,214.0
15358,0.0,0.0,0.0,0.0,0.0,0.0,0.0,0.0,2000.0
15360,0.0,0.0,0.0,0.0,0.0,0.0,0.0,2000.0,0.0
15363,0.0,0.0,0.0,0.0,0.0,0.0,0.0,1973.0,27.0
15368,0.0,0.0,0.0,0.0,0.0,0.0,5.0,1768.0,227.0
15369,0.0,0.0,0.0,0.0,0.0,0.0,1921.0,0.0,79.0
15394,702.0,0.0,182.0,0.0,29.0,0.0,0.0,343.0,744.0
15426,0.0,0.0,0.0,0.0,0.0,0.0,3.0,1974.0,23.0
15432,0.0,0.0,0.0,0.0,0.0,0.0,1491.0,1.0,508.0
15436,0.0,0.0,0.0,0.0,0.0,0.0,2000.0,0.0,0.0
15439,76.0,0.0,0.0,0.0,119.0,124.0,0.0,1.0,1680.0
15446,0.0,0.0,0.0,0.0,0.0,0.0,0.0,2000.0,0.0
15457,0.0,0.0,0.0,0.0,0.0,0.0,0.0,2000.0,0.0
15461,411.0,0.0,31.0,0.0,7.0,19.0,6.0,989.0,537.0
15462,727.0,0.0,20.0,0.0,0.0,0.0,177.0,758.0,318.0
15470,0.0,0.0,0.0,0.0,0.0,0.0,0.0,2000.0,0.0
15471,0.0,0.0,0.0,0.0,0.0,0.0,2.0,1530.0,468.0
15490,0.0,0.0,0.0,0.0,0.0,67.0,0.0,0.0,1933.0
15498,0.0,0.0,0.0,0.0,380.0,347.0,0.0,0.0,1273.0
15508,0.0,0.0,0.0,0.0,0.0,0.0,0.0,2000.0,0.0
15522,0.0,0.0,0.0,0.0,0.0,0.0,0.0,2000.0,0.0
15526,306.0,0.0,57.0,0.0,4.0,5.0,1.0,1103.0,524.0
15535,135.0,0.0,5.0,0.0,0.0,136.0,0.0,8.0,1716.0
15537,0.0,0.0,0.0,0.0,0.0,0.0,27.0,1473.0,500.0
15550,600.0,0.0,0.0,0.0,1162.0,0.0,0.0,0.0,238.0
15558,1988.0,0.0,0.0,0.0,5.0,0.0,0.0,0.0,7.0
15563,0.0,0.0,0.0,0.0,0.0,0.0,0.0,2000.0,0.0
15564,0.0,0.0,0.0,0.0,0.0,0.0,97.0,1726.0,177.0
15565,1.0,0.0,0.0,0.0,0.0,0.0,2.0,1165.0,832.0
15590,2.0,0.0,0.0,0.0,0.0,0.0,107.0,1216.0,675.0
15596,0.0,0.0,0.0,0.0,2000.0,0.0,0.0,0.0,0.0
15597,458.0,0.0,75.0,0.0,9.0,0.0,1.0,1187.0,270.0
15614,0.0,0.0,0.0,0.0,0.0,0.0,98.0,1222.0,680.0
15620,0.0,0.0,0.0,0.0,0.0,0.0,0.0,1369.0,631.0
15628,7.0,0.0,0.0,0.0,0.0,1.0,104.0,1049.0,839.0
15632,0.0,0.0,0.0,0.0,0.0,0.0,0.0,1994.0,6.0
15643,0.0,0.0,0.0,0.0,353.0,5.0,0.0,0.0,1642.0
15653,1250.0,0.0,32.0,0.0,0.0,0.0,238.0,148.0,332.0
15655,5.0,0.0,1.0,0.0,0.0,1.0,6.0,1733.0,254.0
15665,0.0,0.0,0.0,0.0,0.0,0.0,2000.0,0.0,0.0
15667,0.0,0.0,0.0,0.0,0.0,0.0,2000.0,0.0,0.0
15678,1791.0,0.0,0.0,0.0,5.0,3.0,12.0,0.0,189.0
15704,0.0,0.0,0.0,0.0,0.0,0.0,5.0,1103.0,892.0
15707,0.0,0.0,0.0,0.0,2000.0,0.0,0.0,0.0,0.0
15712,340.0,0.0,2.0,0.0,0.0,0.0,1525.0,9.0,124.0
15716,0.0,0.0,0.0,0.0,0.0,0.0,0.0,1985.0,15.0
15720,0.0,0.0,0.0,0.0,0.0,0.0,0.0,2000.0,0.0
15721,0.0,0.0,0.0,0.0,0.0,0.0,119.0,1380.0,501.0
15739,0.0,0.0,0.0,0.0,0.0,0.0,124.0,1090.0,786.0
15741,330.0,0.0,0.0,0.0,3.0,10.0,612.0,138.0,907.0
15747,0.0,0.0,0.0,0.0,0.0,0.0,1.0,1846.0,153.0
15760,0.0,0.0,0.0,0.0,0.0,560.0,0.0,0.0,1440.0
15789,0.0,0.0,0.0,0.0,0.0,0.0,0.0,2000.0,0.0
15790,5.0,0.0,1.0,0.0,0.0,0.0,1.0,1647.0,346.0
15808,0.0,0.0,0.0,0.0,0.0,0.0,2000.0,0.0,0.0
15814,2000.0,0.0,0.0,0.0,0.0,0.0,0.0,0.0,0.0
15817,0.0,0.0,0.0,0.0,2000.0,0.0,0.0,0.0,0.0
15821,52.0,0.0,0.0,0.0,1483.0,319.0,0.0,0.0,146.0
15826,0.0,0.0,0.0,0.0,0.0,0.0,0.0,1996.0,4.0
15830,0.0,0.0,0.0,0.0,2000.0,0.0,0.0,0.0,0.0
15842,520.0,0.0,3.0,0.0,8.0,237.0,2.0,6.0,1224.0
15846,238.0,0.0,2.0,0.0,194.0,77.0,0.0,0.0,1489.0
15852,11.0,0.0,0.0,0.0,0.0,1.0,24.0,1454.0,510.0
15855,11.0,0.0,1.0,0.0,0.0,16.0,108.0,609.0,1255.0
15858,0.0,0.0,0.0,0.0,0.0,0.0,0.0,2000.0,0.0
15865,0.0,0.0,0.0,0.0,0.0,0.0,303.0,845.0,852.0
15881,60.0,0.0,1.0,0.0,0.0,0.0,94.0,599.0,1246.0
15889,0.0,0.0,0.0,0.0,0.0,0.0,0.0,1766.0,234.0
15901,0.0,0.0,0.0,0.0,0.0,0.0,813.0,13.0,1174.0
15912,0.0,0.0,0.0,0.0,0.0,2000.0,0.0,0.0,0.0
15929,0.0,0.0,0.0,0.0,0.0,0.0,0.0,2000.0,0.0
15941,0.0,0.0,0.0,0.0,0.0,0.0,0.0,2000.0,0.0
15944,1.0,0.0,0.0,0.0,0.0,0.0,32.0,1504.0,463.0
15945,0.0,0.0,0.0,0.0,0.0,221.0,0.0,0.0,1779.0
15953,0.0,0.0,0.0,0.0,2000.0,0.0,0.0,0.0,0.0
15954,0.0,0.0,0.0,0.0,0.0,0.0,9.0,1256.0,735.0
15958,7.0,0.0,0.0,0.0,0.0,0.0,497.0,770.0,726.0
15959,0.0,0.0,0.0,0.0,0.0,0.0,0.0,2000.0,0.0
15965,0.0,0.0,0.0,0.0,0.0,1936.0,0.0,0.0,64.0
15988,0.0,0.0,0.0,0.0,0.0,0.0,13.0,0.0,1987.0
16007,0.0,0.0,0.0,0.0,0.0,0.0,15.0,1899.0,86.0
16008,0.0,0.0,0.0,0.0,0.0,0.0,0.0,2000.0,0.0
16013,27.0,0.0,1.0,0.0,12.0,404.0,1.0,1.0,1554.0
16014,3.0,0.0,0.0,0.0,1984.0,2.0,1.0,0.0,10.0
16032,0.0,0.0,1.0,0.0,0.0,0.0,1504.0,418.0,77.0
16037,0.0,0.0,0.0,0.0,0.0,0.0,0.0,2000.0,0.0
16044,0.0,0.0,0.0,0.0,0.0,0.0,0.0,2000.0,0.0
16045,0.0,0.0,0.0,0.0,0.0,0.0,1.0,1650.0,349.0
16048,391.0,0.0,36.0,0.0,26.0,0.0,65.0,119.0,1363.0
16051,2000.0,0.0,0.0,0.0,0.0,0.0,0.0,0.0,0.0
16066,0.0,0.0,0.0,0.0,0.0,0.0,0.0,1314.0,686.0
16089,1016.0,0.0,0.0,0.0,775.0,0.0,0.0,0.0,209.0
16095,0.0,0.0,0.0,0.0,0.0,0.0,0.0,2000.0,0.0
16098,1.0,0.0,0.0,0.0,0.0,0.0,2.0,1680.0,317.0
16107,0.0,0.0,0.0,0.0,0.0,0.0,0.0,2000.0,0.0
16119,0.0,0.0,0.0,0.0,0.0,0.0,0.0,2000.0,0.0
16125,1176.0,0.0,59.0,0.0,26.0,5.0,0.0,71.0,663.0
16155,3.0,0.0,0.0,0.0,0.0,0.0,340.0,1063.0,594.0
16160,0.0,0.0,0.0,0.0,0.0,0.0,0.0,1999.0,1.0
16162,0.0,0.0,0.0,0.0,0.0,0.0,0.0,2000.0,0.0
16173,0.0,0.0,0.0,0.0,0.0,0.0,1.0,1928.0,71.0
16174,0.0,0.0,0.0,0.0,0.0,0.0,4.0,1728.0,268.0
16179,0.0,0.0,0.0,0.0,0.0,0.0,10.0,1473.0,517.0
16187,0.0,0.0,0.0,0.0,0.0,0.0,8.0,1877.0,115.0
16196,488.0,0.0,0.0,0.0,1475.0,0.0,0.0,0.0,37.0
16203,0.0,0.0,0.0,0.0,0.0,0.0,0.0,1999.0,1.0
16207,202.0,0.0,0.0,0.0,16.0,1781.0,0.0,0.0,1.0
16228,1.0,0.0,0.0,0.0,0.0,0.0,137.0,1264.0,598.0
16230,2000.0,0.0,0.0,0.0,0.0,0.0,0.0,0.0,0.0
16231,0.0,0.0,0.0,0.0,0.0,330.0,0.0,0.0,1670.0
16253,0.0,0.0,0.0,0.0,0.0,0.0,0.0,1998.0,2.0
16255,0.0,0.0,0.0,0.0,0.0,0.0,0.0,1822.0,178.0
16257,0.0,0.0,0.0,0.0,0.0,0.0,0.0,0.0,2000.0
16264,0.0,0.0,0.0,0.0,0.0,0.0,0.0,1994.0,6.0
16275,0.0,0.0,1.0,0.0,0.0,0.0,4.0,1844.0,151.0
16277,0.0,0.0,0.0,0.0,0.0,0.0,0.0,1953.0,47.0
16297,0.0,0.0,0.0,0.0,0.0,0.0,6.0,1731.0,263.0
16318,0.0,0.0,0.0,0.0,0.0,0.0,5.0,1268.0,727.0
16331,0.0,0.0,0.0,0.0,0.0,0.0,7.0,1496.0,497.0
16332,0.0,0.0,0.0,0.0,0.0,1892.0,0.0,0.0,108.0
16347,12.0,0.0,1.0,0.0,0.0,0.0,73.0,902.0,1012.0
16350,28.0,0.0,6.0,391.0,0.0,0.0,0.0,0.0,1575.0
16357,0.0,0.0,0.0,0.0,0.0,1269.0,0.0,0.0,731.0
16393,431.0,0.0,0.0,0.0,1563.0,0.0,0.0,0.0,6.0
16398,9.0,0.0,1.0,0.0,0.0,3.0,0.0,1622.0,365.0
16415,0.0,0.0,0.0,0.0,0.0,0.0,0.0,1989.0,11.0
16424,0.0,0.0,0.0,0.0,2000.0,0.0,0.0,0.0,0.0
16428,0.0,0.0,0.0,0.0,0.0,0.0,0.0,1998.0,2.0
16432,1.0,0.0,0.0,0.0,0.0,0.0,5.0,1567.0,427.0
16435,748.0,0.0,1.0,0.0,15.0,113.0,7.0,2.0,1114.0
16447,383.0,0.0,0.0,0.0,6.0,389.0,1.0,0.0,1221.0
16461,2000.0,0.0,0.0,0.0,0.0,0.0,0.0,0.0,0.0
16470,0.0,0.0,0.0,0.0,0.0,67.0,0.0,0.0,1933.0
16479,0.0,0.0,0.0,0.0,0.0,0.0,378.0,48.0,1574.0
16492,0.0,0.0,0.0,0.0,0.0,0.0,0.0,1992.0,8.0
16512,20.0,0.0,1.0,0.0,0.0,1.0,61.0,970.0,947.0
16519,1.0,0.0,0.0,0.0,0.0,0.0,94.0,1193.0,712.0
16520,0.0,0.0,0.0,0.0,0.0,0.0,316.0,1175.0,509.0
16530,12.0,0.0,0.0,0.0,3.0,1322.0,2.0,0.0,661.0
16532,0.0,0.0,0.0,0.0,0.0,78.0,0.0,0.0,1922.0
16543,0.0,0.0,0.0,0.0,0.0,0.0,2.0,1109.0,889.0
16550,0.0,0.0,0.0,0.0,0.0,0.0,208.0,781.0,1011.0
16555,0.0,0.0,0.0,0.0,0.0,0.0,0.0,2000.0,0.0
16559,1661.0,0.0,1.0,0.0,276.0,0.0,0.0,0.0,62.0
16565,0.0,0.0,0.0,0.0,2000.0,0.0,0.0,0.0,0.0
16567,0.0,0.0,0.0,0.0,0.0,0.0,0.0,2000.0,0.0
16570,0.0,0.0,0.0,0.0,0.0,0.0,49.0,1308.0,643.0
16574,0.0,0.0,0.0,0.0,0.0,0.0,0.0,2000.0,0.0
16579,0.0,0.0,0.0,0.0,0.0,0.0,1.0,1999.0,0.0
16582,0.0,0.0,0.0,0.0,0.0,0.0,0.0,2000.0,0.0
16588,508.0,0.0,0.0,0.0,1450.0,0.0,0.0,0.0,42.0
16593,0.0,0.0,0.0,0.0,0.0,0.0,0.0,1999.0,1.0
16606,6.0,0.0,0.0,0.0,0.0,0.0,613.0,372.0,1009.0
16611,0.0,0.0,0.0,0.0,0.0,0.0,2.0,1605.0,393.0
16632,0.0,0.0,0.0,0.0,0.0,0.0,0.0,1999.0,1.0
16641,1923.0,0.0,0.0,0.0,31.0,0.0,0.0,0.0,46.0
16647,0.0,0.0,0.0,0.0,0.0,0.0,1228.0,1.0,771.0
16650,0.0,0.0,0.0,0.0,0.0,0.0,0.0,1455.0,545.0
16660,2000.0,0.0,0.0,0.0,0.0,0.0,0.0,0.0,0.0
16663,12.0,0.0,0.0,0.0,0.0,0.0,60.0,1316.0,612.0
16669,0.0,0.0,0.0,0.0,0.0,0.0,0.0,1992.0,8.0
16673,0.0,0.0,0.0,0.0,2000.0,0.0,0.0,0.0,0.0
16679,104.0,0.0,0.0,0.0,1883.0,0.0,0.0,0.0,13.0
16693,0.0,0.0,0.0,0.0,2000.0,0.0,0.0,0.0,0.0
16697,28.0,0.0,0.0,0.0,1967.0,0.0,0.0,0.0,5.0
16710,0.0,0.0,0.0,0.0,0.0,0.0,0.0,2000.0,0.0
16723,0.0,0.0,0.0,0.0,0.0,0.0,0.0,2000.0,0.0
16725,0.0,0.0,0.0,0.0,0.0,2000.0,0.0,0.0,0.0
16735,0.0,0.0,0.0,0.0,0.0,0.0,5.0,1634.0,361.0
16779,426.0,0.0,0.0,0.0,1543.0,0.0,0.0,0.0,31.0
16785,0.0,0.0,0.0,0.0,0.0,0.0,0.0,2000.0,0.0
16790,0.0,0.0,0.0,0.0,0.0,0.0,307.0,0.0,1693.0
16799,0.0,0.0,0.0,0.0,0.0,0.0,1780.0,0.0,220.0
16801,10.0,0.0,0.0,0.0,0.0,0.0,7.0,1449.0,534.0
16804,0.0,0.0,0.0,0.0,0.0,881.0,0.0,0.0,1119.0
16809,0.0,0.0,0.0,0.0,0.0,0.0,0.0,1998.0,2.0
16822,0.0,0.0,0.0,0.0,0.0,0.0,96.0,1755.0,149.0
16824,0.0,0.0,0.0,0.0,0.0,0.0,0.0,1960.0,40.0
16832,0.0,0.0,0.0,0.0,0.0,0.0,2000.0,0.0,0.0
16833,0.0,0.0,0.0,0.0,0.0,0.0,0.0,1961.0,39.0
16836,0.0,0.0,0.0,0.0,0.0,119.0,0.0,0.0,1881.0
16861,0.0,0.0,0.0,0.0,0.0,0.0,0.0,2000.0,0.0
16878,0.0,0.0,0.0,0.0,0.0,31.0,0.0,0.0,1969.0
16883,0.0,0.0,0.0,0.0,0.0,0.0,0.0,1988.0,12.0
16894,739.0,0.0,0.0,0.0,1237.0,0.0,0.0,0.0,24.0
16905,0.0,0.0,0.0,0.0,36.0,1905.0,0.0,0.0,59.0
16908,1.0,0.0,0.0,0.0,0.0,0.0,51.0,1467.0,481.0
16911,0.0,0.0,0.0,0.0,0.0,1962.0,0.0,0.0,38.0
16919,0.0,0.0,0.0,0.0,2000.0,0.0,0.0,0.0,0.0
16922,0.0,0.0,0.0,0.0,0.0,380.0,0.0,0.0,1620.0
16950,0.0,0.0,0.0,0.0,0.0,0.0,1431.0,23.0,546.0
16977,0.0,0.0,0.0,0.0,2000.0,0.0,0.0,0.0,0.0
16984,25.0,0.0,1.0,0.0,0.0,2.0,40.0,1230.0,702.0
16990,30.0,0.0,0.0,0.0,0.0,0.0,242.0,923.0,805.0
16993,0.0,0.0,0.0,0.0,0.0,0.0,0.0,2000.0,0.0
17006,0.0,0.0,0.0,0.0,0.0,0.0,0.0,1998.0,2.0
17015,0.0,0.0,0.0,0.0,2000.0,0.0,0.0,0.0,0.0
17022,9.0,0.0,0.0,0.0,4.0,286.0,305.0,0.0,1396.0
17024,2.0,0.0,0.0,0.0,0.0,0.0,10.0,1764.0,224.0
17032,0.0,0.0,0.0,0.0,0.0,0.0,2000.0,0.0,0.0
17066,0.0,0.0,0.0,0.0,0.0,0.0,19.0,1469.0,512.0
17086,8.0,0.0,0.0,0.0,0.0,0.0,12.0,1260.0,720.0
17092,2000.0,0.0,0.0,0.0,0.0,0.0,0.0,0.0,0.0
17104,0.0,0.0,0.0,0.0,0.0,0.0,1842.0,90.0,68.0
17105,0.0,0.0,0.0,0.0,0.0,0.0,7.0,1907.0,86.0
17111,13.0,0.0,0.0,0.0,0.0,0.0,125.0,731.0,1131.0
17116,0.0,0.0,0.0,0.0,0.0,0.0,0.0,2000.0,0.0
17120,1.0,0.0,0.0,0.0,863.0,545.0,119.0,0.0,472.0
17124,0.0,0.0,1.0,0.0,0.0,0.0,0.0,1934.0,65.0
17143,2.0,0.0,3.0,0.0,0.0,0.0,153.0,717.0,1125.0
17148,1135.0,0.0,0.0,0.0,748.0,0.0,0.0,0.0,117.0
17153,0.0,0.0,0.0,0.0,0.0,0.0,0.0,2000.0,0.0
17155,1.0,0.0,0.0,0.0,0.0,0.0,3.0,1505.0,491.0
17160,0.0,0.0,0.0,0.0,0.0,0.0,0.0,2000.0,0.0
17188,0.0,0.0,0.0,0.0,0.0,0.0,0.0,2000.0,0.0
17193,1103.0,0.0,0.0,0.0,829.0,1.0,0.0,0.0,67.0
17198,0.0,0.0,0.0,0.0,0.0,0.0,0.0,1994.0,6.0
17218,2.0,0.0,0.0,0.0,35.0,275.0,0.0,0.0,1688.0
17228,0.0,0.0,0.0,0.0,0.0,0.0,0.0,1999.0,1.0
17230,0.0,0.0,0.0,0.0,0.0,0.0,22.0,1451.0,527.0
17234,0.0,0.0,0.0,0.0,1156.0,23.0,0.0,0.0,821.0
17237,0.0,0.0,0.0,0.0,0.0,0.0,0.0,2000.0,0.0
17248,29.0,0.0,0.0,0.0,1197.0,314.0,0.0,0.0,460.0
17249,2000.0,0.0,0.0,0.0,0.0,0.0,0.0,0.0,0.0
17278,26.0,0.0,0.0,0.0,0.0,433.0,5.0,0.0,1536.0
17287,0.0,0.0,0.0,0.0,0.0,0.0,0.0,1992.0,8.0
17292,3.0,0.0,0.0,0.0,1997.0,0.0,0.0,0.0,0.0
17294,2000.0,0.0,0.0,0.0,0.0,0.0,0.0,0.0,0.0
17343,0.0,0.0,0.0,0.0,0.0,0.0,16.0,1606.0,378.0
17366,2.0,0.0,0.0,0.0,0.0,585.0,3.0,0.0,1410.0
17379,1998.0,0.0,0.0,0.0,1.0,0.0,0.0,0.0,1.0
17383,72.0,0.0,7.0,0.0,1.0,2.0,8.0,1492.0,418.0
17386,3.0,0.0,1.0,0.0,0.0,0.0,9.0,1769.0,218.0
17388,0.0,0.0,0.0,0.0,0.0,0.0,0.0,1965.0,35.0
17415,3.0,0.0,1.0,0.0,0.0,0.0,115.0,1185.0,696.0
17427,0.0,0.0,0.0,0.0,0.0,0.0,0.0,1833.0,167.0
17428,0.0,0.0,0.0,0.0,0.0,0.0,2.0,1908.0,90.0
17432,1.0,0.0,0.0,0.0,0.0,0.0,107.0,1394.0,498.0
17435,3.0,0.0,0.0,0.0,0.0,0.0,19.0,1416.0,562.0
17444,0.0,0.0,0.0,0.0,0.0,0.0,0.0,2000.0,0.0
17448,165.0,0.0,4.0,0.0,0.0,0.0,180.0,553.0,1098.0
17464,0.0,0.0,0.0,0.0,0.0,0.0,1.0,1188.0,811.0
17508,0.0,0.0,0.0,0.0,0.0,0.0,0.0,1987.0,13.0
17509,0.0,0.0,0.0,0.0,2000.0,0.0,0.0,0.0,0.0
17511,0.0,0.0,0.0,0.0,0.0,0.0,0.0,2000.0,0.0
17516,0.0,0.0,0.0,0.0,218.0,72.0,1.0,0.0,1709.0
17526,1.0,0.0,0.0,0.0,0.0,0.0,9.0,1473.0,517.0
17528,0.0,0.0,0.0,0.0,2000.0,0.0,0.0,0.0,0.0
17530,1.0,0.0,0.0,0.0,0.0,0.0,23.0,1830.0,146.0
17533,1.0,0.0,1.0,0.0,0.0,0.0,0.0,1969.0,29.0
17546,26.0,0.0,0.0,0.0,8.0,1826.0,0.0,0.0,140.0
17551,0.0,0.0,0.0,0.0,0.0,0.0,0.0,1998.0,2.0
17556,0.0,0.0,0.0,0.0,0.0,438.0,0.0,0.0,1562.0
17584,628.0,0.0,0.0,0.0,1278.0,0.0,0.0,0.0,94.0
17624,0.0,0.0,0.0,0.0,0.0,0.0,0.0,1935.0,65.0
17636,264.0,0.0,3.0,0.0,14.0,99.0,75.0,567.0,978.0
17640,0.0,0.0,0.0,0.0,0.0,0.0,7.0,1703.0,290.0
17662,0.0,0.0,0.0,0.0,0.0,0.0,1.0,1749.0,250.0
17663,0.0,0.0,0.0,0.0,0.0,0.0,1.0,1844.0,155.0
17665,0.0,0.0,0.0,0.0,2000.0,0.0,0.0,0.0,0.0
17666,0.0,0.0,0.0,0.0,0.0,0.0,6.0,1354.0,640.0
17668,5.0,0.0,0.0,0.0,0.0,496.0,0.0,0.0,1499.0
17675,0.0,0.0,0.0,0.0,0.0,0.0,0.0,2000.0,0.0
17682,0.0,0.0,0.0,0.0,0.0,0.0,2000.0,0.0,0.0
17720,0.0,0.0,0.0,0.0,0.0,0.0,61.0,1444.0,495.0
17721,0.0,0.0,0.0,0.0,0.0,0.0,2000.0,0.0,0.0
17731,1324.0,0.0,0.0,0.0,590.0,0.0,0.0,0.0,86.0
17733,0.0,0.0,0.0,0.0,0.0,0.0,0.0,1998.0,2.0
17749,2000.0,0.0,0.0,0.0,0.0,0.0,0.0,0.0,0.0
17750,0.0,0.0,0.0,0.0,0.0,0.0,1.0,1607.0,392.0
17766,38.0,0.0,0.0,0.0,0.0,1.0,368.0,429.0,1164.0
17772,105.0,0.0,0.0,0.0,1890.0,0.0,0.0,0.0,5.0
17777,453.0,0.0,8.0,0.0,1.0,119.0,45.0,2.0,1372.0
17797,610.0,0.0,4.0,0.0,8.0,116.0,8.0,8.0,1246.0
17820,0.0,0.0,0.0,0.0,0.0,0.0,2.0,1751.0,247.0
17826,2.0,0.0,1.0,0.0,1.0,1512.0,1.0,0.0,483.0
17851,0.0,0.0,0.0,0.0,0.0,0.0,0.0,1999.0,1.0
17856,0.0,0.0,0.0,0.0,0.0,0.0,1.0,1998.0,1.0
17857,1.0,0.0,0.0,0.0,0.0,0.0,3.0,1608.0,388.0
17861,0.0,0.0,0.0,0.0,0.0,0.0,267.0,1114.0,619.0
17869,0.0,0.0,0.0,0.0,0.0,0.0,269.0,920.0,811.0
17871,0.0,0.0,0.0,0.0,0.0,0.0,0.0,1927.0,73.0
17879,0.0,0.0,0.0,0.0,0.0,0.0,0.0,2000.0,0.0
17882,0.0,0.0,0.0,0.0,0.0,0.0,0.0,2000.0,0.0
17895,0.0,0.0,0.0,0.0,0.0,0.0,0.0,2000.0,0.0
17899,0.0,0.0,0.0,0.0,0.0,0.0,8.0,1298.0,694.0
17909,575.0,0.0,17.0,0.0,16.0,45.0,0.0,37.0,1310.0
17920,0.0,0.0,0.0,0.0,0.0,0.0,674.0,0.0,1326.0
17926,76.0,0.0,3.0,0.0,0.0,1.0,89.0,1200.0,631.0
17932,0.0,0.0,0.0,0.0,0.0,0.0,2.0,1823.0,175.0
17965,0.0,0.0,0.0,0.0,0.0,0.0,592.0,269.0,1139.0
17967,0.0,0.0,0.0,0.0,0.0,0.0,0.0,1949.0,51.0
17969,0.0,0.0,0.0,0.0,0.0,0.0,5.0,1586.0,409.0
17971,0.0,0.0,0.0,0.0,0.0,1350.0,0.0,0.0,650.0
17973,0.0,0.0,0.0,0.0,2.0,1882.0,0.0,0.0,116.0
17990,373.0,0.0,7.0,0.0,144.0,223.0,1.0,5.0,1247.0
17992,0.0,0.0,0.0,0.0,0.0,1106.0,0.0,0.0,894.0
18003,0.0,0.0,0.0,0.0,0.0,0.0,0.0,2000.0,0.0
18006,0.0,0.0,0.0,0.0,0.0,0.0,15.0,1828.0,157.0
18024,0.0,0.0,0.0,0.0,0.0,0.0,2.0,1665.0,333.0
18031,1651.0,0.0,9.0,0.0,50.0,0.0,16.0,57.0,217.0
18038,1440.0,0.0,0.0,0.0,539.0,0.0,0.0,0.0,21.0
18041,65.0,0.0,4.0,0.0,1.0,27.0,16.0,1286.0,601.0
18049,1.0,0.0,0.0,0.0,0.0,0.0,5.0,1473.0,521.0
18050,0.0,0.0,0.0,0.0,0.0,0.0,0.0,2000.0,0.0
18054,75.0,0.0,1.0,0.0,1498.0,79.0,0.0,1.0,346.0
18065,0.0,0.0,0.0,0.0,0.0,0.0,8.0,1846.0,146.0
18073,72.0,0.0,0.0,0.0,985.0,391.0,0.0,2.0,550.0
18075,11.0,0.0,0.0,0.0,0.0,0.0,18.0,1413.0,558.0
18077,16.0,0.0,0.0,0.0,1983.0,0.0,0.0,0.0,1.0
18082,0.0,0.0,0.0,0.0,68.0,460.0,0.0,0.0,1472.0
18089,0.0,0.0,0.0,0.0,0.0,0.0,82.0,1101.0,817.0
18090,1.0,0.0,0.0,0.0,0.0,0.0,171.0,1350.0,478.0
18100,2.0,0.0,0.0,0.0,0.0,0.0,0.0,1460.0,538.0
18108,0.0,0.0,0.0,0.0,2000.0,0.0,0.0,0.0,0.0
18135,1.0,0.0,0.0,0.0,0.0,0.0,8.0,1558.0,433.0
18141,845.0,0.0,0.0,0.0,173.0,491.0,0.0,2.0,489.0
18164,0.0,0.0,0.0,0.0,0.0,0.0,0.0,1713.0,287.0
18168,0.0,0.0,0.0,0.0,3.0,888.0,0.0,0.0,1109.0
18173,0.0,0.0,0.0,0.0,0.0,0.0,0.0,1965.0,35.0
18183,0.0,0.0,0.0,0.0,0.0,2000.0,0.0,0.0,0.0
18186,0.0,0.0,0.0,0.0,0.0,0.0,0.0,1999.0,1.0
18187,0.0,0.0,0.0,0.0,0.0,0.0,0.0,1998.0,2.0
18188,0.0,0.0,0.0,0.0,0.0,0.0,0.0,2000.0,0.0
18193,0.0,0.0,0.0,0.0,0.0,0.0,0.0,2000.0,0.0
18202,0.0,0.0,0.0,0.0,0.0,0.0,0.0,2000.0,0.0
18212,0.0,0.0,0.0,0.0,0.0,0.0,0.0,2000.0,0.0
18221,3.0,0.0,2.0,0.0,0.0,0.0,49.0,1636.0,310.0
18222,1931.0,0.0,10.0,0.0,0.0,0.0,44.0,6.0,9.0
18235,1.0,0.0,0.0,0.0,0.0,0.0,0.0,1562.0,437.0
18242,0.0,0.0,0.0,0.0,0.0,0.0,1900.0,0.0,100.0
18244,20.0,0.0,0.0,0.0,0.0,0.0,715.0,334.0,931.0
18255,132.0,0.0,2.0,0.0,2.0,380.0,2.0,3.0,1479.0
18279,0.0,0.0,0.0,0.0,0.0,0.0,0.0,2000.0,0.0
18292,284.0,0.0,0.0,0.0,0.0,223.0,2.0,0.0,1491.0
18300,2.0,0.0,0.0,0.0,0.0,0.0,63.0,1219.0,716.0
18301,995.0,0.0,3.0,0.0,0.0,0.0,325.0,170.0,507.0
18322,0.0,0.0,0.0,0.0,0.0,0.0,7.0,1617.0,376.0
18331,0.0,0.0,0.0,0.0,0.0,0.0,0.0,2000.0,0.0
18345,0.0,0.0,0.0,0.0,0.0,0.0,7.0,1558.0,435.0
18364,467.0,0.0,3.0,0.0,195.0,48.0,0.0,1.0,1286.0
18373,0.0,0.0,0.0,0.0,0.0,877.0,0.0,0.0,1123.0
18375,205.0,0.0,1.0,0.0,0.0,0.0,112.0,242.0,1440.0
18379,0.0,0.0,0.0,0.0,0.0,0.0,0.0,2000.0,0.0
18385,1849.0,0.0,4.0,0.0,1.0,1.0,16.0,15.0,114.0
18388,0.0,0.0,0.0,0.0,0.0,0.0,0.0,2000.0,0.0
18391,1962.0,0.0,3.0,0.0,0.0,0.0,6.0,8.0,21.0
18393,908.0,0.0,3.0,0.0,149.0,7.0,0.0,0.0,933.0
18409,0.0,0.0,0.0,0.0,0.0,1933.0,0.0,0.0,67.0
18414,307.0,0.0,0.0,0.0,1560.0,0.0,0.0,0.0,133.0
18425,84.0,0.0,0.0,0.0,25.0,31.0,0.0,2.0,1858.0
18436,0.0,0.0,0.0,0.0,0.0,0.0,0.0,1995.0,5.0
18440,0.0,0.0,0.0,0.0,0.0,0.0,2000.0,0.0,0.0
18451,0.0,0.0,0.0,0.0,0.0,0.0,0.0,2000.0,0.0
18464,0.0,0.0,0.0,0.0,0.0,0.0,0.0,1999.0,1.0
18465,0.0,0.0,0.0,0.0,0.0,0.0,0.0,1994.0,6.0
18486,1.0,0.0,0.0,0.0,0.0,0.0,6.0,975.0,1018.0
18487,0.0,0.0,0.0,0.0,0.0,0.0,0.0,1999.0,1.0
18504,0.0,0.0,0.0,0.0,0.0,32.0,0.0,0.0,1968.0
18515,0.0,0.0,0.0,0.0,0.0,9.0,0.0,0.0,1991.0
18517,0.0,0.0,0.0,0.0,0.0,2000.0,0.0,0.0,0.0
18519,840.0,0.0,2.0,0.0,0.0,0.0,87.0,288.0,783.0
18527,0.0,0.0,0.0,0.0,2000.0,0.0,0.0,0.0,0.0
18530,0.0,0.0,0.0,0.0,0.0,0.0,2.0,1385.0,613.0
18532,62.0,0.0,1.0,0.0,1.0,0.0,4.0,1344.0,588.0
18539,0.0,0.0,0.0,0.0,0.0,0.0,0.0,1998.0,2.0
18542,0.0,0.0,0.0,0.0,0.0,0.0,2000.0,0.0,0.0
18544,0.0,0.0,0.0,0.0,0.0,0.0,0.0,1843.0,157.0
18550,0.0,0.0,0.0,0.0,0.0,0.0,507.0,583.0,910.0
18582,0.0,0.0,0.0,0.0,0.0,0.0,0.0,1671.0,329.0
18605,0.0,0.0,0.0,0.0,0.0,0.0,0.0,2000.0,0.0
18623,0.0,0.0,0.0,0.0,0.0,0.0,0.0,1925.0,75.0
18631,0.0,0.0,0.0,0.0,0.0,0.0,0.0,2000.0,0.0
18636,0.0,0.0,0.0,0.0,0.0,0.0,14.0,1472.0,514.0
18637,0.0,0.0,0.0,0.0,0.0,0.0,97.0,1238.0,665.0
18644,1.0,0.0,0.0,0.0,0.0,0.0,26.0,1081.0,892.0
18651,1470.0,0.0,0.0,0.0,36.0,33.0,0.0,0.0,461.0
18658,0.0,0.0,0.0,0.0,0.0,0.0,0.0,2000.0,0.0
18660,0.0,0.0,0.0,0.0,0.0,0.0,0.0,1918.0,82.0
18683,0.0,0.0,0.0,0.0,0.0,0.0,1999.0,0.0,1.0
18729,0.0,0.0,0.0,0.0,0.0,0.0,3.0,1203.0,794.0
18741,0.0,0.0,0.0,0.0,0.0,0.0,134.0,1396.0,470.0
18742,0.0,0.0,0.0,0.0,0.0,0.0,0.0,1997.0,3.0
18745,0.0,0.0,0.0,0.0,0.0,0.0,285.0,1245.0,470.0
18764,0.0,0.0,0.0,0.0,0.0,0.0,0.0,2000.0,0.0
18783,0.0,0.0,0.0,0.0,0.0,0.0,368.0,849.0,783.0
18796,0.0,0.0,0.0,0.0,2000.0,0.0,0.0,0.0,0.0
18808,1315.0,0.0,90.0,0.0,98.0,19.0,0.0,53.0,425.0
18832,27.0,0.0,0.0,0.0,0.0,0.0,24.0,1106.0,843.0
18834,0.0,0.0,0.0,0.0,0.0,0.0,0.0,2000.0,0.0
18859,0.0,0.0,0.0,0.0,0.0,0.0,0.0,2000.0,0.0
18865,6.0,0.0,0.0,0.0,0.0,0.0,143.0,489.0,1362.0
18882,0.0,0.0,0.0,0.0,0.0,1126.0,0.0,0.0,874.0
18889,226.0,0.0,0.0,0.0,0.0,206.0,20.0,69.0,1479.0
18893,0.0,0.0,0.0,0.0,0.0,0.0,4.0,1539.0,457.0
18898,0.0,0.0,0.0,0.0,0.0,0.0,17.0,1930.0,53.0
18903,0.0,0.0,0.0,0.0,0.0,0.0,0.0,2000.0,0.0
18907,0.0,0.0,0.0,0.0,0.0,0.0,2000.0,0.0,0.0
18911,1.0,0.0,0.0,0.0,0.0,0.0,0.0,1861.0,138.0
18912,0.0,0.0,0.0,0.0,0.0,0.0,0.0,2000.0,0.0
18916,431.0,0.0,0.0,0.0,1517.0,0.0,0.0,0.0,52.0
18922,0.0,0.0,0.0,0.0,0.0,0.0,0.0,1931.0,69.0
18926,0.0,0.0,0.0,0.0,0.0,0.0,0.0,1997.0,3.0
18927,2000.0,0.0,0.0,0.0,0.0,0.0,0.0,0.0,0.0
18931,0.0,0.0,0.0,0.0,0.0,0.0,1755.0,0.0,245.0
18933,0.0,0.0,0.0,0.0,0.0,0.0,7.0,1923.0,70.0
18941,1.0,0.0,0.0,0.0,0.0,0.0,17.0,1227.0,755.0
18951,0.0,0.0,0.0,0.0,0.0,0.0,0.0,2000.0,0.0
18955,1630.0,0.0,0.0,0.0,281.0,0.0,0.0,0.0,89.0
18956,2000.0,0.0,0.0,0.0,0.0,0.0,0.0,0.0,0.0
18962,4.0,0.0,3.0,0.0,0.0,0.0,12.0,1704.0,277.0
18973,360.0,0.0,2.0,0.0,0.0,0.0,826.0,165.0,647.0
18987,0.0,0.0,0.0,0.0,0.0,0.0,2.0,1956.0,42.0
18999,0.0,0.0,0.0,0.0,0.0,0.0,5.0,1750.0,245.0
19000,205.0,0.0,1.0,0.0,0.0,0.0,653.0,165.0,976.0
19016,0.0,0.0,0.0,0.0,0.0,0.0,0.0,1996.0,4.0
19017,0.0,0.0,0.0,0.0,0.0,0.0,0.0,1998.0,2.0
19028,0.0,0.0,0.0,0.0,0.0,0.0,4.0,1302.0,694.0
19048,0.0,0.0,0.0,0.0,0.0,0.0,0.0,1902.0,98.0
19063,5.0,0.0,0.0,0.0,0.0,0.0,405.0,383.0,1207.0
19068,42.0,0.0,6.0,0.0,0.0,0.0,648.0,240.0,1064.0
19071,142.0,0.0,0.0,0.0,1847.0,0.0,0.0,0.0,11.0
19092,11.0,0.0,0.0,0.0,1989.0,0.0,0.0,0.0,0.0
19093,0.0,0.0,0.0,0.0,0.0,1937.0,0.0,0.0,63.0
19108,29.0,0.0,0.0,0.0,1930.0,0.0,0.0,0.0,41.0
19131,0.0,0.0,0.0,0.0,0.0,0.0,4.0,1940.0,56.0
19137,0.0,0.0,0.0,0.0,0.0,0.0,7.0,1949.0,44.0
19138,0.0,0.0,0.0,0.0,0.0,0.0,4.0,1955.0,41.0
19139,173.0,0.0,0.0,0.0,1806.0,0.0,0.0,0.0,21.0
19142,0.0,0.0,0.0,0.0,0.0,0.0,0.0,2000.0,0.0
19146,898.0,0.0,1.0,0.0,5.0,0.0,513.0,48.0,535.0
19149,0.0,0.0,0.0,0.0,0.0,0.0,0.0,2000.0,0.0
19160,0.0,0.0,0.0,0.0,0.0,0.0,0.0,2000.0,0.0
19165,420.0,0.0,0.0,0.0,2.0,203.0,1.0,0.0,1374.0
19171,0.0,0.0,0.0,0.0,0.0,0.0,8.0,1954.0,38.0
19189,0.0,0.0,0.0,0.0,0.0,0.0,0.0,2000.0,0.0
19190,678.0,0.0,0.0,0.0,160.0,175.0,0.0,0.0,987.0
19191,0.0,0.0,0.0,0.0,0.0,1875.0,0.0,0.0,125.0
19194,0.0,0.0,0.0,0.0,0.0,0.0,0.0,2000.0,0.0
19196,0.0,0.0,0.0,0.0,0.0,0.0,0.0,1664.0,336.0
19214,601.0,0.0,18.0,0.0,10.0,73.0,23.0,178.0,1097.0
19217,0.0,0.0,0.0,0.0,0.0,0.0,2000.0,0.0,0.0
19226,0.0,0.0,0.0,0.0,0.0,0.0,1.0,1552.0,447.0
19233,0.0,0.0,0.0,0.0,722.0,202.0,0.0,0.0,1076.0
19234,1.0,0.0,0.0,0.0,1997.0,0.0,0.0,0.0,2.0
19251,5.0,0.0,0.0,0.0,0.0,0.0,70.0,1441.0,484.0
19261,0.0,0.0,0.0,0.0,0.0,0.0,0.0,1777.0,223.0
19262,22.0,0.0,3.0,0.0,0.0,0.0,190.0,786.0,999.0
19287,0.0,0.0,0.0,0.0,0.0,0.0,0.0,1617.0,383.0
19320,0.0,0.0,0.0,0.0,0.0,0.0,657.0,0.0,1343.0
19352,0.0,0.0,0.0,0.0,0.0,0.0,0.0,1954.0,46.0
19353,0.0,0.0,0.0,0.0,0.0,0.0,2.0,1852.0,146.0
19365,0.0,0.0,0.0,0.0,0.0,0.0,540.0,886.0,574.0
19384,0.0,0.0,0.0,0.0,0.0,0.0,0.0,1845.0,155.0
19386,2.0,0.0,0.0,0.0,0.0,0.0,5.0,1561.0,432.0
19391,0.0,0.0,0.0,0.0,0.0,0.0,0.0,1995.0,5.0
19399,0.0,0.0,0.0,0.0,0.0,0.0,0.0,1993.0,7.0
19400,0.0,0.0,0.0,0.0,0.0,0.0,3.0,1720.0,277.0
19406,1095.0,0.0,7.0,0.0,132.0,0.0,0.0,106.0,660.0
19409,0.0,0.0,0.0,0.0,0.0,0.0,0.0,1996.0,4.0
19419,0.0,0.0,0.0,0.0,0.0,0.0,0.0,1999.0,1.0
19440,1.0,0.0,1.0,0.0,0.0,0.0,122.0,889.0,987.0
19450,0.0,0.0,0.0,0.0,0.0,0.0,2.0,1650.0,348.0
19458,59.0,0.0,2.0,0.0,0.0,0.0,5.0,1538.0,396.0
19477,0.0,0.0,0.0,0.0,0.0,0.0,5.0,1425.0,570.0
19480,0.0,0.0,0.0,0.0,0.0,903.0,0.0,0.0,1097.0
19483,0.0,0.0,0.0,0.0,0.0,0.0,1.0,1667.0,332.0
19484,0.0,0.0,0.0,0.0,0.0,0.0,13.0,1954.0,33.0
19497,19.0,0.0,3.0,0.0,0.0,0.0,124.0,1149.0,705.0
19498,831.0,0.0,334.0,0.0,0.0,1.0,0.0,682.0,152.0
19499,15.0,0.0,0.0,0.0,1982.0,0.0,0.0,0.0,3.0
19504,0.0,0.0,0.0,0.0,0.0,0.0,0.0,1999.0,1.0
19516,0.0,0.0,0.0,0.0,0.0,42.0,339.0,0.0,1619.0
19517,0.0,0.0,0.0,0.0,803.0,10.0,0.0,0.0,1187.0
19533,0.0,0.0,0.0,0.0,0.0,0.0,13.0,1272.0,715.0
19539,0.0,0.0,0.0,0.0,0.0,0.0,5.0,1955.0,40.0
19543,16.0,0.0,0.0,0.0,0.0,0.0,86.0,717.0,1181.0
19549,0.0,0.0,0.0,0.0,0.0,0.0,0.0,2000.0,0.0
19554,2000.0,0.0,0.0,0.0,0.0,0.0,0.0,0.0,0.0
19556,1.0,0.0,0.0,0.0,1998.0,0.0,0.0,0.0,1.0
19560,0.0,0.0,0.0,0.0,0.0,0.0,0.0,2000.0,0.0
19575,0.0,0.0,0.0,0.0,0.0,0.0,0.0,2000.0,0.0
19585,0.0,0.0,0.0,0.0,0.0,0.0,0.0,1995.0,5.0
19593,0.0,0.0,0.0,0.0,0.0,0.0,0.0,1890.0,110.0
19603,0.0,0.0,0.0,0.0,0.0,0.0,0.0,2000.0,0.0
19611,0.0,0.0,0.0,0.0,0.0,0.0,14.0,1629.0,357.0
19612,1.0,0.0,0.0,0.0,0.0,0.0,22.0,1116.0,861.0
19615,509.0,0.0,0.0,0.0,429.0,970.0,0.0,0.0,92.0
19619,0.0,0.0,0.0,0.0,0.0,0.0,0.0,2000.0,0.0
19624,0.0,0.0,0.0,0.0,0.0,0.0,8.0,0.0,1992.0
19629,0.0,0.0,0.0,0.0,0.0,0.0,0.0,1976.0,24.0
19630,4.0,0.0,0.0,0.0,0.0,638.0,0.0,0.0,1358.0
19641,0.0,0.0,0.0,0.0,0.0,0.0,4.0,1921.0,75.0
19645,14.0,0.0,0.0,0.0,932.0,31.0,3.0,0.0,1020.0
19675,0.0,0.0,0.0,0.0,0.0,1963.0,0.0,0.0,37.0
19690,485.0,0.0,1.0,0.0,0.0,6.0,954.0,12.0,542.0
19692,0.0,0.0,0.0,0.0,0.0,0.0,1740.0,0.0,260.0
19702,0.0,0.0,0.0,0.0,0.0,0.0,1.0,1989.0,10.0
19703,0.0,0.0,0.0,0.0,0.0,0.0,0.0,2000.0,0.0
19713,0.0,0.0,0.0,0.0,0.0,0.0,0.0,1916.0,84.0
19714,0.0,0.0,0.0,0.0,0.0,0.0,0.0,1892.0,108.0
19724,1673.0,0.0,31.0,0.0,69.0,0.0,4.0,6.0,217.0
19741,0.0,0.0,0.0,0.0,0.0,0.0,0.0,1997.0,3.0
19755,865.0,0.0,4.0,0.0,3.0,0.0,204.0,100.0,824.0
19760,0.0,0.0,0.0,0.0,0.0,0.0,1.0,1788.0,211.0
19781,0.0,0.0,0.0,0.0,0.0,0.0,0.0,1915.0,85.0
19799,0.0,0.0,0.0,0.0,0.0,0.0,6.0,1844.0,150.0
19800,0.0,0.0,0.0,0.0,0.0,0.0,1198.0,741.0,61.0
19811,1.0,0.0,0.0,0.0,1.0,0.0,3.0,1221.0,774.0
19837,0.0,0.0,0.0,0.0,0.0,0.0,0.0,1961.0,39.0
19841,2000.0,0.0,0.0,0.0,0.0,0.0,0.0,0.0,0.0
19846,6.0,0.0,2.0,0.0,0.0,0.0,19.0,1517.0,456.0
19856,0.0,0.0,0.0,0.0,0.0,0.0,10.0,1375.0,615.0
19858,2.0,0.0,0.0,0.0,0.0,0.0,4.0,1402.0,592.0
19859,894.0,0.0,158.0,0.0,15.0,64.0,3.0,426.0,440.0
19865,76.0,0.0,1.0,0.0,0.0,12.0,2.0,1334.0,575.0
19874,0.0,0.0,0.0,0.0,0.0,0.0,0.0,1997.0,3.0
19883,0.0,0.0,0.0,0.0,0.0,0.0,0.0,2000.0,0.0
19884,0.0,0.0,0.0,0.0,0.0,0.0,0.0,2000.0,0.0
19897,0.0,0.0,0.0,0.0,0.0,0.0,4.0,1630.0,366.0
19905,0.0,0.0,0.0,0.0,0.0,0.0,0.0,1971.0,29.0
19919,13.0,0.0,2.0,0.0,1.0,509.0,142.0,1.0,1332.0
19927,0.0,0.0,0.0,0.0,0.0,0.0,2000.0,0.0,0.0
19960,145.0,0.0,0.0,0.0,0.0,1.0,63.0,741.0,1050.0
19962,0.0,0.0,0.0,0.0,0.0,0.0,1.0,1723.0,276.0
19969,4.0,0.0,0.0,0.0,1986.0,0.0,0.0,0.0,10.0
19973,177.0,0.0,2.0,0.0,0.0,0.0,280.0,232.0,1309.0
19976,0.0,0.0,0.0,0.0,0.0,0.0,0.0,2000.0,0.0
19977,0.0,0.0,1.0,0.0,0.0,0.0,0.0,1494.0,505.0
19982,107.0,0.0,2.0,0.0,0.0,1.0,62.0,857.0,971.0
19996,75.0,0.0,0.0,0.0,1903.0,0.0,0.0,0.0,22.0
20019,1990.0,0.0,0.0,0.0,8.0,0.0,0.0,0.0,2.0
20044,1030.0,0.0,0.0,0.0,898.0,0.0,0.0,0.0,72.0
20061,0.0,0.0,0.0,0.0,0.0,0.0,0.0,2000.0,0.0
20081,347.0,0.0,2.0,0.0,4.0,91.0,14.0,1.0,1541.0
20083,1279.0,0.0,29.0,0.0,3.0,70.0,3.0,157.0,459.0
20091,35.0,0.0,0.0,0.0,1267.0,641.0,0.0,0.0,57.0
20110,343.0,0.0,5.0,0.0,1313.0,0.0,0.0,3.0,336.0
41510,0.0,0.0,0.0,0.0,0.0,0.0,10.0,1437.0,553.0
41515,1403.0,0.0,4.0,0.0,21.0,169.0,73.0,14.0,316.0
41592,4.0,0.0,0.0,0.0,0.0,0.0,1785.0,10.0,201.0
41625,740.0,0.0,3.0,0.0,7.0,111.0,1.0,1.0,1137.0
41635,9.0,0.0,2.0,0.0,0.0,0.0,435.0,555.0,999.0
41642,6.0,0.0,0.0,0.0,0.0,0.0,263.0,709.0,1022.0
41665,355.0,0.0,4.0,0.0,0.0,0.0,1046.0,66.0,529.0
41674,999.0,0.0,12.0,0.0,0.0,0.0,786.0,11.0,192.0
41713,410.0,0.0,10.0,0.0,21.0,292.0,237.0,41.0,989.0
41726,1.0,0.0,0.0,0.0,0.0,0.0,426.0,270.0,1303.0
41730,535.0,0.0,3.0,0.0,2.0,241.0,4.0,12.0,1203.0
41737,0.0,0.0,0.0,0.0,0.0,0.0,0.0,2000.0,0.0
41766,139.0,0.0,9.0,0.0,0.0,0.0,1380.0,36.0,436.0
41798,293.0,0.0,180.0,0.0,21.0,0.0,0.0,0.0,1506.0
41820,2.0,0.0,0.0,0.0,0.0,0.0,1955.0,6.0,37.0
41821,0.0,0.0,0.0,0.0,0.0,165.0,0.0,0.0,1835.0
41856,20.0,0.0,0.0,0.0,4.0,308.0,1.0,0.0,1667.0
41860,70.0,0.0,1.0,0.0,3.0,0.0,1890.0,3.0,33.0
41903,0.0,0.0,0.0,0.0,0.0,0.0,1.0,1503.0,496.0
41909,1398.0,0.0,3.0,0.0,81.0,0.0,21.0,29.0,468.0
41936,25.0,0.0,0.0,0.0,0.0,177.0,0.0,0.0,1798.0
41971,0.0,0.0,0.0,0.0,0.0,0.0,513.0,432.0,1055.0
41975,107.0,0.0,12.0,0.0,292.0,0.0,32.0,117.0,1440.0
41977,0.0,0.0,0.0,0.0,0.0,0.0,92.0,953.0,955.0
41979,1.0,0.0,0.0,0.0,0.0,0.0,38.0,1581.0,380.0
42005,0.0,0.0,0.0,0.0,0.0,0.0,17.0,1506.0,477.0
42021,0.0,0.0,0.0,0.0,0.0,768.0,0.0,0.0,1232.0
42025,0.0,0.0,0.0,0.0,0.0,11.0,5.0,0.0,1984.0
42044,47.0,0.0,0.0,0.0,0.0,0.0,458.0,0.0,1495.0
42049,336.0,0.0,5.0,0.0,3.0,200.0,3.0,5.0,1448.0
42054,898.0,0.0,6.0,0.0,0.0,5.0,698.0,0.0,393.0
42056,634.0,0.0,33.0,0.0,4.0,0.0,906.0,152.0,271.0
42066,0.0,0.0,0.0,0.0,0.0,0.0,0.0,1964.0,36.0
42068,1.0,0.0,0.0,0.0,0.0,0.0,973.0,515.0,511.0
42099,0.0,0.0,0.0,0.0,0.0,0.0,153.0,1059.0,788.0
42123,1.0,0.0,0.0,0.0,0.0,0.0,109.0,749.0,1141.0
42128,0.0,0.0,0.0,0.0,0.0,0.0,1997.0,0.0,3.0
42151,1.0,0.0,0.0,0.0,273.0,1628.0,11.0,0.0,87.0
42160,1104.0,0.0,1.0,0.0,0.0,1.0,725.0,0.0,169.0
42161,1.0,0.0,0.0,0.0,0.0,0.0,51.0,1421.0,527.0
42181,830.0,0.0,6.0,0.0,0.0,0.0,130.0,3.0,1031.0
42198,133.0,0.0,0.0,0.0,2.0,0.0,505.0,207.0,1153.0
42205,211.0,0.0,4.0,0.0,4.0,127.0,10.0,35.0,1609.0
42219,0.0,0.0,0.0,0.0,0.0,0.0,3.0,1534.0,463.0
42224,1392.0,0.0,13.0,0.0,0.0,0.0,471.0,1.0,123.0
42234,0.0,0.0,0.0,0.0,0.0,0.0,23.0,1436.0,541.0
42251,37.0,0.0,0.0,0.0,1.0,16.0,154.0,1006.0,786.0
42279,0.0,0.0,0.0,0.0,0.0,18.0,0.0,0.0,1982.0
42296,0.0,0.0,0.0,0.0,0.0,0.0,75.0,1591.0,334.0
42303,1331.0,0.0,0.0,0.0,5.0,35.0,224.0,3.0,402.0
42318,0.0,0.0,0.0,0.0,0.0,41.0,4.0,0.0,1955.0
42321,0.0,0.0,0.0,0.0,0.0,0.0,1538.0,0.0,462.0
42359,0.0,0.0,0.0,0.0,1.0,19.0,0.0,0.0,1980.0
42387,0.0,0.0,0.0,0.0,0.0,0.0,257.0,960.0,783.0
42412,16.0,0.0,0.0,0.0,0.0,0.0,0.0,0.0,1984.0
42467,0.0,0.0,0.0,0.0,0.0,0.0,1987.0,0.0,13.0
42490,423.0,0.0,8.0,0.0,7.0,336.0,15.0,10.0,1201.0
42492,47.0,0.0,1.0,0.0,0.0,0.0,1493.0,6.0,453.0
42502,0.0,0.0,0.0,0.0,0.0,0.0,1.0,1747.0,252.0
42503,987.0,0.0,0.0,0.0,919.0,1.0,0.0,0.0,93.0
42510,1475.0,0.0,0.0,0.0,461.0,0.0,0.0,0.0,64.0
42512,89.0,0.0,1.0,0.0,1.0,176.0,29.0,2.0,1702.0
42547,11.0,0.0,0.0,0.0,1.0,7.0,551.0,258.0,1172.0
42584,0.0,0.0,0.0,0.0,0.0,0.0,1529.0,8.0,463.0
42589,1984.0,0.0,1.0,0.0,0.0,0.0,0.0,15.0,0.0
42639,254.0,0.0,7.0,0.0,0.0,330.0,11.0,0.0,1398.0
42664,0.0,0.0,0.0,0.0,0.0,0.0,1997.0,1.0,2.0
42678,687.0,0.0,0.0,0.0,1234.0,0.0,0.0,0.0,79.0
42691,9.0,0.0,540.0,0.0,0.0,0.0,0.0,1.0,1450.0
42708,0.0,0.0,0.0,0.0,0.0,0.0,355.0,525.0,1120.0
42720,0.0,0.0,0.0,0.0,0.0,0.0,0.0,1983.0,17.0
42741,0.0,0.0,0.0,0.0,0.0,0.0,1699.0,3.0,298.0
42775,2.0,0.0,0.0,0.0,0.0,0.0,3.0,1485.0,510.0
42776,0.0,0.0,0.0,0.0,0.0,0.0,1989.0,2.0,9.0
42780,0.0,0.0,0.0,0.0,1.0,17.0,1965.0,0.0,17.0
42810,0.0,0.0,0.0,0.0,0.0,0.0,0.0,1993.0,7.0
42844,0.0,0.0,0.0,0.0,0.0,0.0,1977.0,11.0,12.0
42857,0.0,0.0,0.0,0.0,7.0,984.0,1.0,0.0,1008.0
42880,0.0,0.0,0.0,0.0,0.0,0.0,17.0,1561.0,422.0
42917,0.0,0.0,0.0,0.0,0.0,0.0,1857.0,15.0,128.0
42961,0.0,0.0,0.0,0.0,0.0,0.0,604.0,552.0,844.0
43005,0.0,0.0,0.0,0.0,0.0,4.0,838.0,26.0,1132.0
43006,253.0,0.0,3.0,0.0,38.0,67.0,768.0,3.0,868.0
43029,0.0,0.0,0.0,0.0,0.0,1070.0,0.0,0.0,930.0
43033,63.0,0.0,0.0,0.0,0.0,0.0,614.0,116.0,1207.0
43068,521.0,0.0,0.0,0.0,0.0,0.0,1169.0,0.0,310.0
43069,0.0,0.0,0.0,0.0,0.0,0.0,8.0,1522.0,470.0
43070,22.0,0.0,0.0,0.0,0.0,0.0,717.0,182.0,1079.0
43071,39.0,0.0,0.0,0.0,0.0,49.0,0.0,3.0,1909.0
43072,1532.0,0.0,1.0,0.0,161.0,63.0,1.0,4.0,238.0
43126,473.0,0.0,1.0,0.0,13.0,2.0,1449.0,7.0,55.0
43130,54.0,0.0,0.0,0.0,0.0,0.0,827.0,37.0,1082.0
43144,159.0,0.0,5.0,0.0,4.0,140.0,232.0,199.0,1261.0
43172,4.0,0.0,0.0,0.0,192.0,23.0,1636.0,1.0,144.0
43206,211.0,0.0,9.0,0.0,2.0,0.0,198.0,515.0,1065.0
43272,1757.0,0.0,46.0,0.0,0.0,0.0,15.0,26.0,156.0
43287,26.0,0.0,2.0,0.0,5.0,807.0,35.0,471.0,654.0
43295,159.0,0.0,2.0,0.0,7.0,166.0,921.0,37.0,708.0
43297,0.0,0.0,0.0,1146.0,0.0,0.0,0.0,0.0,854.0
43304,1405.0,0.0,140.0,0.0,0.0,0.0,235.0,8.0,212.0
43325,2.0,0.0,0.0,0.0,0.0,57.0,1931.0,0.0,10.0
43348,22.0,0.0,1.0,0.0,2.0,1383.0,2.0,0.0,590.0
43369,2.0,0.0,0.0,0.0,0.0,0.0,536.0,269.0,1193.0
43390,0.0,0.0,0.0,0.0,0.0,1.0,1987.0,2.0,10.0
43405,0.0,0.0,0.0,0.0,0.0,0.0,1.0,1931.0,68.0
43416,42.0,0.0,1.0,0.0,0.0,3.0,838.0,1.0,1115.0
43450,0.0,0.0,0.0,0.0,0.0,0.0,16.0,1689.0,295.0
43455,0.0,0.0,0.0,0.0,0.0,0.0,5.0,1523.0,472.0
43463,32.0,0.0,5.0,0.0,0.0,110.0,180.0,2.0,1671.0
43496,0.0,0.0,0.0,0.0,0.0,0.0,124.0,938.0,938.0
43524,0.0,0.0,0.0,0.0,0.0,0.0,4.0,1733.0,263.0
43534,1.0,0.0,0.0,0.0,0.0,0.0,267.0,0.0,1732.0
43568,0.0,0.0,0.0,0.0,0.0,0.0,1497.0,233.0,270.0
43569,0.0,0.0,0.0,0.0,0.0,1999.0,0.0,0.0,1.0
43634,1010.0,0.0,0.0,0.0,881.0,0.0,0.0,0.0,109.0
43639,3.0,0.0,1.0,0.0,0.0,0.0,35.0,1538.0,423.0
43640,68.0,0.0,0.0,0.0,0.0,0.0,105.0,702.0,1125.0
43672,0.0,0.0,0.0,0.0,0.0,0.0,1782.0,6.0,212.0
43677,29.0,0.0,0.0,0.0,1.0,639.0,2.0,0.0,1329.0
43712,80.0,0.0,0.0,0.0,284.0,1532.0,0.0,0.0,104.0
43745,59.0,0.0,0.0,0.0,6.0,0.0,1915.0,0.0,20.0
43751,436.0,0.0,2.0,0.0,1.0,0.0,558.0,72.0,931.0
43766,1851.0,0.0,0.0,0.0,0.0,148.0,0.0,0.0,1.0
43791,1311.0,0.0,2.0,0.0,45.0,132.0,4.0,1.0,505.0
43799,467.0,0.0,1.0,0.0,1364.0,0.0,38.0,0.0,130.0
43817,2.0,0.0,0.0,0.0,0.0,0.0,134.0,827.0,1037.0
43836,1997.0,0.0,2.0,0.0,0.0,0.0,0.0,0.0,1.0
43839,0.0,0.0,0.0,0.0,0.0,0.0,222.0,523.0,1255.0
43888,0.0,0.0,0.0,0.0,0.0,0.0,0.0,1583.0,417.0
43930,1933.0,0.0,1.0,0.0,22.0,2.0,0.0,1.0,41.0
43936,1.0,0.0,0.0,0.0,0.0,0.0,94.0,1157.0,748.0
43944,1603.0,0.0,1.0,0.0,86.0,2.0,1.0,0.0,307.0
43948,1887.0,0.0,5.0,0.0,0.0,22.0,86.0,0.0,0.0
43975,1428.0,0.0,52.0,0.0,181.0,24.0,46.0,3.0,266.0
44011,582.0,0.0,11.0,0.0,24.0,93.0,156.0,1.0,1133.0
44085,38.0,0.0,0.0,0.0,1943.0,0.0,0.0,0.0,19.0
44090,0.0,0.0,0.0,0.0,0.0,0.0,9.0,1643.0,348.0
44127,0.0,0.0,0.0,0.0,0.0,0.0,2.0,1765.0,233.0
44129,2000.0,0.0,0.0,0.0,0.0,0.0,0.0,0.0,0.0
44144,2000.0,0.0,0.0,0.0,0.0,0.0,0.0,0.0,0.0
44152,445.0,0.0,0.0,0.0,688.0,392.0,1.0,0.0,474.0
44162,0.0,0.0,0.0,0.0,0.0,5.0,395.0,703.0,897.0
44170,0.0,0.0,0.0,0.0,0.0,0.0,0.0,2000.0,0.0
44172,1277.0,0.0,0.0,0.0,97.0,150.0,113.0,17.0,346.0
44201,0.0,0.0,0.0,0.0,0.0,0.0,21.0,1457.0,522.0
44282,344.0,0.0,5.0,0.0,69.0,246.0,1028.0,10.0,298.0
44286,304.0,0.0,38.0,0.0,0.0,3.0,1557.0,44.0,54.0
44302,69.0,0.0,45.0,0.0,0.0,0.0,1452.0,10.0,424.0
44320,1994.0,0.0,0.0,0.0,0.0,0.0,1.0,5.0,0.0
44346,1588.0,0.0,2.0,0.0,336.0,5.0,1.0,1.0,67.0
44408,1997.0,0.0,0.0,0.0,0.0,0.0,2.0,0.0,1.0
44428,0.0,0.0,0.0,0.0,0.0,0.0,1859.0,138.0,3.0
44470,0.0,0.0,0.0,0.0,0.0,0.0,339.0,879.0,782.0
44472,1214.0,0.0,27.0,0.0,393.0,0.0,13.0,200.0,153.0
44474,58.0,0.0,7.0,0.0,0.0,273.0,114.0,5.0,1543.0
44476,0.0,0.0,0.0,0.0,0.0,0.0,1.0,1576.0,423.0
44479,0.0,0.0,0.0,0.0,0.0,0.0,30.0,1257.0,713.0
44496,0.0,0.0,0.0,0.0,0.0,0.0,1633.0,1.0,366.0
44509,0.0,0.0,0.0,0.0,0.0,0.0,13.0,1608.0,379.0
44516,0.0,0.0,0.0,0.0,0.0,25.0,5.0,0.0,1970.0
44528,0.0,0.0,0.0,0.0,0.0,0.0,1960.0,0.0,40.0
44549,0.0,0.0,0.0,0.0,0.0,0.0,79.0,1448.0,473.0
44614,1322.0,0.0,0.0,0.0,503.0,0.0,0.0,0.0,175.0
44619,0.0,0.0,0.0,0.0,0.0,0.0,890.0,350.0,760.0
44675,306.0,0.0,1.0,0.0,66.0,1040.0,0.0,0.0,587.0
44698,1950.0,0.0,0.0,0.0,0.0,0.0,0.0,0.0,50.0
44735,0.0,0.0,0.0,0.0,0.0,0.0,1764.0,0.0,236.0
44766,1983.0,0.0,1.0,0.0,0.0,0.0,12.0,0.0,4.0
44772,0.0,0.0,0.0,0.0,0.0,0.0,5.0,1627.0,368.0
44775,1498.0,0.0,4.0,0.0,105.0,84.0,0.0,3.0,306.0
44788,13.0,0.0,0.0,0.0,5.0,16.0,1916.0,0.0,50.0
44811,2.0,0.0,0.0,0.0,0.0,4.0,1493.0,1.0,500.0
44825,194.0,0.0,0.0,0.0,0.0,0.0,1729.0,19.0,58.0
44867,2.0,0.0,0.0,0.0,0.0,1.0,1996.0,0.0,1.0
44870,0.0,0.0,4.0,0.0,0.0,0.0,1994.0,1.0,1.0
44886,135.0,0.0,190.0,0.0,0.0,0.0,952.0,213.0,510.0
44890,0.0,0.0,0.0,0.0,1365.0,0.0,0.0,0.0,635.0
44916,23.0,0.0,0.0,0.0,0.0,0.0,870.0,100.0,1007.0
44941,0.0,0.0,0.0,0.0,0.0,0.0,288.0,1029.0,683.0
44963,0.0,0.0,0.0,0.0,0.0,0.0,648.0,214.0,1138.0
44966,7.0,0.0,0.0,0.0,0.0,0.0,894.0,337.0,762.0
45002,0.0,0.0,0.0,0.0,0.0,0.0,155.0,904.0,941.0
45036,71.0,0.0,0.0,0.0,2.0,0.0,635.0,345.0,947.0
45037,579.0,0.0,7.0,0.0,5.0,322.0,22.0,3.0,1062.0
45040,1749.0,0.0,10.0,0.0,1.0,13.0,71.0,11.0,145.0
45052,574.0,0.0,2.0,0.0,75.0,344.0,222.0,4.0,779.0
45142,1020.0,0.0,9.0,0.0,39.0,11.0,1.0,8.0,912.0
45146,0.0,0.0,0.0,0.0,0.0,0.0,44.0,1492.0,464.0
45153,544.0,0.0,1.0,0.0,76.0,229.0,0.0,0.0,1150.0
45178,438.0,0.0,3.0,0.0,25.0,397.0,1.0,0.0,1136.0
45223,0.0,0.0,0.0,0.0,0.0,0.0,1991.0,0.0,9.0
45224,32.0,0.0,3.0,0.0,5.0,1.0,469.0,660.0,830.0
45227,498.0,0.0,23.0,0.0,71.0,0.0,6.0,120.0,1282.0
45228,324.0,0.0,20.0,0.0,11.0,142.0,185.0,341.0,977.0
45231,0.0,0.0,0.0,0.0,158.0,12.0,0.0,0.0,1830.0
45232,0.0,0.0,0.0,0.0,0.0,0.0,5.0,1416.0,579.0
45234,1413.0,0.0,9.0,0.0,0.0,6.0,355.0,1.0,216.0
45273,60.0,0.0,0.0,0.0,0.0,135.0,176.0,1.0,1628.0
45287,587.0,0.0,45.0,0.0,52.0,6.0,15.0,1065.0,230.0
45294,1570.0,0.0,7.0,0.0,0.0,0.0,239.0,30.0,154.0
45296,0.0,0.0,0.0,0.0,0.0,0.0,27.0,1349.0,624.0
45335,19.0,0.0,0.0,0.0,1.0,0.0,478.0,294.0,1208.0
45381,10.0,0.0,0.0,0.0,26.0,62.0,1.0,0.0,1901.0
45383,0.0,0.0,0.0,0.0,0.0,0.0,13.0,1709.0,278.0
45385,1.0,0.0,0.0,0.0,0.0,0.0,74.0,787.0,1138.0
45403,55.0,0.0,0.0,0.0,0.0,843.0,1.0,4.0,1097.0
45414,0.0,0.0,0.0,0.0,0.0,0.0,60.0,1539.0,401.0
45415,0.0,0.0,0.0,0.0,3.0,0.0,204.0,1054.0,739.0
45419,357.0,0.0,3.0,0.0,0.0,354.0,4.0,10.0,1272.0
45435,0.0,0.0,0.0,0.0,0.0,0.0,1319.0,1.0,680.0
45449,0.0,0.0,0.0,0.0,0.0,0.0,154.0,1228.0,618.0
45509,0.0,0.0,0.0,0.0,0.0,0.0,1982.0,0.0,18.0
45519,0.0,0.0,0.0,0.0,0.0,0.0,1989.0,0.0,11.0
45521,0.0,0.0,0.0,0.0,0.0,0.0,4.0,1653.0,343.0
45524,1281.0,0.0,25.0,0.0,42.0,43.0,5.0,147.0,457.0
45534,0.0,0.0,0.0,0.0,0.0,0.0,2.0,1958.0,40.0
45555,0.0,0.0,0.0,0.0,0.0,0.0,1963.0,0.0,37.0
45556,16.0,0.0,0.0,0.0,2.0,922.0,1008.0,0.0,52.0
45558,2.0,0.0,0.0,0.0,0.0,0.0,211.0,696.0,1091.0
45573,612.0,0.0,7.0,0.0,29.0,83.0,591.0,22.0,656.0
45589,919.0,0.0,0.0,0.0,88.0,0.0,13.0,0.0,980.0
45594,1.0,0.0,0.0,0.0,0.0,3.0,1278.0,5.0,713.0
45597,1926.0,0.0,0.0,0.0,69.0,0.0,0.0,0.0,5.0
45599,0.0,0.0,0.0,0.0,0.0,0.0,10.0,1613.0,377.0
45601,0.0,0.0,1.0,0.0,0.0,0.0,7.0,1728.0,264.0
45631,0.0,0.0,0.0,0.0,0.0,0.0,49.0,1338.0,613.0
45635,0.0,0.0,0.0,0.0,0.0,0.0,17.0,1740.0,243.0
45648,0.0,0.0,0.0,0.0,0.0,0.0,1255.0,57.0,688.0
45659,0.0,0.0,0.0,0.0,0.0,0.0,1972.0,0.0,28.0
45668,218.0,0.0,11.0,0.0,0.0,469.0,28.0,4.0,1270.0
45669,1.0,0.0,0.0,0.0,0.0,0.0,25.0,1686.0,288.0
45682,60.0,0.0,0.0,0.0,0.0,5.0,1421.0,24.0,490.0
45717,3.0,0.0,0.0,0.0,1.0,2.0,445.0,406.0,1143.0
45765,0.0,0.0,0.0,0.0,0.0,0.0,1577.0,17.0,406.0
45795,124.0,0.0,0.0,0.0,0.0,0.0,36.0,51.0,1789.0
45820,9.0,0.0,0.0,0.0,0.0,0.0,343.0,467.0,1181.0
45834,1490.0,0.0,3.0,0.0,5.0,20.0,193.0,2.0,287.0
45857,48.0,0.0,0.0,0.0,0.0,0.0,1929.0,5.0,18.0
45888,1.0,0.0,0.0,0.0,1.0,2.0,1525.0,218.0,253.0
45973,0.0,0.0,0.0,0.0,0.0,0.0,933.0,0.0,1067.0
45985,2.0,0.0,0.0,0.0,5.0,1081.0,4.0,0.0,908.0
46007,0.0,0.0,0.0,0.0,0.0,0.0,150.0,1122.0,728.0
46044,0.0,0.0,0.0,0.0,0.0,0.0,1990.0,0.0,10.0
46046,0.0,0.0,0.0,0.0,0.0,0.0,3.0,1648.0,349.0
46049,296.0,0.0,0.0,0.0,0.0,0.0,1132.0,0.0,572.0
46055,13.0,0.0,2.0,0.0,0.0,0.0,1576.0,75.0,334.0
46069,0.0,0.0,0.0,0.0,0.0,3.0,1565.0,2.0,430.0
46072,0.0,0.0,0.0,0.0,0.0,0.0,872.0,110.0,1018.0
46099,375.0,0.0,7.0,0.0,6.0,124.0,3.0,16.0,1469.0
46101,160.0,0.0,0.0,0.0,41.0,0.0,1765.0,0.0,34.0
46102,0.0,0.0,0.0,0.0,0.0,0.0,1829.0,0.0,171.0
46118,10.0,0.0,0.0,0.0,0.0,0.0,16.0,1226.0,748.0
46131,5.0,0.0,0.0,0.0,0.0,56.0,995.0,12.0,932.0
46137,1730.0,0.0,8.0,0.0,0.0,0.0,66.0,23.0,173.0
46152,739.0,0.0,3.0,0.0,0.0,1.0,1070.0,0.0,187.0
46155,547.0,0.0,2.0,0.0,26.0,385.0,591.0,11.0,438.0
46158,0.0,0.0,0.0,0.0,0.0,0.0,41.0,1496.0,463.0
46273,216.0,0.0,7.0,0.0,7.0,94.0,12.0,646.0,1018.0
46278,331.0,0.0,0.0,0.0,7.0,271.0,1.0,0.0,1390.0
46326,0.0,0.0,0.0,0.0,0.0,724.0,0.0,0.0,1276.0
46327,26.0,0.0,0.0,0.0,1.0,0.0,1674.0,95.0,204.0
46385,135.0,0.0,0.0,0.0,0.0,0.0,365.0,346.0,1154.0
46421,1.0,0.0,0.0,0.0,0.0,0.0,1283.0,9.0,707.0
46463,0.0,0.0,0.0,0.0,0.0,1.0,32.0,1596.0,371.0
46496,7.0,0.0,0.0,0.0,0.0,1991.0,2.0,0.0,0.0
46512,6.0,0.0,0.0,0.0,0.0,0.0,322.0,442.0,1230.0
46513,618.0,0.0,17.0,0.0,637.0,240.0,3.0,58.0,427.0
46539,172.0,0.0,1.0,0.0,6.0,83.0,0.0,10.0,1728.0
46553,1765.0,0.0,2.0,0.0,137.0,0.0,15.0,4.0,77.0
46559,0.0,0.0,0.0,0.0,0.0,1.0,1998.0,0.0,1.0
46571,25.0,0.0,1.0,0.0,0.0,0.0,10.0,1365.0,599.0
46575,0.0,0.0,0.0,0.0,0.0,0.0,174.0,509.0,1317.0
46609,2000.0,0.0,0.0,0.0,0.0,0.0,0.0,0.0,0.0
46634,169.0,0.0,0.0,0.0,0.0,0.0,1126.0,18.0,687.0
46636,16.0,0.0,1.0,0.0,0.0,0.0,1402.0,19.0,562.0
46638,7.0,0.0,0.0,0.0,0.0,84.0,232.0,10.0,1667.0
46652,1742.0,0.0,0.0,0.0,23.0,0.0,66.0,12.0,157.0
46673,2.0,0.0,0.0,0.0,1.0,0.0,1717.0,89.0,191.0
46675,361.0,0.0,6.0,0.0,54.0,754.0,152.0,3.0,670.0
46727,84.0,0.0,0.0,0.0,2.0,0.0,260.0,851.0,803.0
46771,0.0,0.0,0.0,0.0,0.0,0.0,1980.0,5.0,15.0
46808,0.0,0.0,0.0,0.0,135.0,634.0,1.0,0.0,1230.0
46819,928.0,0.0,1.0,0.0,230.0,304.0,0.0,0.0,537.0
46823,2000.0,0.0,0.0,0.0,0.0,0.0,0.0,0.0,0.0
46864,0.0,0.0,0.0,0.0,0.0,0.0,14.0,1497.0,489.0
46881,0.0,0.0,0.0,0.0,0.0,0.0,5.0,1803.0,192.0
46883,2.0,0.0,0.0,0.0,0.0,0.0,358.0,834.0,806.0
46889,5.0,0.0,0.0,0.0,0.0,0.0,265.0,649.0,1081.0
46916,1339.0,0.0,22.0,0.0,56.0,36.0,0.0,9.0,538.0
46918,120.0,0.0,3.0,0.0,1.0,552.0,41.0,4.0,1279.0
46924,1902.0,0.0,1.0,0.0,4.0,0.0,83.0,0.0,10.0
46955,1025.0,0.0,0.0,0.0,279.0,662.0,0.0,0.0,34.0
46957,106.0,0.0,1.0,0.0,80.0,0.0,1572.0,119.0,122.0
46965,3.0,0.0,1.0,0.0,0.0,26.0,1920.0,3.0,47.0
46996,13.0,0.0,1.0,0.0,0.0,0.0,325.0,421.0,1240.0
47007,1978.0,0.0,7.0,0.0,0.0,0.0,0.0,0.0,15.0
47036,1.0,0.0,1.0,0.0,0.0,1.0,22.0,1447.0,528.0
47054,0.0,0.0,1.0,0.0,0.0,0.0,14.0,1258.0,727.0
47057,445.0,0.0,0.0,0.0,2.0,55.0,635.0,0.0,863.0
47076,591.0,0.0,0.0,0.0,1288.0,0.0,0.0,0.0,121.0
47115,678.0,0.0,15.0,0.0,0.0,0.0,880.0,147.0,280.0
47116,1722.0,0.0,0.0,0.0,232.0,0.0,1.0,1.0,44.0
47120,0.0,0.0,0.0,0.0,0.0,1.0,784.0,44.0,1171.0
47123,0.0,0.0,0.0,0.0,0.0,0.0,6.0,1512.0,482.0
47129,0.0,0.0,0.0,0.0,0.0,0.0,11.0,1671.0,318.0
47144,50.0,0.0,0.0,0.0,991.0,23.0,0.0,0.0,936.0
47164,487.0,0.0,9.0,0.0,5.0,0.0,461.0,193.0,845.0
47182,0.0,0.0,0.0,0.0,0.0,0.0,81.0,1114.0,805.0
47185,1030.0,0.0,19.0,0.0,1.0,35.0,5.0,47.0,863.0
47211,516.0,0.0,3.0,0.0,11.0,708.0,95.0,2.0,665.0
47229,1695.0,0.0,0.0,0.0,51.0,83.0,1.0,1.0,169.0
47258,115.0,0.0,0.0,0.0,0.0,695.0,1184.0,0.0,6.0
47262,13.0,0.0,0.0,0.0,454.0,1358.0,113.0,0.0,62.0
47268,1999.0,0.0,0.0,0.0,1.0,0.0,0.0,0.0,0.0
47305,0.0,236.0,0.0,0.0,0.0,0.0,0.0,1758.0,6.0
47334,63.0,0.0,0.0,0.0,1.0,0.0,1611.0,93.0,232.0
47345,33.0,0.0,0.0,0.0,298.0,0.0,1.0,0.0,1668.0
47369,0.0,0.0,0.0,0.0,0.0,0.0,4.0,1695.0,301.0
47392,0.0,0.0,0.0,0.0,0.0,0.0,162.0,729.0,1109.0
47400,581.0,0.0,11.0,0.0,7.0,369.0,22.0,11.0,999.0
47415,2000.0,0.0,0.0,0.0,0.0,0.0,0.0,0.0,0.0
47419,0.0,0.0,0.0,0.0,0.0,0.0,395.0,466.0,1139.0
47424,170.0,0.0,0.0,0.0,0.0,0.0,1744.0,0.0,86.0
47484,95.0,0.0,5.0,0.0,4.0,358.0,743.0,15.0,780.0
47492,427.0,0.0,1167.0,0.0,0.0,0.0,0.0,1.0,405.0
47585,0.0,0.0,0.0,0.0,0.0,0.0,26.0,1390.0,584.0
47598,0.0,0.0,0.0,0.0,0.0,0.0,104.0,729.0,1167.0
47643,961.0,0.0,16.0,0.0,0.0,0.0,306.0,157.0,560.0
47675,0.0,0.0,0.0,0.0,0.0,0.0,14.0,1275.0,711.0
47690,0.0,0.0,0.0,0.0,0.0,0.0,902.0,415.0,683.0
47715,0.0,0.0,0.0,0.0,0.0,0.0,1988.0,0.0,12.0
47719,511.0,0.0,6.0,0.0,17.0,354.0,278.0,28.0,806.0
47735,54.0,0.0,3.0,0.0,0.0,0.0,1785.0,0.0,158.0
47753,1018.0,0.0,2.0,0.0,112.0,1.0,0.0,0.0,867.0
47766,1117.0,0.0,22.0,0.0,1.0,0.0,4.0,18.0,838.0
47773,1008.0,0.0,19.0,0.0,5.0,0.0,557.0,195.0,216.0
47789,0.0,0.0,0.0,0.0,0.0,0.0,1.0,1731.0,268.0
47828,0.0,0.0,0.0,0.0,0.0,0.0,1981.0,0.0,19.0
47893,1125.0,0.0,16.0,0.0,49.0,539.0,143.0,0.0,128.0
47908,38.0,0.0,0.0,0.0,15.0,3.0,1715.0,6.0,223.0
47940,1.0,0.0,2.0,0.0,0.0,0.0,129.0,945.0,923.0
47941,633.0,0.0,3.0,0.0,17.0,0.0,683.0,182.0,482.0
47942,0.0,0.0,0.0,0.0,0.0,474.0,7.0,0.0,1519.0
47946,98.0,0.0,12.0,0.0,2.0,0.0,1481.0,184.0,223.0
47947,0.0,0.0,0.0,0.0,0.0,0.0,22.0,1386.0,592.0
47954,7.0,0.0,0.0,0.0,1.0,13.0,1527.0,9.0,443.0
47977,199.0,0.0,14.0,0.0,17.0,26.0,957.0,22.0,765.0
47990,0.0,0.0,0.0,0.0,0.0,0.0,145.0,1084.0,771.0
47999,0.0,0.0,0.0,0.0,2.0,0.0,6.0,7.0,1985.0
48008,1448.0,0.0,47.0,0.0,0.0,1.0,345.0,6.0,153.0
48029,1510.0,0.0,0.0,0.0,331.0,61.0,0.0,0.0,98.0
48043,5.0,0.0,0.0,0.0,0.0,1.0,1453.0,0.0,541.0
48091,0.0,0.0,0.0,0.0,0.0,0.0,1989.0,0.0,11.0
48096,0.0,0.0,1.0,0.0,0.0,26.0,807.0,34.0,1132.0
48098,0.0,0.0,0.0,0.0,0.0,331.0,7.0,0.0,1662.0
48126,0.0,0.0,0.0,0.0,0.0,0.0,979.0,141.0,880.0
48154,0.0,0.0,0.0,0.0,0.0,25.0,0.0,0.0,1975.0
48155,1.0,0.0,0.0,0.0,90.0,0.0,40.0,0.0,1869.0
48164,0.0,0.0,0.0,0.0,1.0,0.0,9.0,1544.0,446.0
48176,332.0,0.0,55.0,0.0,10.0,3.0,824.0,346.0,430.0
48199,0.0,0.0,0.0,0.0,0.0,0.0,18.0,1570.0,412.0
48216,1735.0,0.0,4.0,0.0,2.0,0.0,18.0,1.0,240.0
48314,2000.0,0.0,0.0,0.0,0.0,0.0,0.0,0.0,0.0
48315,0.0,0.0,0.0,0.0,0.0,1.0,1896.0,1.0,102.0
48320,2.0,0.0,0.0,0.0,1.0,0.0,1987.0,0.0,10.0
48347,0.0,0.0,0.0,0.0,0.0,0.0,98.0,1425.0,477.0
48348,1.0,0.0,0.0,0.0,0.0,0.0,1.0,1588.0,410.0
48350,33.0,0.0,0.0,0.0,0.0,0.0,365.0,404.0,1198.0
48352,1.0,0.0,2.0,0.0,0.0,0.0,352.0,541.0,1104.0
48355,1273.0,0.0,12.0,0.0,7.0,104.0,13.0,18.0,573.0
48356,62.0,0.0,5.0,0.0,0.0,0.0,182.0,843.0,908.0
48383,0.0,0.0,0.0,0.0,0.0,0.0,23.0,1797.0,180.0
48385,1240.0,0.0,52.0,0.0,92.0,0.0,153.0,56.0,407.0
48411,122.0,0.0,0.0,0.0,1.0,0.0,1550.0,3.0,324.0
48451,221.0,0.0,4.0,0.0,127.0,207.0,542.0,1.0,898.0
48497,0.0,0.0,0.0,0.0,0.0,0.0,1525.0,15.0,460.0
48528,0.0,0.0,0.0,0.0,0.0,0.0,3.0,1640.0,357.0
48537,0.0,0.0,0.0,0.0,0.0,0.0,917.0,385.0,698.0
48538,344.0,0.0,6.0,0.0,17.0,46.0,0.0,20.0,1567.0
48580,239.0,0.0,13.0,0.0,4.0,22.0,113.0,927.0,682.0
48603,686.0,0.0,16.0,0.0,1.0,0.0,670.0,38.0,589.0
48614,1909.0,0.0,1.0,0.0,5.0,8.0,0.0,2.0,75.0
48616,1.0,0.0,0.0,0.0,0.0,1.0,1258.0,7.0,733.0
48633,203.0,0.0,1.0,0.0,50.0,33.0,0.0,1.0,1712.0
48642,1.0,0.0,0.0,0.0,0.0,0.0,3.0,1377.0,619.0
48647,1988.0,0.0,0.0,0.0,12.0,0.0,0.0,0.0,0.0
48653,6.0,0.0,0.0,0.0,0.0,0.0,1760.0,9.0,225.0
48679,206.0,0.0,0.0,0.0,0.0,0.0,1509.0,46.0,239.0
48687,474.0,0.0,0.0,0.0,9.0,25.0,1364.0,2.0,126.0
48690,0.0,0.0,0.0,0.0,0.0,2000.0,0.0,0.0,0.0
48695,2000.0,0.0,0.0,0.0,0.0,0.0,0.0,0.0,0.0
48733,0.0,0.0,0.0,0.0,0.0,7.0,1519.0,9.0,465.0
48747,0.0,0.0,0.0,0.0,0.0,0.0,1716.0,32.0,252.0
48761,1371.0,0.0,2.0,0.0,62.0,11.0,184.0,9.0,361.0
48773,1492.0,0.0,10.0,0.0,0.0,0.0,395.0,1.0,102.0
48777,0.0,0.0,0.0,0.0,0.0,3.0,1744.0,0.0,253.0
48787,6.0,0.0,1.0,0.0,0.0,0.0,197.0,1206.0,590.0
48810,956.0,0.0,2.0,0.0,102.0,348.0,21.0,8.0,563.0
48825,3.0,0.0,0.0,0.0,2.0,2.0,1634.0,22.0,337.0
48834,0.0,0.0,0.0,0.0,2.0,4.0,1514.0,235.0,245.0
48878,705.0,0.0,1.0,0.0,241.0,0.0,116.0,0.0,937.0
48902,61.0,0.0,2.0,0.0,4.0,1219.0,110.0,11.0,593.0
48932,51.0,0.0,3.0,0.0,0.0,74.0,910.0,7.0,955.0
48933,17.0,0.0,3.0,0.0,16.0,561.0,7.0,3.0,1393.0
48980,70.0,0.0,2.0,0.0,0.0,188.0,63.0,3.0,1674.0
48982,430.0,0.0,20.0,0.0,1.0,0.0,593.0,173.0,783.0
48988,282.0,0.0,5.0,0.0,0.0,0.0,3.0,888.0,822.0
49065,1.0,0.0,0.0,0.0,0.0,0.0,545.0,546.0,908.0
49089,2.0,0.0,0.0,0.0,0.0,218.0,0.0,0.0,1780.0
49103,0.0,0.0,0.0,0.0,0.0,0.0,2000.0,0.0,0.0
49167,18.0,0.0,1.0,0.0,0.0,3.0,1098.0,39.0,841.0
49172,2.0,0.0,1.0,0.0,0.0,0.0,10.0,1546.0,441.0
49197,0.0,0.0,0.0,0.0,0.0,0.0,63.0,1299.0,638.0
49206,0.0,0.0,0.0,0.0,0.0,0.0,3.0,1748.0,249.0
49220,1084.0,0.0,4.0,0.0,44.0,6.0,378.0,2.0,482.0
49280,18.0,0.0,0.0,0.0,1.0,0.0,1265.0,300.0,416.0
49281,0.0,0.0,0.0,0.0,0.0,1.0,266.0,719.0,1014.0
49287,393.0,0.0,7.0,0.0,18.0,140.0,2.0,0.0,1440.0
49290,0.0,0.0,0.0,0.0,0.0,0.0,1231.0,7.0,762.0
49354,0.0,0.0,0.0,0.0,0.0,0.0,1592.0,12.0,396.0
49372,0.0,0.0,0.0,0.0,0.0,0.0,865.0,190.0,945.0
49427,0.0,0.0,0.0,0.0,0.0,0.0,2000.0,0.0,0.0
49434,648.0,0.0,0.0,0.0,33.0,606.0,1.0,0.0,712.0
49435,0.0,0.0,0.0,0.0,0.0,0.0,146.0,1038.0,816.0
49441,2.0,0.0,0.0,0.0,0.0,23.0,1429.0,4.0,542.0
49466,1989.0,0.0,1.0,0.0,5.0,0.0,0.0,2.0,3.0
49471,197.0,0.0,4.0,0.0,1.0,1.0,133.0,691.0,973.0
49500,414.0,0.0,4.0,0.0,6.0,301.0,48.0,0.0,1227.0
49501,4.0,0.0,0.0,0.0,0.0,49.0,578.0,0.0,1369.0
49532,0.0,0.0,0.0,0.0,0.0,0.0,54.0,1412.0,534.0
49550,1984.0,0.0,0.0,0.0,6.0,0.0,0.0,1.0,9.0
49560,0.0,0.0,0.0,0.0,0.0,719.0,0.0,0.0,1281.0
49591,1.0,0.0,0.0,0.0,0.0,0.0,1997.0,0.0,2.0
49620,8.0,0.0,0.0,0.0,1.0,7.0,467.0,523.0,994.0
49642,31.0,0.0,0.0,0.0,1.0,0.0,590.0,132.0,1246.0
49668,0.0,0.0,0.0,0.0,0.0,0.0,485.0,455.0,1060.0
49671,109.0,0.0,3.0,0.0,0.0,2.0,1701.0,11.0,174.0
49692,2000.0,0.0,0.0,0.0,0.0,0.0,0.0,0.0,0.0
49696,1765.0,0.0,0.0,0.0,0.0,22.0,213.0,0.0,0.0
49741,39.0,0.0,0.0,0.0,1.0,1778.0,1.0,0.0,181.0
49760,249.0,0.0,1.0,0.0,4.0,7.0,1483.0,53.0,203.0
49764,1.0,0.0,0.0,0.0,0.0,0.0,389.0,581.0,1029.0
49769,739.0,0.0,17.0,0.0,20.0,136.0,165.0,175.0,748.0
49785,0.0,0.0,0.0,0.0,0.0,0.0,16.0,1740.0,244.0
49790,0.0,0.0,0.0,0.0,0.0,0.0,1964.0,0.0,36.0
49815,15.0,0.0,0.0,0.0,1.0,0.0,131.0,618.0,1235.0
49844,0.0,0.0,0.0,0.0,0.0,0.0,471.0,1091.0,438.0
49853,0.0,0.0,0.0,0.0,0.0,1827.0,134.0,0.0,39.0
49861,0.0,0.0,0.0,0.0,0.0,0.0,16.0,1500.0,484.0
49892,0.0,0.0,0.0,0.0,0.0,0.0,2.0,1715.0,283.0
49900,10.0,0.0,1.0,0.0,0.0,3.0,1970.0,3.0,13.0
49929,0.0,0.0,0.0,0.0,0.0,0.0,289.0,470.0,1241.0
49938,16.0,0.0,0.0,0.0,0.0,272.0,1.0,0.0,1711.0
49950,0.0,0.0,0.0,0.0,0.0,0.0,484.0,249.0,1267.0
49975,0.0,0.0,0.0,0.0,0.0,0.0,122.0,1238.0,640.0
49978,1646.0,0.0,54.0,0.0,78.0,39.0,0.0,37.0,146.0
49980,0.0,0.0,0.0,36.0,0.0,0.0,0.0,0.0,1964.0
50006,0.0,0.0,0.0,0.0,0.0,0.0,164.0,1124.0,712.0
50008,780.0,0.0,24.0,0.0,3.0,740.0,4.0,68.0,381.0
50010,444.0,0.0,132.0,0.0,32.0,0.0,190.0,537.0,665.0
50011,4.0,0.0,0.0,0.0,0.0,0.0,102.0,1140.0,754.0
50030,2.0,0.0,0.0,0.0,1.0,72.0,957.0,41.0,927.0
50100,38.0,0.0,0.0,0.0,0.0,0.0,1389.0,57.0,516.0
50102,3.0,0.0,3.0,0.0,0.0,0.0,485.0,478.0,1031.0
50136,0.0,0.0,1.0,0.0,0.0,54.0,112.0,0.0,1833.0
50168,1.0,0.0,0.0,0.0,0.0,0.0,1031.0,216.0,752.0
50171,0.0,0.0,0.0,0.0,196.0,0.0,0.0,0.0,1804.0
50172,184.0,0.0,1.0,0.0,2.0,141.0,0.0,4.0,1668.0
50174,0.0,0.0,0.0,0.0,0.0,0.0,100.0,1055.0,845.0
50199,410.0,0.0,13.0,0.0,0.0,0.0,442.0,681.0,454.0
50231,1488.0,0.0,1.0,0.0,50.0,141.0,2.0,1.0,317.0
50238,20.0,0.0,0.0,0.0,0.0,2.0,1510.0,19.0,449.0
50254,1904.0,0.0,1.0,0.0,0.0,2.0,1.0,0.0,92.0
50259,0.0,0.0,0.0,0.0,0.0,0.0,728.0,197.0,1075.0
50277,1667.0,0.0,2.0,0.0,115.0,0.0,8.0,0.0,208.0
50279,4.0,0.0,2.0,0.0,1.0,26.0,418.0,62.0,1487.0
50281,0.0,0.0,0.0,0.0,0.0,3.0,1729.0,2.0,266.0
50282,1651.0,0.0,2.0,0.0,162.0,49.0,0.0,1.0,135.0
50283,1896.0,0.0,0.0,0.0,96.0,0.0,0.0,0.0,8.0
50294,6.0,0.0,0.0,0.0,1.0,1961.0,0.0,0.0,32.0
50330,0.0,0.0,0.0,0.0,0.0,0.0,214.0,830.0,956.0
50335,493.0,0.0,1.0,0.0,1.0,19.0,284.0,156.0,1046.0
50355,1967.0,0.0,0.0,0.0,29.0,0.0,0.0,0.0,4.0
50379,161.0,0.0,5.0,0.0,0.0,0.0,662.0,86.0,1086.0
50419,612.0,0.0,0.0,0.0,3.0,15.0,1201.0,1.0,168.0
50429,108.0,0.0,5.0,0.0,0.0,42.0,0.0,18.0,1827.0
50454,0.0,0.0,0.0,0.0,0.0,0.0,108.0,1227.0,665.0
50457,533.0,0.0,0.0,0.0,0.0,372.0,979.0,0.0,116.0
50492,0.0,0.0,0.0,0.0,0.0,0.0,834.0,0.0,1166.0
50516,0.0,0.0,0.0,0.0,0.0,1.0,561.0,124.0,1314.0
50537,5.0,0.0,1.0,0.0,5.0,133.0,739.0,5.0,1112.0
50561,2.0,0.0,0.0,0.0,0.0,0.0,10.0,1362.0,626.0
50565,453.0,0.0,7.0,0.0,3.0,0.0,978.0,43.0,516.0
50572,1255.0,0.0,2.0,0.0,382.0,0.0,0.0,0.0,361.0
50591,1376.0,0.0,19.0,0.0,0.0,0.0,489.0,29.0,87.0
50615,0.0,0.0,0.0,0.0,0.0,0.0,2000.0,0.0,0.0
50616,1103.0,0.0,61.0,0.0,10.0,0.0,2.0,74.0,750.0
50635,73.0,0.0,0.0,0.0,2.0,0.0,1661.0,0.0,264.0
50636,0.0,0.0,0.0,0.0,0.0,0.0,17.0,1527.0,456.0
50642,1196.0,0.0,7.0,0.0,46.0,294.0,32.0,19.0,406.0
50664,1348.0,0.0,10.0,0.0,24.0,24.0,249.0,5.0,340.0
50665,0.0,0.0,0.0,0.0,0.0,0.0,559.0,26.0,1415.0
50675,0.0,0.0,0.0,0.0,0.0,0.0,0.0,0.0,2000.0
50689,0.0,0.0,0.0,0.0,0.0,0.0,2000.0,0.0,0.0
50752,0.0,0.0,0.0,0.0,0.0,27.0,488.0,1.0,1484.0
50781,80.0,0.0,0.0,0.0,0.0,1920.0,0.0,0.0,0.0
50795,0.0,0.0,0.0,0.0,0.0,0.0,5.0,1673.0,322.0
50821,0.0,0.0,0.0,0.0,0.0,0.0,1222.0,41.0,737.0
50870,1989.0,0.0,2.0,0.0,0.0,0.0,0.0,2.0,7.0
50873,17.0,0.0,0.0,0.0,44.0,1930.0,2.0,0.0,7.0
50906,2.0,0.0,0.0,1.0,688.0,0.0,0.0,0.0,1309.0
50908,1.0,0.0,0.0,0.0,0.0,1.0,1569.0,17.0,412.0
50909,0.0,0.0,0.0,0.0,0.0,0.0,2000.0,0.0,0.0
50929,58.0,0.0,1.0,0.0,0.0,0.0,1558.0,42.0,341.0
50931,5.0,0.0,1.0,0.0,2.0,221.0,128.0,8.0,1635.0
50934,1494.0,0.0,0.0,0.0,0.0,5.0,0.0,0.0,501.0
50944,4.0,0.0,0.0,0.0,0.0,0.0,1193.0,380.0,423.0
50955,0.0,0.0,0.0,0.0,0.0,0.0,1515.0,19.0,466.0
50961,0.0,0.0,0.0,0.0,0.0,0.0,1138.0,9.0,853.0
51007,0.0,0.0,0.0,0.0,0.0,0.0,1798.0,66.0,136.0
51017,1589.0,0.0,0.0,0.0,2.0,398.0,0.0,0.0,11.0
51066,0.0,0.0,0.0,0.0,0.0,0.0,0.0,1608.0,392.0
51073,0.0,0.0,0.0,0.0,2000.0,0.0,0.0,0.0,0.0
51074,1918.0,0.0,74.0,0.0,0.0,0.0,0.0,8.0,0.0
51087,0.0,0.0,0.0,0.0,0.0,0.0,0.0,0.0,2000.0
51099,383.0,0.0,0.0,0.0,212.0,50.0,61.0,0.0,1294.0
51102,0.0,0.0,0.0,0.0,0.0,0.0,0.0,0.0,2000.0
51132,0.0,0.0,0.0,0.0,0.0,0.0,9.0,1699.0,292.0
51157,226.0,0.0,5.0,0.0,3.0,589.0,1.0,3.0,1173.0
51183,0.0,0.0,0.0,0.0,0.0,0.0,2.0,1766.0,232.0
51186,1983.0,0.0,0.0,0.0,5.0,2.0,0.0,0.0,10.0
51240,1995.0,0.0,1.0,0.0,0.0,0.0,0.0,4.0,0.0
51254,19.0,0.0,4.0,0.0,14.0,3.0,75.0,1631.0,254.0
51264,140.0,0.0,4.0,0.0,5.0,264.0,811.0,31.0,745.0
51279,0.0,0.0,0.0,0.0,0.0,0.0,10.0,1663.0,327.0
51294,2.0,0.0,0.0,0.0,0.0,10.0,1572.0,6.0,410.0
51337,0.0,0.0,0.0,0.0,0.0,0.0,29.0,1744.0,227.0
51344,93.0,0.0,0.0,0.0,1.0,131.0,652.0,1.0,1122.0
51368,0.0,0.0,0.0,0.0,0.0,0.0,956.0,4.0,1040.0
51369,250.0,0.0,13.0,0.0,0.0,0.0,1037.0,184.0,516.0
51372,796.0,0.0,109.0,0.0,17.0,20.0,3.0,650.0,405.0
51373,1.0,0.0,5.0,0.0,0.0,0.0,130.0,1189.0,675.0
51375,27.0,0.0,1.0,0.0,0.0,0.0,1664.0,10.0,298.0
51393,1768.0,0.0,0.0,0.0,20.0,7.0,0.0,0.0,205.0
51396,0.0,0.0,0.0,0.0,0.0,0.0,16.0,1419.0,565.0
51401,12.0,0.0,2.0,0.0,20.0,211.0,478.0,13.0,1264.0
51431,0.0,0.0,0.0,0.0,0.0,2000.0,0.0,0.0,0.0
51453,0.0,0.0,0.0,0.0,0.0,0.0,3.0,1528.0,469.0
51481,1230.0,0.0,58.0,0.0,16.0,73.0,5.0,159.0,459.0
51531,0.0,0.0,0.0,0.0,352.0,239.0,0.0,0.0,1409.0
51535,1734.0,0.0,5.0,0.0,5.0,34.0,0.0,4.0,218.0
51537,0.0,0.0,0.0,0.0,0.0,0.0,328.0,529.0,1143.0
51580,0.0,0.0,0.0,0.0,87.0,0.0,0.0,0.0,1913.0
51588,1.0,0.0,1.0,0.0,0.0,2.0,1419.0,12.0,565.0
51604,0.0,0.0,0.0,0.0,0.0,0.0,6.0,1108.0,886.0
51607,31.0,0.0,4.0,0.0,0.0,0.0,344.0,605.0,1016.0
51621,2000.0,0.0,0.0,0.0,0.0,0.0,0.0,0.0,0.0
51625,95.0,0.0,1.0,0.0,0.0,0.0,1537.0,22.0,345.0
51675,197.0,0.0,52.0,0.0,0.0,0.0,32.0,1196.0,523.0
51730,247.0,0.0,1.0,0.0,0.0,11.0,1105.0,20.0,616.0
51733,527.0,0.0,18.0,0.0,7.0,48.0,0.0,21.0,1379.0
51760,0.0,0.0,0.0,0.0,0.0,0.0,245.0,495.0,1260.0
51779,0.0,0.0,0.0,0.0,0.0,0.0,1285.0,105.0,610.0
51780,116.0,0.0,5.0,0.0,2.0,324.0,531.0,27.0,995.0
51856,0.0,0.0,0.0,0.0,0.0,925.0,0.0,0.0,1075.0
51885,712.0,0.0,0.0,0.0,429.0,0.0,0.0,0.0,859.0
51886,0.0,0.0,0.0,0.0,0.0,0.0,62.0,860.0,1078.0
51889,2.0,0.0,0.0,0.0,0.0,48.0,844.0,10.0,1096.0
51903,0.0,0.0,0.0,0.0,0.0,0.0,9.0,1845.0,146.0
51914,0.0,0.0,2.0,0.0,0.0,0.0,0.0,0.0,1998.0
51916,0.0,0.0,0.0,0.0,0.0,2.0,463.0,379.0,1156.0
51917,0.0,0.0,0.0,0.0,1.0,0.0,71.0,1329.0,599.0
51919,0.0,0.0,0.0,0.0,0.0,0.0,2000.0,0.0,0.0
51930,24.0,0.0,1.0,0.0,0.0,13.0,226.0,734.0,1002.0
51939,8.0,0.0,1.0,0.0,1.0,11.0,11.0,1322.0,646.0
51958,21.0,0.0,1.0,0.0,0.0,0.0,47.0,813.0,1118.0
52045,34.0,0.0,3.0,0.0,0.0,255.0,77.0,15.0,1616.0
52050,1039.0,0.0,38.0,0.0,0.0,0.0,263.0,342.0,318.0
52056,593.0,0.0,1.0,0.0,50.0,575.0,7.0,1.0,773.0
52086,1384.0,0.0,19.0,0.0,0.0,74.0,30.0,14.0,479.0
52109,1302.0,0.0,2.0,0.0,48.0,99.0,0.0,1.0,548.0
52111,148.0,0.0,9.0,0.0,1.0,0.0,1829.0,0.0,13.0
52151,0.0,0.0,0.0,0.0,0.0,0.0,1852.0,0.0,148.0
52158,0.0,0.0,0.0,0.0,1.0,387.0,1.0,0.0,1611.0
52210,0.0,0.0,0.0,0.0,0.0,0.0,411.0,513.0,1076.0
52240,0.0,0.0,0.0,0.0,0.0,0.0,167.0,1238.0,595.0
52295,232.0,0.0,6.0,0.0,1.0,1.0,507.0,264.0,989.0
52321,439.0,0.0,10.0,0.0,6.0,50.0,30.0,263.0,1202.0
52326,15.0,0.0,2.0,0.0,2.0,160.0,363.0,0.0,1458.0
52336,1999.0,0.0,0.0,0.0,0.0,1.0,0.0,0.0,0.0
52357,171.0,0.0,1.0,0.0,3.0,20.0,354.0,69.0,1382.0
52364,7.0,0.0,0.0,0.0,3.0,1976.0,1.0,0.0,13.0
52367,3.0,0.0,0.0,0.0,0.0,0.0,1975.0,0.0,22.0
52369,1973.0,0.0,0.0,0.0,18.0,0.0,0.0,0.0,9.0
52394,0.0,0.0,0.0,0.0,0.0,0.0,322.0,456.0,1222.0
52397,2000.0,0.0,0.0,0.0,0.0,0.0,0.0,0.0,0.0
52426,821.0,0.0,4.0,0.0,419.0,382.0,1.0,2.0,371.0
52443,25.0,0.0,0.0,0.0,1464.0,0.0,0.0,0.0,511.0
52473,429.0,0.0,0.0,0.0,0.0,25.0,1.0,25.0,1520.0
52492,883.0,0.0,0.0,0.0,750.0,2.0,0.0,0.0,365.0
52499,0.0,0.0,0.0,0.0,0.0,0.0,126.0,717.0,1157.0
52518,1994.0,0.0,0.0,0.0,0.0,0.0,2.0,0.0,4.0
52537,0.0,0.0,0.0,0.0,0.0,0.0,118.0,1304.0,578.0
52558,6.0,0.0,0.0,0.0,0.0,0.0,833.0,5.0,1156.0
52594,1893.0,0.0,1.0,0.0,2.0,0.0,64.0,11.0,29.0
52595,0.0,0.0,0.0,0.0,0.0,0.0,187.0,755.0,1058.0
52653,162.0,0.0,0.0,0.0,0.0,0.0,1173.0,23.0,642.0
52704,2.0,0.0,0.0,0.0,0.0,0.0,30.0,1313.0,655.0
52705,0.0,0.0,0.0,0.0,0.0,0.0,553.0,953.0,494.0
52845,1.0,0.0,0.0,0.0,0.0,254.0,30.0,0.0,1715.0
52894,1040.0,0.0,119.0,0.0,80.0,0.0,0.0,4.0,757.0
52898,1989.0,0.0,0.0,0.0,0.0,0.0,0.0,0.0,11.0
52899,0.0,0.0,0.0,0.0,0.0,2000.0,0.0,0.0,0.0
52913,127.0,0.0,2.0,0.0,6.0,127.0,550.0,56.0,1132.0
52939,81.0,0.0,0.0,0.0,3.0,0.0,892.0,25.0,999.0
52941,1125.0,0.0,0.0,0.0,39.0,664.0,9.0,0.0,163.0
52983,0.0,0.0,0.0,0.0,0.0,0.0,2000.0,0.0,0.0
52985,0.0,0.0,0.0,0.0,0.0,0.0,31.0,1646.0,323.0
53033,27.0,0.0,4.0,0.0,0.0,503.0,9.0,1.0,1456.0
53041,34.0,0.0,1.0,0.0,0.0,0.0,1088.0,100.0,777.0
53081,0.0,0.0,0.0,0.0,2000.0,0.0,0.0,0.0,0.0
53082,20.0,0.0,0.0,0.0,4.0,0.0,0.0,0.0,1976.0
53083,19.0,0.0,1.0,0.0,0.0,0.0,285.0,632.0,1063.0
53095,0.0,0.0,0.0,0.0,0.0,0.0,2.0,1632.0,366.0
53105,0.0,0.0,0.0,0.0,0.0,0.0,477.0,1441.0,82.0
53138,0.0,0.0,0.0,0.0,0.0,0.0,1146.0,27.0,827.0
53159,0.0,0.0,0.0,0.0,0.0,0.0,1674.0,16.0,310.0
53173,0.0,0.0,0.0,0.0,0.0,23.0,1665.0,0.0,312.0
53185,0.0,0.0,0.0,0.0,0.0,0.0,2000.0,0.0,0.0
53198,1898.0,0.0,0.0,0.0,0.0,0.0,1.0,2.0,99.0
53206,59.0,0.0,1.0,0.0,0.0,73.0,105.0,2.0,1760.0
53239,1.0,0.0,0.0,0.0,159.0,0.0,1811.0,0.0,29.0
53242,1506.0,0.0,117.0,0.0,1.0,0.0,3.0,200.0,173.0
53243,0.0,0.0,0.0,0.0,2000.0,0.0,0.0,0.0,0.0
53273,4.0,0.0,1.0,0.0,0.0,0.0,47.0,1078.0,870.0
53314,618.0,0.0,1.0,0.0,0.0,0.0,359.0,127.0,895.0
53316,744.0,0.0,278.0,0.0,0.0,0.0,78.0,739.0,161.0
53343,1573.0,0.0,0.0,0.0,210.0,25.0,11.0,0.0,181.0
53362,0.0,0.0,0.0,0.0,0.0,0.0,1770.0,0.0,230.0
53408,132.0,0.0,0.0,0.0,77.0,1751.0,0.0,2.0,38.0
53424,11.0,0.0,0.0,0.0,0.0,0.0,1150.0,34.0,805.0
53455,391.0,0.0,28.0,0.0,0.0,0.0,1225.0,70.0,286.0
53476,1286.0,0.0,0.0,0.0,234.0,0.0,0.0,1.0,479.0
53487,1622.0,0.0,26.0,0.0,10.0,26.0,80.0,45.0,191.0
53554,0.0,0.0,0.0,0.0,0.0,2.0,1147.0,43.0,808.0
53587,0.0,0.0,0.0,0.0,0.0,0.0,31.0,1512.0,457.0
53591,2000.0,0.0,0.0,0.0,0.0,0.0,0.0,0.0,0.0
53614,0.0,0.0,0.0,0.0,0.0,0.0,12.0,1779.0,209.0
53615,1933.0,0.0,32.0,0.0,0.0,0.0,0.0,35.0,0.0
53616,21.0,0.0,4.0,0.0,6.0,1.0,409.0,1147.0,412.0
53639,787.0,0.0,3.0,0.0,38.0,280.0,2.0,4.0,886.0
53643,1423.0,0.0,15.0,0.0,17.0,64.0,1.0,13.0,467.0
53644,121.0,0.0,1.0,0.0,0.0,0.0,742.0,166.0,970.0
53685,7.0,0.0,0.0,0.0,1016.0,854.0,0.0,0.0,123.0
53705,577.0,0.0,12.0,0.0,15.0,286.0,100.0,71.0,939.0
53708,1740.0,0.0,6.0,0.0,0.0,0.0,60.0,61.0,133.0
53710,0.0,0.0,0.0,0.0,0.0,0.0,119.0,1233.0,648.0
53717,0.0,0.0,0.0,0.0,0.0,0.0,2000.0,0.0,0.0
53729,7.0,0.0,2.0,0.0,6.0,22.0,20.0,1520.0,423.0
53755,1117.0,0.0,17.0,0.0,56.0,0.0,76.0,181.0,553.0
53758,0.0,0.0,0.0,0.0,0.0,4.0,1194.0,2.0,800.0
53770,0.0,0.0,0.0,0.0,0.0,54.0,405.0,1.0,1540.0
53771,4.0,0.0,1.0,0.0,0.0,2.0,117.0,920.0,956.0
53774,8.0,0.0,0.0,0.0,1992.0,0.0,0.0,0.0,0.0
53775,0.0,0.0,0.0,0.0,0.0,1.0,1913.0,0.0,86.0
53785,22.0,0.0,4.0,0.0,0.0,209.0,304.0,7.0,1454.0
53808,1988.0,0.0,0.0,0.0,0.0,0.0,2.0,1.0,9.0
53850,384.0,0.0,131.0,0.0,0.0,0.0,352.0,481.0,652.0
53874,1.0,0.0,0.0,0.0,0.0,0.0,1293.0,252.0,454.0
53905,0.0,0.0,0.0,0.0,0.0,0.0,1450.0,0.0,550.0
53906,386.0,0.0,3.0,0.0,22.0,47.0,0.0,5.0,1537.0
53913,2.0,0.0,0.0,0.0,1735.0,0.0,8.0,0.0,255.0
53914,0.0,0.0,0.0,0.0,0.0,0.0,0.0,1468.0,532.0
53951,9.0,0.0,0.0,0.0,0.0,1990.0,1.0,0.0,0.0
54037,0.0,0.0,0.0,0.0,0.0,0.0,1988.0,2.0,10.0
54048,0.0,0.0,0.0,0.0,0.0,0.0,2000.0,0.0,0.0
54058,0.0,0.0,0.0,0.0,0.0,0.0,205.0,803.0,992.0
54061,1.0,0.0,0.0,0.0,0.0,0.0,254.0,651.0,1094.0
54110,1970.0,0.0,0.0,0.0,3.0,20.0,0.0,0.0,7.0
54111,0.0,0.0,0.0,0.0,0.0,0.0,80.0,1071.0,849.0
54185,0.0,0.0,0.0,238.0,0.0,0.0,0.0,0.0,1762.0
54214,0.0,0.0,0.0,0.0,0.0,0.0,1946.0,0.0,54.0
54217,982.0,0.0,13.0,0.0,396.0,2.0,0.0,21.0,586.0
54237,0.0,0.0,0.0,0.0,0.0,0.0,12.0,1417.0,571.0
54261,954.0,0.0,10.0,0.0,0.0,0.0,979.0,0.0,57.0
54325,13.0,0.0,0.0,0.0,0.0,0.0,1023.0,7.0,957.0
54388,0.0,0.0,0.0,0.0,0.0,0.0,3.0,1700.0,297.0
54395,2000.0,0.0,0.0,0.0,0.0,0.0,0.0,0.0,0.0
54443,0.0,0.0,0.0,0.0,0.0,0.0,1998.0,0.0,2.0
54469,315.0,0.0,0.0,0.0,44.0,554.0,4.0,1.0,1082.0
54506,21.0,0.0,3.0,0.0,0.0,64.0,176.0,3.0,1733.0
54536,0.0,0.0,0.0,0.0,0.0,0.0,0.0,2000.0,0.0
54537,38.0,0.0,0.0,0.0,0.0,363.0,2.0,1.0,1596.0
54538,10.0,0.0,0.0,0.0,118.0,835.0,17.0,0.0,1020.0
54548,0.0,0.0,0.0,0.0,0.0,1.0,789.0,134.0,1076.0
54550,0.0,0.0,0.0,0.0,0.0,2000.0,0.0,0.0,0.0
54577,0.0,0.0,0.0,0.0,0.0,0.0,0.0,1995.0,5.0
54660,17.0,0.0,2.0,0.0,0.0,0.0,676.0,480.0,825.0
54803,2.0,0.0,0.0,0.0,0.0,0.0,1482.0,155.0,361.0
54804,0.0,0.0,0.0,0.0,0.0,2000.0,0.0,0.0,0.0
54810,962.0,0.0,32.0,0.0,1.0,0.0,111.0,644.0,250.0
54820,0.0,0.0,0.0,0.0,0.0,0.0,1864.0,22.0,114.0
54824,221.0,0.0,5.0,0.0,0.0,1.0,1579.0,10.0,184.0
54839,0.0,0.0,0.0,0.0,0.0,0.0,5.0,1783.0,212.0
54841,1595.0,0.0,57.0,0.0,9.0,36.0,13.0,30.0,260.0
54850,1064.0,0.0,1.0,0.0,1.0,115.0,524.0,4.0,291.0
54879,0.0,0.0,0.0,0.0,5.0,1.0,448.0,867.0,679.0
54894,0.0,0.0,0.0,0.0,0.0,0.0,542.0,302.0,1156.0
54915,1697.0,0.0,0.0,0.0,279.0,0.0,0.0,0.0,24.0
54917,38.0,0.0,3.0,0.0,0.0,542.0,26.0,2.0,1389.0
54938,24.0,0.0,0.0,0.0,0.0,65.0,64.0,3.0,1844.0
54948,4.0,0.0,0.0,0.0,8.0,423.0,240.0,7.0,1318.0
54950,0.0,0.0,0.0,0.0,0.0,0.0,13.0,1640.0,347.0
54953,0.0,0.0,0.0,0.0,0.0,0.0,123.0,899.0,978.0
54954,225.0,0.0,19.0,0.0,0.0,3.0,1346.0,170.0,237.0
55036,956.0,0.0,4.0,0.0,12.0,0.0,9.0,90.0,929.0
55051,0.0,0.0,0.0,0.0,0.0,0.0,1203.0,153.0,644.0
55077,609.0,0.0,0.0,0.0,1.0,0.0,111.0,194.0,1085.0
55086,583.0,0.0,6.0,0.0,47.0,328.0,9.0,1.0,1026.0
55153,93.0,0.0,4.0,0.0,3.0,0.0,15.0,1388.0,497.0
55200,0.0,0.0,0.0,0.0,0.0,0.0,223.0,896.0,881.0
55203,1.0,0.0,0.0,0.0,0.0,1.0,927.0,67.0,1004.0
55233,0.0,0.0,0.0,0.0,0.0,0.0,1629.0,18.0,353.0
55234,244.0,0.0,1.0,0.0,23.0,1185.0,28.0,0.0,519.0
55266,0.0,0.0,0.0,0.0,0.0,0.0,2000.0,0.0,0.0
55270,0.0,0.0,0.0,0.0,0.0,0.0,1521.0,12.0,467.0
55271,133.0,0.0,0.0,0.0,1.0,180.0,3.0,2.0,1681.0
55316,0.0,0.0,0.0,0.0,0.0,0.0,78.0,1218.0,704.0
55344,0.0,0.0,0.0,0.0,1.0,0.0,85.0,1175.0,739.0
55349,1312.0,0.0,27.0,0.0,220.0,0.0,0.0,0.0,441.0
55413,260.0,0.0,0.0,0.0,16.0,938.0,0.0,0.0,786.0
55414,0.0,0.0,0.0,0.0,0.0,0.0,223.0,785.0,992.0
55453,0.0,0.0,0.0,0.0,0.0,0.0,245.0,1220.0,535.0
55467,205.0,0.0,3.0,0.0,43.0,461.0,106.0,58.0,1124.0
55470,0.0,0.0,0.0,0.0,0.0,0.0,1157.0,148.0,695.0
55512,0.0,0.0,0.0,0.0,0.0,0.0,4.0,1914.0,82.0
55535,65.0,0.0,1.0,0.0,0.0,0.0,1705.0,14.0,215.0
55537,1058.0,0.0,215.0,0.0,28.0,227.0,7.0,275.0,190.0
55605,976.0,0.0,3.0,0.0,63.0,508.0,8.0,2.0,440.0
55610,0.0,0.0,0.0,0.0,0.0,0.0,28.0,1325.0,647.0
55699,1511.0,0.0,0.0,0.0,392.0,0.0,0.0,0.0,97.0
55727,0.0,0.0,0.0,0.0,0.0,0.0,1846.0,0.0,154.0
55733,14.0,0.0,0.0,0.0,0.0,25.0,1171.0,15.0,775.0
55745,0.0,0.0,0.0,0.0,0.0,0.0,0.0,4.0,1996.0
55763,0.0,0.0,0.0,0.0,0.0,0.0,3.0,1702.0,295.0
55765,214.0,0.0,9.0,0.0,2.0,92.0,9.0,41.0,1633.0
55767,78.0,0.0,4.0,0.0,0.0,0.0,655.0,457.0,806.0
55770,37.0,0.0,1.0,0.0,0.0,220.0,33.0,1.0,1708.0
55788,1884.0,0.0,0.0,0.0,33.0,47.0,0.0,0.0,36.0
55818,1294.0,0.0,2.0,0.0,34.0,1.0,0.0,0.0,669.0
55839,0.0,0.0,0.0,0.0,0.0,0.0,7.0,1725.0,268.0
55842,0.0,0.0,0.0,0.0,0.0,0.0,188.0,1073.0,739.0
55851,3.0,0.0,0.0,0.0,1.0,0.0,890.0,447.0,659.0
55877,2000.0,0.0,0.0,0.0,0.0,0.0,0.0,0.0,0.0
55880,835.0,0.0,0.0,0.0,1133.0,0.0,0.0,0.0,32.0
55885,19.0,0.0,0.0,0.0,4.0,277.0,195.0,1.0,1504.0
55886,0.0,0.0,0.0,0.0,0.0,217.0,1767.0,0.0,16.0
55911,0.0,0.0,0.0,0.0,0.0,0.0,26.0,1792.0,182.0
55930,623.0,0.0,4.0,0.0,2.0,0.0,907.0,14.0,450.0
55966,1402.0,0.0,76.0,0.0,8.0,0.0,312.0,0.0,202.0
56064,1940.0,0.0,2.0,0.0,13.0,11.0,1.0,5.0,28.0
56065,0.0,0.0,0.0,0.0,0.0,173.0,0.0,0.0,1827.0
56068,57.0,0.0,0.0,0.0,0.0,0.0,1538.0,0.0,405.0
56096,1.0,0.0,0.0,0.0,0.0,2.0,202.0,761.0,1034.0
56100,65.0,0.0,1.0,0.0,4.0,268.0,122.0,2.0,1538.0
56102,107.0,0.0,2.0,0.0,1.0,20.0,1094.0,40.0,736.0
56106,0.0,0.0,0.0,0.0,396.0,44.0,0.0,0.0,1560.0
56139,2000.0,0.0,0.0,0.0,0.0,0.0,0.0,0.0,0.0
56173,1139.0,0.0,8.0,0.0,2.0,43.0,3.0,1.0,804.0
56180,0.0,0.0,0.0,0.0,0.0,0.0,238.0,1498.0,264.0
56207,480.0,0.0,6.0,0.0,0.0,0.0,513.0,226.0,775.0
56216,0.0,0.0,0.0,0.0,0.0,0.0,101.0,1071.0,828.0
56326,0.0,0.0,0.0,0.0,0.0,0.0,0.0,1720.0,280.0
56329,1.0,0.0,0.0,0.0,0.0,0.0,33.0,1573.0,393.0
56332,772.0,0.0,23.0,0.0,4.0,3.0,678.0,30.0,490.0
56388,0.0,0.0,0.0,0.0,0.0,0.0,215.0,1631.0,154.0
56405,0.0,0.0,0.0,0.0,0.0,0.0,1999.0,0.0,1.0
56417,58.0,0.0,0.0,0.0,1.0,5.0,116.0,1358.0,462.0
56452,83.0,0.0,0.0,0.0,180.0,0.0,1563.0,53.0,121.0
56484,152.0,0.0,12.0,0.0,9.0,100.0,64.0,800.0,863.0
56489,1191.0,0.0,0.0,0.0,252.0,97.0,0.0,0.0,460.0
56498,1706.0,0.0,1.0,0.0,13.0,1.0,145.0,0.0,134.0
56514,0.0,0.0,0.0,0.0,0.0,0.0,14.0,1438.0,548.0
56523,4.0,0.0,1.0,0.0,6.0,8.0,36.0,730.0,1215.0
56546,0.0,0.0,0.0,0.0,16.0,0.0,1688.0,12.0,284.0
56554,4.0,0.0,0.0,0.0,0.0,3.0,1992.0,1.0,0.0
56555,0.0,0.0,0.0,0.0,0.0,0.0,3.0,1615.0,382.0
56593,0.0,0.0,0.0,0.0,0.0,0.0,4.0,1874.0,122.0
56636,0.0,0.0,0.0,0.0,0.0,89.0,244.0,0.0,1667.0
56640,0.0,0.0,0.0,0.0,4.0,0.0,1992.0,0.0,4.0
56671,0.0,0.0,0.0,0.0,0.0,0.0,1857.0,0.0,143.0
56756,47.0,0.0,4.0,0.0,2.0,45.0,742.0,4.0,1156.0
56757,618.0,0.0,44.0,0.0,1.0,4.0,214.0,817.0,302.0
56758,1.0,0.0,0.0,0.0,1.0,3.0,27.0,1621.0,347.0
56786,627.0,0.0,15.0,0.0,1.0,4.0,1289.0,1.0,63.0
56790,683.0,0.0,9.0,0.0,23.0,540.0,8.0,20.0,717.0
56828,0.0,0.0,0.0,0.0,0.0,0.0,127.0,1078.0,795.0
56830,90.0,0.0,24.0,0.0,0.0,0.0,1286.0,403.0,197.0
56866,38.0,0.0,3.0,0.0,2.0,145.0,589.0,12.0,1211.0
56867,5.0,0.0,3.0,0.0,0.0,0.0,1896.0,8.0,88.0
56872,1770.0,0.0,7.0,0.0,0.0,0.0,198.0,6.0,19.0
56907,12.0,0.0,0.0,0.0,2.0,587.0,208.0,0.0,1191.0
56918,20.0,0.0,11.0,0.0,8.0,0.0,0.0,0.0,1961.0
56928,0.0,0.0,0.0,0.0,0.0,0.0,142.0,851.0,1007.0
56939,1753.0,0.0,1.0,0.0,4.0,1.0,0.0,0.0,241.0
56951,0.0,0.0,0.0,0.0,0.0,0.0,385.0,1068.0,547.0
57051,393.0,0.0,248.0,0.0,0.0,0.0,142.0,4.0,1213.0
57085,1006.0,0.0,40.0,0.0,809.0,15.0,0.0,0.0,130.0
57102,0.0,0.0,0.0,0.0,0.0,0.0,3.0,1541.0,456.0
57146,0.0,0.0,0.0,0.0,0.0,0.0,40.0,1854.0,106.0
57148,0.0,0.0,0.0,0.0,0.0,0.0,1983.0,0.0,17.0
57182,741.0,0.0,73.0,0.0,1.0,0.0,192.0,551.0,442.0
57222,0.0,0.0,1.0,0.0,0.0,0.0,22.0,1715.0,262.0
57224,147.0,0.0,2.0,0.0,7.0,171.0,202.0,0.0,1471.0
57231,16.0,0.0,0.0,0.0,0.0,411.0,60.0,0.0,1513.0
57267,0.0,0.0,0.0,0.0,0.0,0.0,90.0,1126.0,784.0
57305,47.0,0.0,0.0,0.0,0.0,0.0,954.0,29.0,970.0
57322,0.0,0.0,0.0,0.0,0.0,183.0,0.0,0.0,1817.0
57382,1937.0,0.0,49.0,0.0,0.0,0.0,0.0,12.0,2.0
57470,773.0,0.0,0.0,0.0,681.0,122.0,0.0,0.0,424.0
57491,1229.0,0.0,0.0,0.0,675.0,0.0,0.0,0.0,96.0
57497,1999.0,0.0,0.0,0.0,1.0,0.0,0.0,0.0,0.0
57536,352.0,0.0,1.0,0.0,18.0,448.0,2.0,3.0,1176.0
57540,18.0,0.0,0.0,0.0,0.0,0.0,1518.0,2.0,462.0
57541,918.0,0.0,126.0,0.0,53.0,58.0,0.0,140.0,705.0
57542,1991.0,0.0,0.0,0.0,0.0,0.0,7.0,0.0,2.0
57555,1906.0,0.0,70.0,0.0,0.0,0.0,0.0,0.0,24.0
57567,11.0,0.0,0.0,0.0,1.0,74.0,799.0,3.0,1112.0
57581,1390.0,0.0,0.0,0.0,494.0,1.0,33.0,0.0,82.0
57606,347.0,0.0,10.0,0.0,11.0,66.0,75.0,579.0,912.0
57607,0.0,0.0,0.0,0.0,0.0,0.0,4.0,1841.0,155.0
57647,628.0,0.0,3.0,0.0,139.0,858.0,225.0,2.0,145.0
57683,0.0,0.0,0.0,0.0,0.0,0.0,0.0,1969.0,31.0
57730,15.0,0.0,0.0,0.0,1981.0,0.0,0.0,0.0,4.0
57759,0.0,0.0,0.0,0.0,0.0,0.0,21.0,1654.0,325.0
57762,361.0,0.0,18.0,0.0,244.0,0.0,1297.0,0.0,80.0
57771,2000.0,0.0,0.0,0.0,0.0,0.0,0.0,0.0,0.0
57801,779.0,0.0,0.0,0.0,820.0,64.0,0.0,0.0,337.0
57807,2000.0,0.0,0.0,0.0,0.0,0.0,0.0,0.0,0.0
57832,532.0,0.0,5.0,0.0,38.0,390.0,61.0,22.0,952.0
57869,1039.0,0.0,51.0,0.0,22.0,128.0,28.0,170.0,562.0
57880,0.0,0.0,0.0,0.0,305.0,0.0,0.0,0.0,1695.0
57894,14.0,0.0,0.0,0.0,0.0,0.0,198.0,605.0,1183.0
57956,56.0,0.0,0.0,0.0,621.0,62.0,0.0,0.0,1261.0
57981,1114.0,0.0,6.0,0.0,23.0,153.0,2.0,3.0,699.0
58017,16.0,0.0,51.0,0.0,1.0,0.0,491.0,260.0,1181.0
58092,1962.0,0.0,0.0,0.0,20.0,1.0,5.0,0.0,12.0
58119,0.0,0.0,0.0,0.0,0.0,2000.0,0.0,0.0,0.0
58121,0.0,0.0,0.0,0.0,0.0,0.0,1700.0,86.0,214.0
58177,1008.0,0.0,13.0,0.0,354.0,61.0,0.0,3.0,561.0
58207,70.0,0.0,1.0,0.0,0.0,4.0,1210.0,38.0,677.0
58211,267.0,0.0,0.0,0.0,25.0,1187.0,0.0,0.0,521.0
58252,0.0,0.0,0.0,0.0,0.0,0.0,0.0,1924.0,76.0
58293,10.0,0.0,1.0,0.0,0.0,75.0,349.0,5.0,1560.0
58322,30.0,0.0,0.0,0.0,1.0,5.0,530.0,214.0,1220.0
58333,717.0,0.0,7.0,0.0,167.0,0.0,2.0,7.0,1100.0
58345,0.0,0.0,0.0,0.0,0.0,0.0,1851.0,3.0,146.0
58364,0.0,0.0,0.0,0.0,0.0,0.0,36.0,1654.0,310.0
58365,1293.0,0.0,79.0,0.0,0.0,0.0,229.0,217.0,182.0
58372,140.0,0.0,42.0,0.0,0.0,0.0,673.0,691.0,454.0
58399,1.0,0.0,0.0,0.0,0.0,0.0,521.0,236.0,1242.0
58403,0.0,0.0,0.0,0.0,0.0,0.0,702.0,448.0,850.0
58417,0.0,0.0,0.0,0.0,0.0,0.0,1569.0,0.0,431.0
58474,1226.0,0.0,13.0,0.0,13.0,32.0,15.0,10.0,691.0
58497,1508.0,0.0,1.0,0.0,68.0,257.0,6.0,0.0,160.0
58559,0.0,0.0,0.0,0.0,0.0,0.0,84.0,912.0,1004.0
58605,4.0,0.0,0.0,0.0,14.0,1885.0,10.0,0.0,87.0
58615,137.0,0.0,2.0,0.0,0.0,2.0,1502.0,62.0,295.0
58676,7.0,0.0,2.0,0.0,1.0,0.0,359.0,720.0,911.0
58677,74.0,0.0,0.0,0.0,10.0,323.0,292.0,5.0,1296.0
58690,1.0,0.0,0.0,0.0,0.0,0.0,711.0,467.0,821.0
58713,0.0,0.0,0.0,0.0,0.0,0.0,264.0,966.0,770.0
58800,1885.0,0.0,0.0,0.0,58.0,0.0,0.0,0.0,57.0
58827,1358.0,0.0,0.0,0.0,471.0,21.0,0.0,0.0,150.0
58842,0.0,0.0,0.0,0.0,0.0,0.0,632.0,449.0,919.0
58860,0.0,0.0,0.0,0.0,0.0,0.0,2000.0,0.0,0.0
58861,1.0,0.0,4.0,0.0,0.0,0.0,0.0,118.0,1877.0
58862,0.0,0.0,0.0,0.0,0.0,0.0,0.0,1720.0,280.0
58895,0.0,0.0,0.0,0.0,0.0,2.0,97.0,1482.0,419.0
58934,237.0,0.0,4.0,0.0,73.0,243.0,2.0,0.0,1441.0
58944,486.0,0.0,12.0,0.0,13.0,379.0,5.0,137.0,968.0
58956,0.0,0.0,0.0,0.0,0.0,1999.0,0.0,0.0,1.0
58968,0.0,0.0,0.0,0.0,0.0,0.0,79.0,1034.0,887.0
58970,433.0,0.0,5.0,0.0,31.0,10.0,796.0,3.0,722.0
59003,0.0,0.0,0.0,0.0,0.0,0.0,16.0,1333.0,651.0
59009,0.0,0.0,0.0,0.0,0.0,0.0,565.0,881.0,554.0
59045,2000.0,0.0,0.0,0.0,0.0,0.0,0.0,0.0,0.0
59063,1136.0,0.0,11.0,0.0,5.0,47.0,319.0,5.0,477.0
59065,0.0,0.0,1.0,0.0,1.0,0.0,1992.0,0.0,6.0
59088,1.0,0.0,0.0,0.0,0.0,0.0,223.0,1195.0,581.0
59095,0.0,0.0,0.0,0.0,0.0,0.0,168.0,1366.0,466.0
59130,34.0,0.0,4.0,0.0,0.0,128.0,151.0,6.0,1677.0
59168,948.0,0.0,11.0,0.0,470.0,0.0,0.0,0.0,571.0
59171,124.0,0.0,3.0,0.0,11.0,144.0,396.0,284.0,1038.0
59182,49.0,0.0,4.0,0.0,0.0,118.0,1604.0,4.0,221.0
59208,0.0,0.0,0.0,0.0,0.0,0.0,17.0,1734.0,249.0
59209,0.0,0.0,0.0,0.0,0.0,1964.0,0.0,0.0,36.0
59246,1.0,0.0,0.0,0.0,7.0,13.0,751.0,531.0,697.0
59287,0.0,0.0,0.0,0.0,1.0,7.0,718.0,191.0,1083.0
59319,1004.0,0.0,17.0,0.0,51.0,89.0,27.0,0.0,812.0
59324,0.0,0.0,0.0,0.0,0.0,0.0,1926.0,0.0,74.0
59398,0.0,0.0,0.0,0.0,0.0,0.0,31.0,1650.0,319.0
59405,14.0,0.0,1.0,0.0,0.0,0.0,817.0,302.0,866.0
59431,50.0,0.0,0.0,0.0,0.0,0.0,587.0,116.0,1247.0
59470,0.0,0.0,0.0,0.0,0.0,0.0,21.0,1738.0,241.0
59480,0.0,0.0,0.0,0.0,0.0,0.0,74.0,1189.0,737.0
59545,1024.0,0.0,1.0,0.0,106.0,125.0,5.0,3.0,736.0
59549,0.0,0.0,0.0,0.0,0.0,1.0,1707.0,0.0,292.0
59620,4.0,0.0,1.0,0.0,6.0,0.0,871.0,843.0,275.0
59658,7.0,0.0,0.0,0.0,0.0,74.0,22.0,0.0,1897.0
59668,1192.0,0.0,16.0,0.0,20.0,47.0,21.0,153.0,551.0
59699,1.0,0.0,0.0,0.0,1.0,6.0,347.0,451.0,1194.0
59705,0.0,0.0,0.0,0.0,0.0,5.0,1722.0,2.0,271.0
59733,0.0,0.0,0.0,0.0,0.0,572.0,0.0,0.0,1428.0
59737,0.0,0.0,0.0,0.0,0.0,0.0,833.0,17.0,1150.0
59739,615.0,0.0,25.0,0.0,153.0,117.0,0.0,4.0,1086.0
59767,694.0,0.0,4.0,0.0,293.0,783.0,0.0,2.0,224.0
59768,1.0,0.0,0.0,0.0,0.0,0.0,50.0,1207.0,742.0
59770,1835.0,0.0,5.0,0.0,0.0,0.0,79.0,0.0,81.0
59792,1743.0,0.0,0.0,0.0,2.0,206.0,25.0,0.0,24.0
59809,0.0,0.0,0.0,0.0,0.0,0.0,1360.0,81.0,559.0
59812,58.0,0.0,1.0,0.0,0.0,74.0,476.0,3.0,1388.0
59816,0.0,0.0,0.0,0.0,1.0,0.0,137.0,1494.0,368.0
59841,2.0,0.0,0.0,0.0,0.0,0.0,43.0,1533.0,422.0
59920,0.0,0.0,0.0,0.0,0.0,0.0,29.0,1057.0,914.0
59925,239.0,0.0,3.0,0.0,7.0,168.0,556.0,132.0,895.0
59936,228.0,0.0,7.0,0.0,14.0,54.0,322.0,268.0,1107.0
59964,8.0,0.0,0.0,0.0,0.0,0.0,358.0,181.0,1453.0
60003,0.0,0.0,0.0,0.0,0.0,0.0,777.0,99.0,1124.0
60013,0.0,0.0,0.0,0.0,0.0,0.0,1.0,1896.0,103.0
60030,365.0,0.0,0.0,0.0,1210.0,235.0,0.0,0.0,190.0
60042,143.0,0.0,0.0,0.0,89.0,1029.0,597.0,2.0,140.0
60086,0.0,0.0,0.0,0.0,0.0,0.0,1464.0,31.0,505.0
60120,240.0,0.0,13.0,0.0,9.0,189.0,2.0,18.0,1529.0
60121,0.0,0.0,0.0,0.0,0.0,0.0,15.0,1274.0,711.0
60122,457.0,0.0,9.0,0.0,0.0,0.0,1477.0,2.0,55.0
60160,0.0,0.0,0.0,0.0,0.0,0.0,60.0,1529.0,411.0
60164,0.0,0.0,0.0,0.0,0.0,0.0,518.0,1130.0,352.0
60211,1.0,0.0,0.0,0.0,0.0,0.0,197.0,1222.0,580.0
60221,1722.0,0.0,0.0,0.0,63.0,8.0,4.0,0.0,203.0
60238,0.0,0.0,0.0,0.0,0.0,2.0,653.0,154.0,1191.0
60243,2.0,0.0,0.0,0.0,2.0,8.0,74.0,1152.0,762.0
60280,0.0,0.0,0.0,0.0,0.0,0.0,745.0,114.0,1141.0
60295,0.0,0.0,0.0,0.0,0.0,193.0,42.0,0.0,1765.0
60297,0.0,0.0,0.0,0.0,0.0,0.0,2000.0,0.0,0.0
60309,1976.0,0.0,0.0,0.0,15.0,0.0,0.0,0.0,9.0
60322,9.0,0.0,0.0,0.0,0.0,0.0,597.0,533.0,861.0
60365,0.0,0.0,0.0,0.0,0.0,0.0,259.0,769.0,972.0
60403,0.0,0.0,0.0,0.0,0.0,0.0,28.0,1616.0,356.0
60437,0.0,0.0,0.0,0.0,0.0,0.0,633.0,106.0,1261.0
60438,292.0,0.0,0.0,0.0,0.0,0.0,1708.0,0.0,0.0
60439,105.0,0.0,5.0,0.0,0.0,0.0,422.0,484.0,984.0
60442,212.0,0.0,7.0,0.0,23.0,43.0,458.0,821.0,436.0
60457,1850.0,0.0,0.0,0.0,144.0,0.0,0.0,0.0,6.0
60478,3.0,0.0,0.0,0.0,1997.0,0.0,0.0,0.0,0.0
60483,0.0,0.0,0.0,0.0,0.0,0.0,486.0,161.0,1353.0
60488,1477.0,0.0,2.0,0.0,2.0,70.0,409.0,0.0,40.0
60496,0.0,0.0,0.0,0.0,0.0,0.0,1675.0,149.0,176.0
60508,2.0,0.0,0.0,0.0,0.0,14.0,1688.0,14.0,282.0
60515,820.0,0.0,30.0,0.0,12.0,174.0,7.0,50.0,907.0
60527,0.0,0.0,0.0,0.0,0.0,0.0,24.0,1919.0,57.0
60558,1961.0,0.0,0.0,0.0,1.0,0.0,28.0,1.0,9.0
60566,94.0,0.0,2.0,0.0,82.0,1689.0,10.0,1.0,122.0
60572,1861.0,0.0,5.0,0.0,2.0,0.0,0.0,1.0,131.0
60584,2000.0,0.0,0.0,0.0,0.0,0.0,0.0,0.0,0.0
60585,1212.0,0.0,0.0,0.0,127.0,337.0,1.0,0.0,323.0
60602,0.0,0.0,0.0,0.0,0.0,0.0,880.0,0.0,1120.0
60624,564.0,0.0,7.0,0.0,15.0,424.0,7.0,6.0,977.0
60636,1.0,0.0,0.0,0.0,0.0,0.0,68.0,1314.0,617.0
60699,0.0,0.0,0.0,0.0,184.0,1697.0,38.0,0.0,81.0
60707,994.0,0.0,3.0,0.0,50.0,629.0,1.0,0.0,323.0
60743,6.0,0.0,0.0,0.0,0.0,0.0,536.0,359.0,1099.0
60796,289.0,0.0,17.0,0.0,0.0,23.0,8.0,688.0,975.0
60814,0.0,0.0,0.0,0.0,0.0,0.0,290.0,659.0,1051.0
60848,1153.0,0.0,0.0,0.0,545.0,0.0,0.0,0.0,302.0
60888,0.0,0.0,0.0,0.0,0.0,0.0,4.0,1628.0,368.0
60889,0.0,0.0,0.0,0.0,0.0,0.0,35.0,1658.0,307.0
60891,21.0,0.0,2.0,0.0,0.0,6.0,4.0,1398.0,569.0
60905,204.0,0.0,12.0,0.0,0.0,8.0,1307.0,66.0,403.0
60962,775.0,0.0,15.0,0.0,11.0,17.0,403.0,144.0,635.0
60966,0.0,0.0,0.0,0.0,0.0,0.0,1.0,1871.0,128.0
60978,1787.0,0.0,195.0,0.0,0.0,0.0,0.0,0.0,18.0
60999,0.0,0.0,0.0,0.0,0.0,0.0,54.0,1362.0,584.0
61052,1991.0,0.0,1.0,0.0,0.0,0.0,0.0,0.0,8.0
61069,1343.0,0.0,21.0,0.0,7.0,0.0,144.0,79.0,406.0
61103,1549.0,0.0,8.0,0.0,2.0,0.0,409.0,0.0,32.0
61149,0.0,0.0,0.0,0.0,0.0,79.0,0.0,0.0,1921.0
61184,8.0,0.0,1.0,0.0,0.0,0.0,168.0,1075.0,748.0
61305,9.0,0.0,0.0,0.0,0.0,118.0,150.0,1.0,1722.0
61341,1824.0,0.0,1.0,0.0,6.0,0.0,65.0,9.0,95.0
61355,0.0,0.0,0.0,0.0,1.0,0.0,392.0,430.0,1177.0
61379,34.0,0.0,0.0,0.0,0.0,0.0,1311.0,73.0,582.0
61384,0.0,0.0,0.0,0.0,0.0,0.0,198.0,1063.0,739.0
61417,1287.0,0.0,65.0,0.0,61.0,0.0,0.0,0.0,587.0
61423,0.0,0.0,0.0,0.0,0.0,0.0,244.0,597.0,1159.0
61450,4.0,0.0,0.0,0.0,1913.0,58.0,0.0,0.0,25.0
61463,478.0,0.0,1.0,0.0,0.0,1471.0,25.0,0.0,25.0
61479,0.0,0.0,0.0,0.0,0.0,2000.0,0.0,0.0,0.0
61487,1.0,0.0,0.0,0.0,0.0,0.0,966.0,220.0,813.0
61520,99.0,0.0,7.0,0.0,1.0,7.0,592.0,633.0,661.0
61526,1.0,0.0,0.0,0.0,0.0,4.0,1299.0,18.0,678.0
61635,1236.0,0.0,2.0,0.0,70.0,1.0,190.0,16.0,485.0
61659,1990.0,0.0,0.0,0.0,2.0,6.0,0.0,0.0,2.0
61704,1998.0,0.0,1.0,0.0,0.0,0.0,0.0,1.0,0.0
61722,1998.0,0.0,0.0,0.0,2.0,0.0,0.0,0.0,0.0
61742,750.0,0.0,26.0,0.0,25.0,86.0,101.0,289.0,723.0
61743,0.0,0.0,0.0,0.0,0.0,0.0,1998.0,0.0,2.0
61746,795.0,0.0,3.0,0.0,16.0,0.0,146.0,42.0,998.0
61754,0.0,0.0,0.0,0.0,11.0,0.0,41.0,2.0,1946.0
61796,0.0,0.0,0.0,0.0,0.0,2000.0,0.0,0.0,0.0
61816,61.0,0.0,1.0,0.0,0.0,645.0,1132.0,0.0,161.0
61819,0.0,0.0,0.0,0.0,0.0,0.0,64.0,1146.0,790.0
61858,450.0,0.0,4.0,0.0,25.0,0.0,258.0,621.0,642.0
61861,1606.0,0.0,3.0,0.0,26.0,14.0,81.0,23.0,247.0
61874,1969.0,0.0,0.0,0.0,5.0,0.0,1.0,1.0,24.0
68480,0.0,0.0,0.0,0.0,0.0,0.0,203.0,1668.0,129.0
68482,0.0,0.0,0.0,0.0,0.0,0.0,777.0,1084.0,139.0
68483,0.0,0.0,0.0,0.0,0.0,0.0,445.0,934.0,621.0
68486,2.0,0.0,4.0,0.0,0.0,0.0,1.0,1818.0,175.0
68487,0.0,0.0,0.0,0.0,0.0,1724.0,0.0,0.0,276.0
68488,349.0,0.0,0.0,0.0,1575.0,0.0,0.0,0.0,76.0
68490,0.0,0.0,0.0,0.0,0.0,0.0,8.0,1992.0,0.0
68496,0.0,0.0,0.0,0.0,0.0,0.0,61.0,291.0,1648.0
68497,0.0,0.0,0.0,0.0,0.0,0.0,260.0,1679.0,61.0
68500,0.0,0.0,0.0,0.0,0.0,0.0,0.0,2000.0,0.0
68501,0.0,0.0,0.0,0.0,0.0,0.0,1.0,1954.0,45.0
68502,0.0,0.0,0.0,0.0,0.0,0.0,1511.0,0.0,489.0
68506,0.0,0.0,0.0,0.0,0.0,0.0,488.0,339.0,1173.0
68509,0.0,0.0,0.0,0.0,128.0,148.0,0.0,0.0,1724.0
68513,0.0,0.0,0.0,0.0,0.0,0.0,3.0,1975.0,22.0
68516,0.0,0.0,0.0,0.0,0.0,0.0,283.0,0.0,1717.0
68522,0.0,0.0,0.0,0.0,0.0,0.0,43.0,1829.0,128.0
68527,0.0,0.0,0.0,0.0,0.0,0.0,0.0,2000.0,0.0
68529,0.0,0.0,0.0,0.0,0.0,0.0,2.0,1653.0,345.0
68533,0.0,0.0,0.0,0.0,0.0,0.0,0.0,2000.0,0.0
68537,717.0,0.0,1.0,0.0,1203.0,0.0,0.0,0.0,79.0
68538,0.0,0.0,0.0,0.0,0.0,0.0,103.0,1865.0,32.0
68540,0.0,0.0,0.0,0.0,0.0,0.0,1881.0,0.0,119.0
68541,0.0,0.0,0.0,0.0,0.0,0.0,0.0,1999.0,1.0
68543,0.0,0.0,0.0,0.0,0.0,0.0,1146.0,0.0,854.0
68546,0.0,0.0,0.0,0.0,0.0,0.0,0.0,1995.0,5.0
68548,0.0,0.0,0.0,0.0,0.0,0.0,1995.0,0.0,5.0
68550,0.0,0.0,0.0,0.0,0.0,0.0,2.0,1991.0,7.0
68551,35.0,0.0,0.0,0.0,1652.0,128.0,0.0,0.0,185.0
68565,0.0,0.0,0.0,0.0,0.0,0.0,1.0,1999.0,0.0
68570,0.0,0.0,0.0,0.0,0.0,0.0,122.0,1790.0,88.0
68572,0.0,0.0,0.0,0.0,0.0,0.0,0.0,0.0,2000.0
68574,0.0,0.0,0.0,0.0,0.0,0.0,12.0,1763.0,225.0
68577,137.0,0.0,0.0,0.0,1547.0,228.0,0.0,0.0,88.0
68590,0.0,0.0,0.0,0.0,0.0,0.0,0.0,1762.0,238.0
68591,0.0,0.0,0.0,0.0,0.0,0.0,6.0,1934.0,60.0
68592,0.0,0.0,0.0,0.0,0.0,0.0,202.0,1206.0,592.0
68596,0.0,0.0,0.0,0.0,0.0,0.0,10.0,1696.0,294.0
68601,0.0,0.0,0.0,0.0,0.0,0.0,2.0,1820.0,178.0
68602,0.0,0.0,0.0,0.0,0.0,0.0,1.0,1790.0,209.0
68603,0.0,0.0,0.0,0.0,0.0,38.0,0.0,0.0,1962.0
68606,0.0,0.0,0.0,0.0,0.0,0.0,2.0,1992.0,6.0
68613,0.0,0.0,0.0,0.0,0.0,0.0,1953.0,0.0,47.0
68615,0.0,0.0,0.0,0.0,2000.0,0.0,0.0,0.0,0.0
68619,6.0,0.0,0.0,0.0,1992.0,0.0,0.0,0.0,2.0
68620,0.0,0.0,0.0,0.0,0.0,0.0,325.0,1472.0,203.0
68621,0.0,0.0,0.0,0.0,0.0,0.0,1895.0,0.0,105.0
68624,2000.0,0.0,0.0,0.0,0.0,0.0,0.0,0.0,0.0
68625,0.0,0.0,0.0,0.0,0.0,0.0,1338.0,0.0,662.0
68626,13.0,0.0,0.0,0.0,33.0,298.0,0.0,0.0,1656.0
68634,0.0,0.0,0.0,0.0,0.0,0.0,0.0,2000.0,0.0
68636,0.0,0.0,0.0,0.0,0.0,0.0,26.0,1610.0,364.0
68637,27.0,0.0,0.0,0.0,1955.0,2.0,0.0,0.0,16.0
68639,0.0,0.0,0.0,0.0,1247.0,404.0,91.0,0.0,258.0
68643,0.0,0.0,0.0,0.0,4.0,1976.0,0.0,0.0,20.0
68645,1930.0,0.0,0.0,0.0,68.0,0.0,0.0,0.0,2.0
68646,0.0,0.0,0.0,0.0,0.0,0.0,1546.0,398.0,56.0
68649,2000.0,0.0,0.0,0.0,0.0,0.0,0.0,0.0,0.0
68651,0.0,0.0,0.0,0.0,0.0,2.0,0.0,0.0,1998.0
68653,62.0,0.0,0.0,0.0,4.0,928.0,1.0,0.0,1005.0
68654,0.0,0.0,0.0,0.0,0.0,0.0,483.0,1367.0,150.0
68655,0.0,0.0,0.0,0.0,0.0,0.0,0.0,0.0,2000.0
68657,0.0,0.0,0.0,0.0,0.0,0.0,0.0,2000.0,0.0
68659,0.0,0.0,0.0,0.0,0.0,0.0,0.0,1996.0,4.0
68661,2000.0,0.0,0.0,0.0,0.0,0.0,0.0,0.0,0.0
68662,0.0,0.0,0.0,0.0,0.0,0.0,96.0,973.0,931.0
68670,0.0,0.0,0.0,0.0,0.0,0.0,3.0,1668.0,329.0
68674,0.0,0.0,0.0,0.0,0.0,0.0,0.0,2000.0,0.0
68675,0.0,0.0,0.0,0.0,0.0,0.0,212.0,1108.0,680.0
68676,0.0,0.0,0.0,0.0,0.0,0.0,156.0,1759.0,85.0
68679,0.0,0.0,0.0,0.0,0.0,0.0,3.0,1977.0,20.0
68680,285.0,0.0,0.0,0.0,1484.0,25.0,0.0,0.0,206.0
68682,0.0,0.0,0.0,0.0,0.0,0.0,25.0,1956.0,19.0
68687,0.0,0.0,0.0,0.0,0.0,0.0,2.0,1944.0,54.0
68688,0.0,0.0,0.0,0.0,0.0,0.0,11.0,1842.0,147.0
68689,0.0,0.0,0.0,0.0,0.0,0.0,0.0,2000.0,0.0
68692,0.0,0.0,0.0,0.0,0.0,0.0,11.0,1789.0,200.0
68696,0.0,0.0,0.0,0.0,0.0,0.0,0.0,1993.0,7.0
68697,2000.0,0.0,0.0,0.0,0.0,0.0,0.0,0.0,0.0
68699,0.0,0.0,0.0,0.0,0.0,0.0,6.0,1961.0,33.0
68700,0.0,0.0,0.0,0.0,0.0,0.0,2000.0,0.0,0.0
68701,0.0,0.0,0.0,0.0,0.0,0.0,1934.0,0.0,66.0
68703,0.0,0.0,0.0,0.0,0.0,0.0,1985.0,0.0,15.0
68704,0.0,0.0,0.0,0.0,0.0,0.0,1547.0,328.0,125.0
68705,0.0,0.0,0.0,0.0,0.0,0.0,17.0,1831.0,152.0
68706,0.0,0.0,0.0,0.0,0.0,0.0,6.0,1734.0,260.0
68707,0.0,0.0,0.0,0.0,0.0,0.0,2000.0,0.0,0.0
68708,5.0,0.0,0.0,0.0,1552.0,73.0,0.0,0.0,370.0
68709,0.0,0.0,0.0,0.0,0.0,0.0,267.0,1701.0,32.0
68712,0.0,0.0,0.0,0.0,0.0,0.0,3.0,1750.0,247.0
68713,0.0,0.0,0.0,0.0,0.0,0.0,27.0,1795.0,178.0
68714,0.0,0.0,0.0,0.0,0.0,0.0,0.0,2000.0,0.0
68715,2000.0,0.0,0.0,0.0,0.0,0.0,0.0,0.0,0.0
68719,0.0,0.0,0.0,0.0,0.0,0.0,0.0,2000.0,0.0
68723,0.0,0.0,0.0,0.0,0.0,0.0,3.0,1836.0,161.0
68728,0.0,0.0,0.0,0.0,0.0,0.0,0.0,2000.0,0.0
68731,0.0,0.0,0.0,0.0,0.0,0.0,91.0,1575.0,334.0
68733,0.0,0.0,0.0,0.0,0.0,0.0,2000.0,0.0,0.0
68734,0.0,0.0,0.0,0.0,0.0,0.0,5.0,1649.0,346.0
68735,2.0,0.0,0.0,0.0,1956.0,1.0,0.0,0.0,41.0
68738,0.0,0.0,0.0,0.0,0.0,0.0,84.0,1724.0,192.0
68740,0.0,0.0,0.0,0.0,0.0,0.0,0.0,2000.0,0.0
68742,2000.0,0.0,0.0,0.0,0.0,0.0,0.0,0.0,0.0
68751,2000.0,0.0,0.0,0.0,0.0,0.0,0.0,0.0,0.0
68756,0.0,0.0,0.0,0.0,0.0,0.0,8.0,1967.0,25.0
68757,0.0,0.0,0.0,0.0,0.0,0.0,0.0,2000.0,0.0
68758,0.0,0.0,0.0,0.0,0.0,413.0,0.0,0.0,1587.0
68761,0.0,0.0,0.0,0.0,0.0,0.0,1410.0,245.0,345.0
68763,0.0,0.0,0.0,0.0,685.0,162.0,0.0,0.0,1153.0
68764,0.0,0.0,0.0,0.0,0.0,0.0,42.0,1711.0,247.0
68767,0.0,0.0,0.0,0.0,0.0,0.0,0.0,2000.0,0.0
68771,0.0,0.0,0.0,0.0,0.0,0.0,67.0,1418.0,515.0
68772,0.0,0.0,0.0,0.0,0.0,417.0,0.0,0.0,1583.0
68777,0.0,0.0,0.0,0.0,0.0,0.0,976.0,915.0,109.0
68782,0.0,0.0,0.0,0.0,0.0,0.0,0.0,1982.0,18.0
68783,0.0,0.0,0.0,0.0,0.0,0.0,0.0,1546.0,454.0
68787,0.0,0.0,0.0,0.0,0.0,0.0,6.0,1994.0,0.0
68788,1425.0,0.0,0.0,0.0,341.0,64.0,0.0,0.0,170.0
68790,1294.0,0.0,0.0,0.0,414.0,0.0,0.0,0.0,292.0
68791,0.0,0.0,0.0,0.0,0.0,0.0,13.0,1936.0,51.0
68792,0.0,0.0,0.0,0.0,0.0,0.0,11.0,1984.0,5.0
68798,86.0,0.0,0.0,0.0,1570.0,46.0,0.0,0.0,298.0
68799,2.0,0.0,0.0,0.0,0.0,0.0,34.0,1622.0,342.0
68800,0.0,0.0,0.0,0.0,0.0,0.0,1183.0,0.0,817.0
68802,121.0,0.0,0.0,0.0,1168.0,0.0,0.0,0.0,711.0
68808,0.0,0.0,0.0,0.0,0.0,0.0,25.0,1836.0,139.0
68810,0.0,0.0,0.0,0.0,0.0,0.0,2.0,1946.0,52.0
68811,21.0,0.0,1.0,0.0,0.0,19.0,51.0,761.0,1147.0
68813,0.0,0.0,0.0,0.0,0.0,0.0,2.0,1757.0,241.0
68817,0.0,0.0,0.0,0.0,0.0,0.0,2.0,1984.0,14.0
68819,0.0,0.0,0.0,0.0,1185.0,48.0,0.0,0.0,767.0
68821,0.0,0.0,0.0,0.0,0.0,0.0,2000.0,0.0,0.0
68822,0.0,0.0,0.0,0.0,0.0,684.0,0.0,0.0,1316.0
68826,0.0,0.0,0.0,0.0,0.0,100.0,0.0,0.0,1900.0
68828,0.0,0.0,0.0,0.0,0.0,0.0,0.0,1998.0,2.0
68830,0.0,0.0,0.0,0.0,1.0,0.0,127.0,1368.0,504.0
68841,0.0,0.0,0.0,0.0,0.0,0.0,426.0,0.0,1574.0
68849,0.0,0.0,0.0,0.0,0.0,0.0,0.0,1998.0,2.0
68851,1.0,0.0,0.0,0.0,1.0,0.0,15.0,1620.0,363.0
68852,0.0,0.0,0.0,0.0,0.0,151.0,0.0,0.0,1849.0
68853,0.0,0.0,0.0,0.0,0.0,0.0,1.0,1596.0,403.0
68861,0.0,0.0,0.0,0.0,0.0,0.0,1798.0,0.0,202.0
68862,385.0,0.0,0.0,0.0,1341.0,0.0,0.0,0.0,274.0
68866,0.0,0.0,0.0,0.0,0.0,0.0,69.0,1681.0,250.0
68867,0.0,0.0,0.0,0.0,0.0,0.0,0.0,2000.0,0.0
68871,1996.0,0.0,0.0,0.0,1.0,0.0,0.0,0.0,3.0
68874,0.0,0.0,0.0,0.0,0.0,0.0,256.0,1631.0,113.0
68876,631.0,0.0,18.0,0.0,746.0,12.0,85.0,19.0,489.0
68880,169.0,0.0,0.0,0.0,1654.0,7.0,0.0,0.0,170.0
68887,0.0,0.0,0.0,0.0,0.0,0.0,10.0,1668.0,322.0
68889,1805.0,0.0,0.0,0.0,48.0,0.0,0.0,0.0,147.0
68894,3.0,0.0,0.0,0.0,2.0,595.0,0.0,0.0,1400.0
68896,0.0,0.0,0.0,0.0,0.0,0.0,0.0,2000.0,0.0
68899,0.0,0.0,0.0,0.0,0.0,0.0,204.0,1639.0,157.0
68906,0.0,0.0,0.0,0.0,0.0,0.0,146.0,1791.0,63.0
68908,0.0,0.0,0.0,0.0,0.0,0.0,12.0,1523.0,465.0
68909,0.0,0.0,0.0,0.0,0.0,0.0,0.0,1704.0,296.0
68913,0.0,0.0,0.0,0.0,0.0,0.0,0.0,2000.0,0.0
68915,0.0,0.0,0.0,0.0,0.0,0.0,154.0,1716.0,130.0
68916,0.0,0.0,0.0,0.0,0.0,0.0,85.0,1396.0,519.0
68917,1883.0,0.0,0.0,0.0,40.0,0.0,0.0,0.0,77.0
68919,0.0,0.0,0.0,0.0,0.0,0.0,14.0,1801.0,185.0
68923,0.0,0.0,0.0,0.0,0.0,0.0,178.0,1586.0,236.0
68925,0.0,0.0,0.0,0.0,0.0,0.0,1.0,1655.0,344.0
68926,14.0,0.0,0.0,0.0,1980.0,0.0,0.0,0.0,6.0
68927,0.0,0.0,0.0,0.0,0.0,0.0,810.0,829.0,361.0
68928,0.0,0.0,0.0,0.0,1.0,0.0,2.0,1767.0,230.0
68939,0.0,0.0,0.0,0.0,0.0,0.0,373.0,0.0,1627.0
68942,0.0,0.0,0.0,0.0,0.0,0.0,26.0,1874.0,100.0
68944,0.0,0.0,0.0,0.0,602.0,0.0,0.0,0.0,1398.0
68947,0.0,0.0,0.0,0.0,0.0,0.0,355.0,1552.0,93.0
68948,0.0,0.0,0.0,0.0,0.0,0.0,52.0,1453.0,495.0
68950,0.0,0.0,0.0,0.0,0.0,0.0,0.0,1842.0,158.0
68956,8.0,0.0,3.0,0.0,0.0,0.0,0.0,1826.0,163.0
68965,0.0,0.0,0.0,0.0,0.0,0.0,0.0,1982.0,18.0
68966,0.0,0.0,0.0,0.0,0.0,0.0,263.0,886.0,851.0
68968,0.0,0.0,0.0,0.0,0.0,0.0,2000.0,0.0,0.0
68970,2000.0,0.0,0.0,0.0,0.0,0.0,0.0,0.0,0.0
68974,0.0,0.0,0.0,0.0,0.0,0.0,535.0,1301.0,164.0
68977,0.0,0.0,0.0,0.0,0.0,0.0,507.0,1384.0,109.0
68979,0.0,0.0,0.0,0.0,0.0,2000.0,0.0,0.0,0.0
68980,238.0,0.0,0.0,0.0,1730.0,0.0,0.0,0.0,32.0
68982,0.0,0.0,0.0,0.0,0.0,0.0,263.0,1442.0,295.0
68985,0.0,0.0,0.0,0.0,0.0,0.0,12.0,1547.0,441.0
68987,0.0,0.0,0.0,0.0,0.0,2000.0,0.0,0.0,0.0
68995,6.0,0.0,0.0,0.0,15.0,260.0,0.0,0.0,1719.0
68996,0.0,0.0,0.0,0.0,0.0,0.0,0.0,2000.0,0.0
68997,99.0,0.0,3.0,0.0,639.0,959.0,0.0,1.0,299.0
69001,1611.0,0.0,0.0,0.0,272.0,0.0,0.0,0.0,117.0
69002,0.0,0.0,0.0,0.0,0.0,0.0,0.0,2000.0,0.0
69005,0.0,0.0,0.0,0.0,0.0,45.0,0.0,0.0,1955.0
69007,2000.0,0.0,0.0,0.0,0.0,0.0,0.0,0.0,0.0
69008,0.0,0.0,0.0,0.0,0.0,0.0,742.0,1057.0,201.0
69009,2000.0,0.0,0.0,0.0,0.0,0.0,0.0,0.0,0.0
69013,0.0,0.0,0.0,0.0,0.0,0.0,0.0,2000.0,0.0
69015,167.0,0.0,0.0,0.0,0.0,855.0,23.0,0.0,955.0
69016,0.0,0.0,0.0,0.0,0.0,0.0,2000.0,0.0,0.0
69020,2000.0,0.0,0.0,0.0,0.0,0.0,0.0,0.0,0.0
69026,0.0,0.0,0.0,0.0,0.0,0.0,166.0,1567.0,267.0
69027,0.0,0.0,0.0,0.0,0.0,0.0,12.0,1797.0,191.0
69030,0.0,0.0,0.0,0.0,0.0,0.0,72.0,1740.0,188.0
69034,8.0,0.0,0.0,0.0,843.0,732.0,2.0,0.0,415.0
69037,0.0,0.0,0.0,0.0,0.0,251.0,0.0,0.0,1749.0
69039,0.0,0.0,0.0,0.0,0.0,0.0,1595.0,1.0,404.0
69041,9.0,0.0,0.0,0.0,1937.0,1.0,0.0,0.0,53.0
69050,0.0,0.0,0.0,0.0,0.0,0.0,2.0,1989.0,9.0
69053,0.0,0.0,0.0,0.0,0.0,0.0,17.0,1973.0,10.0
69054,0.0,0.0,0.0,0.0,0.0,0.0,57.0,0.0,1943.0
69056,0.0,0.0,0.0,0.0,0.0,0.0,530.0,980.0,490.0
69059,0.0,0.0,0.0,0.0,0.0,1990.0,0.0,0.0,10.0
69061,1720.0,0.0,0.0,0.0,255.0,0.0,0.0,0.0,25.0
69062,0.0,0.0,0.0,0.0,0.0,0.0,31.0,1883.0,86.0
69064,6.0,0.0,0.0,0.0,0.0,1.0,0.0,2.0,1991.0
69068,0.0,0.0,0.0,0.0,0.0,0.0,1.0,1978.0,21.0
69069,5.0,0.0,0.0,0.0,1990.0,0.0,0.0,0.0,5.0
69074,1849.0,0.0,0.0,0.0,59.0,0.0,0.0,0.0,92.0
69079,0.0,0.0,0.0,0.0,0.0,0.0,761.0,1072.0,167.0
69082,607.0,0.0,0.0,0.0,1289.0,0.0,0.0,0.0,104.0
69088,4.0,0.0,0.0,0.0,1995.0,0.0,0.0,0.0,1.0
69089,0.0,0.0,0.0,0.0,1992.0,3.0,0.0,0.0,5.0
69090,0.0,0.0,0.0,0.0,0.0,0.0,279.0,1060.0,661.0
69091,0.0,0.0,0.0,0.0,0.0,0.0,17.0,1906.0,77.0
69093,0.0,0.0,0.0,0.0,0.0,0.0,598.0,627.0,775.0
69096,1386.0,0.0,0.0,0.0,271.0,0.0,0.0,0.0,343.0
69098,17.0,0.0,0.0,0.0,1850.0,103.0,0.0,0.0,30.0
69100,0.0,0.0,0.0,0.0,0.0,0.0,0.0,2000.0,0.0
69101,0.0,0.0,0.0,0.0,2000.0,0.0,0.0,0.0,0.0
69104,7.0,0.0,0.0,0.0,5.0,656.0,1.0,0.0,1331.0
69105,0.0,0.0,0.0,0.0,0.0,0.0,55.0,1798.0,147.0
69106,1.0,0.0,0.0,0.0,5.0,22.0,0.0,0.0,1972.0
69112,0.0,0.0,0.0,0.0,0.0,0.0,1825.0,0.0,175.0
69113,0.0,0.0,0.0,0.0,0.0,0.0,8.0,1703.0,289.0
69115,0.0,0.0,0.0,0.0,0.0,0.0,0.0,0.0,2000.0
69116,0.0,0.0,0.0,0.0,0.0,0.0,22.0,1707.0,271.0
69118,0.0,0.0,0.0,0.0,0.0,0.0,1996.0,0.0,4.0
69120,0.0,0.0,0.0,0.0,0.0,0.0,37.0,1611.0,352.0
69121,0.0,0.0,0.0,0.0,0.0,0.0,3.0,1770.0,227.0
69126,0.0,0.0,0.0,0.0,0.0,0.0,7.0,1718.0,275.0
69134,0.0,0.0,0.0,0.0,0.0,0.0,0.0,2000.0,0.0
69135,737.0,0.0,0.0,0.0,1039.0,0.0,0.0,0.0,224.0
69136,0.0,0.0,0.0,0.0,0.0,0.0,0.0,2000.0,0.0
69137,0.0,0.0,0.0,0.0,0.0,0.0,0.0,2000.0,0.0
69139,0.0,0.0,0.0,0.0,0.0,0.0,5.0,1876.0,119.0
69140,0.0,0.0,0.0,0.0,0.0,0.0,1.0,1526.0,473.0
69141,0.0,0.0,0.0,0.0,0.0,0.0,8.0,1885.0,107.0
69144,0.0,0.0,0.0,0.0,0.0,0.0,1989.0,0.0,11.0
69146,0.0,0.0,0.0,0.0,0.0,0.0,1.0,1999.0,0.0
69151,0.0,0.0,0.0,0.0,0.0,0.0,35.0,0.0,1965.0
69152,0.0,0.0,0.0,0.0,0.0,0.0,1.0,1998.0,1.0
69154,2000.0,0.0,0.0,0.0,0.0,0.0,0.0,0.0,0.0
69156,0.0,0.0,0.0,0.0,0.0,0.0,2000.0,0.0,0.0
69163,1.0,0.0,0.0,0.0,2.0,1435.0,0.0,0.0,562.0
69164,0.0,0.0,0.0,0.0,0.0,0.0,0.0,2000.0,0.0
69165,0.0,0.0,0.0,0.0,0.0,0.0,476.0,10.0,1514.0
69168,0.0,0.0,0.0,0.0,0.0,0.0,4.0,1808.0,188.0
69170,0.0,0.0,0.0,0.0,0.0,0.0,1978.0,0.0,22.0
69171,0.0,0.0,0.0,0.0,0.0,0.0,1993.0,0.0,7.0
69173,0.0,0.0,0.0,0.0,0.0,0.0,0.0,2000.0,0.0
69178,0.0,0.0,0.0,0.0,0.0,0.0,0.0,2000.0,0.0
69181,47.0,0.0,0.0,0.0,1939.0,0.0,0.0,0.0,14.0
69184,0.0,0.0,0.0,0.0,0.0,1.0,865.0,594.0,540.0
69188,0.0,0.0,0.0,0.0,0.0,0.0,2000.0,0.0,0.0
69192,0.0,0.0,0.0,0.0,0.0,0.0,1570.0,310.0,120.0
69197,15.0,0.0,0.0,0.0,1262.0,463.0,0.0,0.0,260.0
69198,0.0,0.0,0.0,0.0,0.0,1993.0,0.0,0.0,7.0
69207,0.0,0.0,0.0,0.0,0.0,1983.0,0.0,0.0,17.0
69213,0.0,0.0,0.0,0.0,0.0,0.0,459.0,675.0,866.0
69219,0.0,0.0,0.0,0.0,0.0,0.0,48.0,1865.0,87.0
69223,0.0,0.0,0.0,0.0,0.0,0.0,1999.0,0.0,1.0
69225,3.0,0.0,0.0,0.0,1987.0,0.0,0.0,0.0,10.0
69228,0.0,0.0,0.0,0.0,0.0,0.0,0.0,0.0,2000.0
69229,0.0,0.0,0.0,0.0,0.0,0.0,375.0,0.0,1625.0
69230,1249.0,0.0,0.0,0.0,382.0,0.0,0.0,0.0,369.0
69233,1317.0,0.0,3.0,0.0,499.0,0.0,0.0,0.0,181.0
69238,0.0,0.0,0.0,0.0,0.0,6.0,0.0,0.0,1994.0
69242,0.0,0.0,0.0,0.0,1.0,1756.0,0.0,0.0,243.0
69248,0.0,0.0,0.0,0.0,0.0,0.0,11.0,1735.0,254.0
69251,1.0,0.0,1.0,0.0,0.0,0.0,888.0,0.0,1110.0
69253,0.0,0.0,0.0,0.0,0.0,0.0,2000.0,0.0,0.0
69254,0.0,0.0,0.0,0.0,0.0,0.0,323.0,1607.0,70.0
69257,1.0,0.0,0.0,0.0,1.0,40.0,0.0,0.0,1958.0
69262,1194.0,0.0,1.0,0.0,678.0,0.0,0.0,0.0,127.0
69265,1651.0,0.0,0.0,0.0,77.0,0.0,0.0,0.0,272.0
69268,0.0,0.0,0.0,0.0,0.0,0.0,287.0,1459.0,254.0
69269,0.0,0.0,0.0,0.0,0.0,0.0,15.0,1605.0,380.0
69270,0.0,0.0,0.0,0.0,0.0,0.0,79.0,0.0,1921.0
69271,0.0,0.0,0.0,0.0,0.0,0.0,1701.0,220.0,79.0
69275,0.0,0.0,0.0,0.0,0.0,0.0,0.0,2000.0,0.0
69276,0.0,0.0,0.0,0.0,1998.0,0.0,0.0,0.0,2.0
69277,0.0,0.0,0.0,0.0,11.0,1598.0,0.0,0.0,391.0
69280,0.0,0.0,0.0,0.0,0.0,0.0,79.0,1534.0,387.0
69284,0.0,0.0,0.0,0.0,0.0,0.0,557.0,1289.0,154.0
69290,53.0,0.0,0.0,0.0,233.0,139.0,0.0,0.0,1575.0
69296,0.0,0.0,0.0,0.0,0.0,0.0,2000.0,0.0,0.0
69297,0.0,0.0,0.0,0.0,0.0,0.0,1884.0,40.0,76.0
69299,242.0,0.0,23.0,0.0,1099.0,0.0,0.0,1.0,635.0
69301,0.0,0.0,0.0,0.0,0.0,0.0,2000.0,0.0,0.0
69308,0.0,0.0,0.0,0.0,0.0,0.0,8.0,1678.0,314.0
69312,0.0,0.0,0.0,0.0,0.0,0.0,2.0,1763.0,235.0
69313,0.0,0.0,0.0,0.0,0.0,2000.0,0.0,0.0,0.0
69317,0.0,0.0,0.0,0.0,0.0,0.0,527.0,197.0,1276.0
69322,0.0,0.0,0.0,0.0,0.0,0.0,780.0,0.0,1220.0
69324,312.0,0.0,22.0,0.0,18.0,13.0,27.0,1137.0,471.0
69326,0.0,0.0,0.0,0.0,0.0,0.0,200.0,1739.0,61.0
