,ct_gene_corr,ct_correlates
24,-0.0028900954498132857,False
41,-0.00439963015869728,False
60,-0.0008198094881681771,False
71,-0.0055125164113790205,False
77,0.007042410885972907,False
88,-0.005570415538459979,False
99,-0.009280096286471091,False
148,-0.005816625463764872,False
173,-0.020310613930558094,False
177,-0.008411607177049212,False
242,-0.006425855521126471,False
271,-0.003655457938408244,False
281,-0.009218776065483186,False
319,-0.003536638661065839,False
336,-0.01040121540200558,False
345,-0.005855080651177681,False
351,-0.009149316949252289,False
364,0.0009153210141078806,False
365,-0.004669829863457225,False
437,-0.003019962953467429,False
441,-0.0041111017781293845,False
460,-0.011686914350700652,False
513,-0.0064217906693560785,False
525,-0.0025156540571143527,False
543,0.03895308305031879,False
544,-0.005635142479373617,False
562,-0.01686856508333842,False
568,-0.0077155165239186155,False
569,-0.0034224180644348815,False
598,-0.003052634521124793,False
608,-0.004039231053676107,False
609,-0.00041277038133362534,False
618,-0.008947689182289865,False
620,-0.006534783551329825,False
651,-0.08978730917347003,False
655,-0.004280998533100002,False
681,-0.00031213845023402844,False
683,-0.016476145372783857,False
685,-0.01643556664617842,False
691,-0.016575431526976842,False
694,-0.035324330221790275,False
700,0.00010153083989353677,False
712,-0.0075218831927322495,False
725,-0.005362805544340722,False
731,-0.05011835602818675,False
735,-0.0076578931998607935,False
761,-0.0025179734751899162,False
784,-0.005524357497607351,False
800,-0.0032127130343419397,False
803,-0.00952167687417632,False
818,-0.003955486554278911,False
898,-0.002652682747887447,False
907,-0.010700985374798636,False
921,-0.003319400279041838,False
970,-0.014429139755189722,False
980,-0.010802930268011381,False
1021,-0.0035177019640459943,False
1057,-0.0016926241250567586,False
1063,-0.004966948845469653,False
1084,-0.002227762491285648,False
1165,-0.007253952146145371,False
1171,-0.006792666164192158,False
1208,-0.002824519050429355,False
1209,-0.0003794429902171932,False
1247,-0.003698585187028812,False
1294,-0.00573032935290628,False
1296,-0.006773019908017573,False
1305,-0.004927961175290511,False
1341,-0.004038736686524264,False
1372,-0.004872740962505648,False
1378,-0.0017741984900761416,False
1404,-0.005773686912034691,False
1415,-0.0032240010139082385,False
1431,-0.017325519372633266,False
1432,-0.01363243981884793,False
1443,-0.017806501597915175,False
1453,-0.005442480133402599,False
1466,-0.007281264484832047,False
1467,-0.005816637229371837,False
1492,-0.00901127326834751,False
1496,-0.0018190589684289888,False
1499,-0.005600329716718729,False
1518,-0.002044949373070518,False
1547,-0.005133305877205847,False
1561,-0.00603457796209334,False
1575,-0.005897039494266348,False
1580,-0.007667211799731349,False
1582,0.05993940755652535,False
1588,-0.00462674519392348,False
1596,-0.00907626564452134,False
1604,-0.00512124122457664,False
1605,-0.002794107708577094,False
1612,-0.009520691131640498,False
1618,0.0013335389881381312,False
1623,0.0212783699717864,False
1639,-0.007871948285368044,False
1652,-0.004584259416043072,False
1653,-0.008739447917139195,False
1668,-0.005325583426140658,False
1673,-0.0032835783654929247,False
1686,-0.005186488389350033,False
1688,-0.008344627672068098,False
1696,-0.0018499530939387286,False
1704,-0.0004154994469280254,False
1705,-0.004995885676350372,False
1706,0.0006437779025792385,False
1708,0.0013537946669109591,False
1718,0.06122442922053992,False
1719,-0.006178347076404675,False
1726,-0.007638121198217689,False
1731,-0.007404319899372165,False
1752,-0.006803625075035928,False
1772,-0.0025662613319035604,False
1779,0.04783355189556049,False
1791,-0.003806524569694605,False
1793,-0.012290283969277458,False
1801,-0.024850245846819736,False
1807,-0.004903853496475918,False
1809,0.05968260284715323,False
1838,-0.007659787516775142,False
1848,-0.0018414680841707426,False
1855,-0.0017553334207574035,False
1859,0.0232557419504724,False
1867,-0.008252135367217578,False
1890,-0.013661452124377482,False
1892,-0.005238067815720814,False
1904,-0.0071958153859461565,False
1931,-0.00019830808484394354,False
1935,-0.002531257589484221,False
1937,-0.002277129437241622,False
1975,0.08740640434326159,True
2000,-0.0264197879259673,False
2008,-0.00896771517800733,False
2010,-0.011847657171788536,False
2011,-0.0036660063066833956,False
2029,-0.06217237276916265,False
2033,-0.0023494978164056253,False
2048,-0.000478334579575793,False
2056,-0.0070304562339211915,False
2059,-0.0027523824929219167,False
2066,0.027862041260321598,False
2081,-0.003879377288765523,False
2089,0.012868771219570368,False
2112,0.024437959888727875,False
2115,0.051802025598950786,False
2124,0.04365762112308485,False
2145,0.004191682326511819,False
2155,-0.017423208446194896,False
2156,-0.0020163510384409804,False
2160,-0.002500679667094084,False
2167,-0.003099921931630382,False
2185,0.041629482195744284,False
2201,-0.001329062401552502,False
2207,-0.009687098761357508,False
2225,-0.003943230709490601,False
2229,0.005195804951169891,False
2235,-0.004294815974064961,False
2243,-0.003240465526781974,False
2244,-0.005146719982727863,False
2247,0.10223689734462625,True
2248,-0.004828090585928763,False
2249,0.03029956421189481,False
2254,-0.08643219909099771,False
2255,-0.005394068041729963,False
2258,-0.015396567760521247,False
2264,-0.055993899768389685,False
2272,-0.00344571215144939,False
2280,-0.009126203597665108,False
2286,0.04925036465614718,False
2288,-0.036739560636606015,False
2299,-0.0063761164272074945,False
2340,-0.000562627553926054,False
2355,-0.005684766738375275,False
2372,0.14902500775019534,True
2373,0.06347336556279562,False
2374,0.0030458668744064855,False
2378,-0.008278723536525898,False
2379,0.0012240410016952953,False
2396,-0.03436874799365921,False
2397,-0.1041792677604573,False
2399,-0.08970682627889387,False
2410,0.01060086826983305,False
2425,0.09753684322291686,True
2430,0.006892532795751245,False
2431,-0.006351895797266367,False
2433,0.04187827726055054,False
2449,-0.007151452559231691,False
2454,-0.0025862014164760275,False
2455,0.0018265834665212636,False
2461,-0.0019075383497810783,False
2465,-0.0064301816084881775,False
2466,-0.0028733380944531216,False
2477,0.0008253707800252372,False
2503,0.017296839188873026,False
2506,0.011987276350286246,False
2507,0.020190546879763592,False
2508,0.13256459729102113,True
2509,0.014047197937771868,False
2517,-0.03724133192372691,False
2518,-0.04172105708498489,False
2523,-0.005408345359271149,False
2536,-0.006008354924054904,False
2541,0.04129691969200374,False
2543,0.016905081156619487,False
2554,0.010003440004762863,False
2619,-0.002950942890349243,False
2620,-0.011581253689321001,False
2628,-0.001858846162752236,False
2633,0.0010033653720441784,False
2639,-0.010022492284386689,False
2647,-0.010076906152081445,False
2658,-0.005827011903084323,False
2674,0.0788221128238419,True
2678,0.08152330880774451,True
2680,0.020763179772953378,False
2681,-0.008458406299068228,False
2682,0.15998771209628798,True
2684,0.07065287086978378,True
2685,0.13667241658205717,True
2686,0.023444465023247017,False
2717,0.1422930660421833,True
2740,-0.11694682355322016,False
2749,-0.015753327135054156,False
2759,-0.0010179876418630613,False
2760,0.02079573902977947,False
2773,-0.0076622176532695025,False
2774,-0.007247666706231457,False
2775,-0.003774859711238982,False
2779,-0.011434619739110473,False
2783,-0.007660054734626256,False
2784,-0.010595690422347363,False
2792,0.1570700684214475,True
2794,-0.0026746856409650605,False
2799,-0.03507794766992877,False
2808,-0.0034745175111534064,False
2809,0.02250271475789957,False
2816,-0.001572967552499869,False
2818,0.0005927211189910831,False
2824,-0.006434937592678185,False
2831,-0.0037532265976961475,False
2836,0.015214318364951601,False
2837,0.04006363731275018,False
2858,-0.006675537723112607,False
2874,0.004137315423133032,False
2881,-0.00805501942525456,False
2893,-0.003323132117577459,False
2898,-0.04177227707008441,False
2907,-0.004407377586676252,False
2929,0.04907694490212032,False
2933,-0.000605652300093526,False
2960,-0.015183914784973626,False
2970,-0.004007854000653808,False
2972,-0.021579642709749866,False
2975,0.015560211351835003,False
2995,-0.0149180986101891,False
2996,-0.061440752350575584,False
3001,-0.00036085754930979255,False
3009,-0.034166576600546894,False
3016,0.011860588116915517,False
3034,-0.0022946886444253395,False
3055,-0.006864758458656133,False
3087,0.07939701199484843,True
3089,0.04694184391845209,False
3124,-0.005253568734273223,False
3136,-0.015663487444980286,False
3141,-0.00786110478301165,False
3142,-0.014472074966592578,False
3143,0.07602578776385373,True
3145,-0.004256719253388548,False
3174,0.1121802689865563,True
3178,0.17185370713798764,True
3180,0.09785854609020952,True
3189,0.061974057118001406,False
3193,-0.00826932506618298,False
3204,0.011300616133044915,False
3237,0.009635948019328293,False
3244,-0.00029467363910568934,False
3246,-0.004288753700523775,False
3248,0.0026171541895182292,False
3249,0.015867878660078435,False
3254,-0.056216259147049134,False
3263,-0.0043440586297485845,False
3270,0.00016857057566010739,False
3288,-0.03293066810483136,False
3289,-0.018436154801052144,False
3292,-0.004588758961624417,False
3303,-0.06342154639087502,False
3326,0.03944609770616721,False
3334,-0.04178809060348965,False
3335,-0.007725052978628344,False
3336,-0.0005721342805354054,False
3338,-0.010407071253686286,False
3360,-0.0062358618155613395,False
3365,-0.0046423136023900306,False
3370,-0.006341313164356008,False
3380,-0.005813084314042364,False
3390,-0.007859997878124816,False
3399,-0.0028593401429510244,False
3407,-0.0028433904377235114,False
3421,-0.026728111979576072,False
3428,0.019341396164045767,False
3430,0.030845097929673063,False
3434,-0.014038936343370587,False
3440,0.0037052728038994725,False
3442,-0.033332360093232996,False
3455,-0.020242477479624495,False
3470,0.0074044075800265815,False
3472,-0.0035980928272419457,False
3491,-0.020239046040281292,False
3512,-0.13577600639198556,False
3513,-0.008256234049301812,False
3514,-0.11937183165105082,False
3516,0.0038311434799743337,False
3521,0.027536697156754122,False
3527,-0.024049229058828753,False
3528,0.005942218431260597,False
3551,-0.023203863382808308,False
3558,-0.03734434117006263,False
3560,-0.02515366084866009,False
3561,-0.07428777980975819,False
3564,-0.029916730873777535,False
3567,-0.0004631135754004585,False
3574,0.0476847506402546,False
3575,0.049975362432369684,False
3593,-0.015714863376863345,False
3596,0.006300931255200844,False
3612,-0.003123590038645265,False
3615,-0.0066871221631437236,False
3618,-0.001072988186446518,False
3620,-0.003196324028177913,False
3622,-0.0015124425262386485,False
3632,-0.042753834850064065,False
3633,0.007040328783389833,False
3642,-0.011923519389284607,False
3684,0.02781323516965568,False
3700,-0.008799635267343722,False
3703,-0.0036918826454987036,False
3712,0.08406529176417042,True
3713,-0.03415233250139083,False
3730,0.06162881300010226,False
3733,-0.02130926580814096,False
3734,-0.001356904632483605,False
3738,-0.0021352333807889467,False
3741,-0.0034860940556715025,False
3757,-0.003796046909268357,False
3761,-0.004620375694749947,False
3770,0.0013773167680644328,False
3774,-0.005311342004828921,False
3780,-0.0006275345886661457,False
3787,0.010934481774373625,False
3788,0.027923073057117033,False
3789,-0.11228476535697338,False
3790,0.020828813034307222,False
3795,-0.004537241543197668,False
3807,-1.1938584791123962e-05,False
3817,-0.005170872347217446,False
3827,0.05089781016706115,False
3841,0.11701954064340227,True
3853,-0.002876295855278217,False
3856,0.038445165158450194,False
3879,-0.0075855097968898074,False
3905,-0.005441969167996139,False
3912,-0.010747610485326803,False
3913,-0.01627670194519027,False
3915,-0.01495137670040282,False
3929,0.022456122057442157,False
3930,-0.0006174674669637998,False
3938,0.00037547884686665596,False
3940,-0.027183990072890577,False
3949,-0.003904720464513455,False
3951,-0.0037920284690010774,False
3952,-0.004077157880259399,False
3954,0.08152808418885192,True
3959,0.0678403329135466,False
3960,0.02479866315025535,False
3962,-0.023273356514420657,False
3969,-0.007936036426080569,False
3974,-0.025422024355509717,False
3985,0.10304916582566256,True
3990,-0.0054276458072835924,False
3995,0.000560584849584695,False
3997,-0.0006419447635752642,False
4006,-0.01808295340951014,False
4013,-0.07333127973310685,False
4015,-0.0027429683730188356,False
4020,0.023740860315552233,False
4021,-0.023664553990870182,False
4022,-0.004464656177838901,False
4023,-0.002013693190758805,False
4045,-0.02916960265826084,False
4050,0.04496154651932669,False
4056,-0.01184520539437531,False
4073,-0.003582785622157359,False
4092,-0.04496891828284015,False
4106,0.0007816785400871911,False
4112,-0.003393908479967084,False
4118,-0.006079092071164084,False
4151,-0.008632796109173287,False
4160,-0.010908105969480868,False
4171,-0.0045214636835840495,False
4175,-0.008319162027862861,False
4192,-0.002606760477436989,False
4208,-0.07313838188379569,False
4227,0.013890385132211905,False
4243,-0.020927890944949623,False
4254,-0.0068815726517321586,False
4255,-0.00361155254595144,False
4257,0.02414593124871639,False
4258,-0.0008404656875461295,False
4260,0.0647528315788754,False
4265,-0.006554083886357985,False
4266,-0.018744920963526777,False
4272,0.03460416966918624,False
4273,0.03781792028892965,False
4274,-0.015671846778553065,False
4275,0.08100599415051851,True
4276,0.03721979879831911,False
4278,0.08866532599355223,True
4287,-0.05333532002514048,False
4288,-0.06297873438730286,False
4295,-0.018744669619638575,False
4308,-0.009530558680120762,False
4310,0.1389382051633798,True
4313,0.12042217848435074,True
4314,-0.000887961336713551,False
4315,-0.004852886406986238,False
4316,0.10800169046986262,True
4317,-0.00536418680711559,False
4318,-0.021925132320376354,False
4320,-0.07007764151351799,False
4324,-0.010655450343991917,False
4338,0.04577436347274634,False
4340,-0.006938674433733414,False
4344,-0.012644449530449525,False
4349,-0.0070596553288573664,False
4350,-0.0025311511091036906,False
4352,-0.008967041441678564,False
4353,0.03162949699448566,False
4354,0.06831543543292698,False
4363,0.0031277120812096444,False
4365,0.03982785144457494,False
4366,-0.019112819035267358,False
4368,-0.04235772400119418,False
4369,-0.12457970377459358,False
4370,0.04102636398174841,False
4372,-0.03375218450127515,False
4376,0.08480127814551493,True
4379,0.07101097175791649,True
4383,0.08262867576691543,True
4387,0.029314237803068632,False
4388,-0.18733549225815785,False
4389,0.03485151349266947,False
4391,0.025531164512209624,False
4395,-0.013741974967656053,False
4396,-0.0067287025389151925,False
4397,-0.0033849924652933844,False
4399,0.02476311952550013,False
4401,-0.04629717877608427,False
4404,0.061464356781641576,False
4405,0.08107275969052138,True
4406,0.021751479401537228,False
4408,-0.01301766562128154,False
4411,-0.0154358438372132,False
4412,0.10909117048115793,True
4413,0.12116680924146164,True
4414,-0.04210981396173093,False
4415,-0.0378522095854438,False
4416,-0.005832782774025075,False
4417,-0.01904688507334251,False
4418,0.037601206564702325,False
4419,-0.004768354109700444,False
4422,-0.02305797199239576,False
4423,-0.0011118522901370769,False
4424,-0.04799366586913009,False
4425,0.09298262979203858,True
4429,0.12467656077855663,True
4430,0.06347413484351527,False
4431,-0.059094182682583325,False
4456,0.07507785900682315,True
4476,0.040879071370468895,False
4483,0.024872693839868728,False
4496,-0.0047013362688800645,False
4509,-0.00290468128933421,False
4512,0.03233931468994856,False
4520,-0.1551055106169654,False
4527,-0.10495817435275007,False
4537,0.017499976851959052,False
4539,-0.0075969388837810225,False
4540,0.010502470139094526,False
4543,0.00588823560710201,False
4562,-0.003132599546973041,False
4568,0.046134277861033295,False
4569,-0.05183806053594987,False
4574,-0.004885993502929702,False
4582,0.027198755939660705,False
4583,0.20311759026386902,True
4584,0.07358892586700663,True
4585,0.04587315327630969,False
4591,-0.007193983161982934,False
4606,0.0019066022997547825,False
4666,-0.005292986493794133,False
4675,-0.0007299942377468967,False
4682,0.00797439724333597,False
4688,-0.003913820314427415,False
4697,-0.004584233715471165,False
4712,-0.0029734118986485644,False
4716,0.015193139986470653,False
4725,-0.04393763893004585,False
4726,0.10590040520622507,True
4734,0.015626887413070677,False
4767,-0.021692884695915224,False
4773,-0.036868030597010784,False
4774,0.03758162391797347,False
4776,-0.006219514739748253,False
4778,-0.0340990797882994,False
4781,-0.00676983370699943,False
4798,0.005763434784547319,False
4807,-0.007721249053516221,False
4812,-0.0018400399795134995,False
4824,-0.004689418982053905,False
4826,-0.002707539516324999,False
4834,-0.001133663080066464,False
4854,-0.004964198312455437,False
4855,-0.007314639082977181,False
4860,0.008528192599166597,False
4870,0.016816303742640124,False
4878,0.05574097355239253,False
4893,0.0019919510809509274,False
4910,-0.011693872960232329,False
4912,-0.026381661749962797,False
4943,-0.023647582280454695,False
4951,0.030630323599183735,False
4952,-0.006545723432907041,False
4956,-0.006338475972675905,False
4960,0.09877393595407019,True
4961,0.05121741511469142,False
4962,0.09309658145116857,True
4965,0.00034470368119537937,False
4966,0.05678258801913675,False
4967,0.0664345399855639,False
4968,-0.002878508876485903,False
4970,0.14346264333363884,True
4972,0.13159185594100398,True
4978,-0.018927615748966422,False
4979,-0.010704853089623163,False
4984,-0.01786928859266075,False
4985,-0.004676598914390519,False
4996,-0.05282683383469056,False
5024,0.020945675519762653,False
5035,-0.058187594183527716,False
5045,-0.028457477230376674,False
5048,-0.023639844876109806,False
5052,0.11998684425906861,True
5054,-0.0041815648408354365,False
5069,0.025416635972429467,False
5070,-0.05972371273341257,False
5093,-0.015034479896320813,False
5102,-0.00479726809762074,False
5120,0.019539564474053143,False
5122,-0.007131079822141663,False
5139,-0.015885745652356734,False
5141,0.012586186843051963,False
5143,-0.006313659244389088,False
5144,-0.002451148176384182,False
5152,-0.0024429077726658174,False
5153,-0.04494561212660516,False
5162,-0.002975573475621689,False
5173,-0.015958384936237108,False
5224,-0.013398685796273341,False
5227,-0.00509294034926449,False
5243,-0.05891133935239263,False
5256,-0.0024172942391556883,False
5259,0.01923854468036157,False
5263,-6.122335950748897e-05,False
5266,-0.007554115468257236,False
5267,0.008334952406462802,False
5283,0.017799641087121933,False
5285,-0.007217670360355815,False
5311,-0.0014993028411635371,False
5322,-0.0027054244862117446,False
5328,0.02351770998341957,False
5329,0.02838569932117245,False
5334,-0.01037948430846816,False
5346,0.0065743163071557385,False
5350,0.02710169179910927,False
5354,-0.009439954174286969,False
5355,-0.023020831973710222,False
5368,-0.0037843059738884416,False
5378,-0.004377237128496954,False
5383,-0.0021001039023509785,False
5404,0.02736833254877233,False
5405,0.1424924798308673,True
5406,-0.0030535064882269147,False
5408,0.1050548438922766,True
5409,0.05397773291839872,False
5411,0.05953919329835919,False
5421,-0.003135170940414608,False
5423,-0.00509847328445605,False
5437,-0.0002880618753820728,False
5444,-0.017427616345473802,False
5449,0.12372265978412213,True
5456,0.15964953570685908,True
5481,-0.01556471811452721,False
5482,0.011047246557388368,False
5492,-0.03159875222210898,False
5496,-0.07786610303931335,False
5505,0.11261240003180738,True
5506,0.1835025178218779,True
5507,0.20380090534346595,True
5508,0.1001988956499215,True
5509,-0.007131493711502752,False
5510,-0.007118419126027245,False
5511,0.13791800470005203,True
5512,0.07624809682149633,True
5514,0.05370398238416378,False
5515,0.10611221727884833,True
5521,0.15353315729978698,True
5522,-0.019764863260594897,False
5529,-0.034633292431871396,False
5555,-0.013355668856481756,False
5558,0.009258432202485208,False
5559,-0.024997286123920125,False
5560,-0.004052068573045821,False
5565,0.014348081571032146,False
5567,0.01601721267665091,False
5568,0.014859652028937749,False
5570,-0.0009129691571798042,False
5572,0.03963322995440817,False
5575,-0.003420901473240347,False
5576,-0.011584727739587963,False
5582,-0.04636762073461936,False
5595,0.12126528398224236,True
5596,0.04393396558299116,False
5602,-0.04560913722533786,False
5609,0.04126659743632021,False
5615,-0.0033055480197993164,False
5621,0.012044604052764979,False
5628,0.002459447948915229,False
5632,-0.00497524116376124,False
5665,-0.03145014147199175,False
5666,-0.006972947452217399,False
5680,0.01116281795841868,False
5681,0.0015864587788144045,False
5682,-0.0024201111529846813,False
5688,0.030634199807254327,False
5696,-0.002055161592276606,False
5709,-0.005993828069302558,False
5739,-0.008699009772215575,False
5771,-0.0028628513843849596,False
5774,-0.0325566491696982,False
5801,-0.00044133734287369155,False
5805,-0.0053536809113260515,False
5811,0.1497837900816479,True
5813,0.006519425364677616,False
5815,-0.0013569411537267047,False
5829,-0.0071942887510038685,False
5836,-0.06939030016494135,False
5846,-0.006971676329555943,False
5849,-0.010590041264708923,False
5858,-0.021204256871944115,False
5891,0.018826901106840807,False
5913,0.0099771991938287,False
5914,0.08412619645256329,True
5921,-0.00677794618760776,False
5922,-0.006961643802492358,False
5928,-0.06218050722082188,False
5960,-0.06754824648644653,False
6031,0.009523054129354601,False
6038,-0.01583509717923315,False
6062,-0.002396637796171555,False
6068,-0.006959863691598224,False
6090,-0.014248174958129379,False
6091,0.03822967673256112,False
6096,0.01481801204576774,False
6111,-0.03978154940129494,False
6123,-0.004172003392455093,False
6124,0.03335228550623859,False
6143,-0.0543755389791351,False
6160,-0.11740946460281479,False
6161,-0.015641297335563808,False
6162,-0.00909525253052466,False
6164,-0.009562382203312736,False
6179,-0.025214836589825654,False
6181,0.19154557289054813,True
6186,-0.0014031601223131068,False
6200,0.07856721061424095,True
6218,-0.0020471431098152025,False
6254,-0.010320288535253882,False
6262,-0.06671584830074766,False
6271,-0.0058724468511404055,False
6273,0.0014170483306812332,False
6281,-0.004068748893700536,False
6290,-0.07643908873893561,False
6307,0.0064000752648485475,False
6309,-0.005583765616605531,False
6312,0.02508307726151938,False
6317,0.013577021320939367,False
6321,-0.0010857255554951929,False
6323,0.08936052371511284,True
6325,-0.0037906040433777766,False
6338,-0.05592166598243513,False
6350,-0.005891001186244062,False
6355,0.0017454710067004533,False
6366,-0.01039690702714391,False
6380,-0.01800384225380226,False
6395,0.09542632721749875,True
6409,-0.036114993166673014,False
6414,-0.0018542646774749164,False
6422,0.0005970289477299569,False
6423,-0.02500527128010669,False
6441,0.013319563380194329,False
6468,-0.006358048144266286,False
6480,-0.0008199273223434183,False
6491,-0.004452917866553336,False
6497,-0.014411196336916952,False
6511,-0.005194599618589774,False
6515,-0.002568753166281104,False
6532,-0.004203843850305997,False
6544,-0.014964969218338887,False
6547,0.0010755278351466972,False
6548,-0.04934841629761611,False
6551,0.0009311483184051225,False
6552,-0.0036635048325974395,False
6588,0.015920871536187507,False
6591,-0.007033008153491808,False
6596,-0.1956063967787748,False
6627,0.11091919560202455,True
6629,-0.018415765586434873,False
6633,-0.027850042119752397,False
6635,0.004203768231280626,False
6642,-0.0047704628983949076,False
6644,-0.07433449030911139,False
6646,-0.0020774985489917354,False
6651,-0.07411811701182018,False
6652,0.013493925201717397,False
6653,0.06037567229793264,False
6660,-0.03716087546854718,False
6728,0.16622519704863403,True
6731,0.00016309326786864974,False
6768,0.1668053101775123,True
6778,-0.01747017989205371,False
6783,-0.016894542481721272,False
6785,0.06761757677138387,False
6792,0.08488285849416476,True
6797,-0.0010441132009191586,False
6802,-0.014415967971177293,False
6803,-0.029193353436084174,False
6806,-0.017963271571530284,False
6809,-0.012878193126028241,False
6810,-0.00785404851091759,False
6812,-0.005865482574246431,False
6815,-0.005583187500027073,False
6816,-0.007435930030268252,False
6819,-0.006012207509097911,False
6834,0.05754505379871375,False
6842,-0.03818283577320158,False
6847,-0.022655284908531706,False
6849,-0.043176490090816075,False
6852,-0.08905208251477813,False
6858,-0.002059756912963303,False
6861,-0.030744233258670543,False
6868,-0.003922266198180306,False
6869,-0.024452776182390387,False
6874,0.005150459531838214,False
6889,-0.014636920078256472,False
6892,-0.06657759775261429,False
6894,-0.0068963474137205315,False
6934,-0.018364034701718674,False
6940,0.011636393791063435,False
6947,-0.0057636955251152795,False
6952,-0.026794464067703548,False
6964,-0.0016346781563136056,False
6965,-0.003524957146538056,False
6972,-0.0050478618617437665,False
6989,-0.004000801803307655,False
6990,-0.004768019646768488,False
6991,0.026451647773025704,False
7009,-0.021753752450886593,False
7021,-0.026244717280822866,False
7046,-0.004255444788183734,False
7052,0.11777616304279268,True
7056,0.14239047331620647,True
7059,0.0232391226396172,False
7061,0.03902067255288815,False
7063,0.00977761692206349,False
7066,0.0630698474662132,False
7069,0.14974540591443966,True
7070,-6.295171270570802e-05,False
7084,-0.008073099004618601,False
7093,0.08738751216964194,True
7094,0.1662668212985022,True
7096,-0.002973692932986777,False
7112,0.014824621312329983,False
7117,0.0847241141281392,True
7118,-0.005992239454086387,False
7119,0.010642499391270118,False
7133,-0.013440056988383029,False
7143,0.10871501931095266,True
7154,-0.003078660381958845,False
7166,-0.002302827927269102,False
7168,-0.0061594458256905875,False
7179,-0.027207111725281063,False
7188,-0.006190859586328988,False
7198,-0.0017445732536156746,False
7199,-0.008173359395238873,False
7203,-0.004253941922118068,False
7205,-0.01119022393037024,False
7221,-0.00433973587979749,False
7223,0.044774591021952574,False
7225,-0.002562927237394039,False
7236,-0.013193793036323967,False
7246,-0.030837713875172902,False
7248,-0.14492499291218816,False
7278,-0.03464125506672909,False
7283,0.013415739780918068,False
7309,-0.002684607179363182,False
7310,-0.005531662396535271,False
7331,-0.0533996700652849,False
7387,-0.011349005738019328,False
7389,-0.0027824471444224713,False
7406,0.06861156596140937,False
7410,-0.012060774986864578,False
7433,-0.003438175776348157,False
7436,-0.020039651982531246,False
7471,0.006344719047408885,False
7472,0.1160198921723143,True
7473,-0.019472201349544083,False
7476,0.074320062512468,True
7477,0.09406039876461215,True
7478,0.14192451208898035,True
7479,0.011938333136690519,False
7484,-0.07149227929618357,False
7488,0.052680797436780016,False
7490,-0.005935431115201934,False
7493,-0.004100506309090001,False
7497,0.05848244793420142,False
7518,0.008748807020221055,False
7522,-0.002959141738022855,False
7523,0.03321764343247138,False
7532,-0.020487674136676015,False
7536,-0.018529136108625197,False
7540,-0.00942555733479798,False
7544,0.005549245566990084,False
7559,0.006452351539448441,False
7569,0.04278662087310823,False
7570,0.08771152081080386,True
7578,0.011696051635528473,False
7604,-0.004861662882028546,False
7633,0.07215630515918173,True
7635,-0.09069764947111471,False
7640,0.011422670795829587,False
7641,-0.004987983198313681,False
7643,-0.023114160741344564,False
7681,0.055758031099717685,False
7699,-0.00447220628140104,False
7710,-0.00389056633784277,False
7716,-0.03282332031312055,False
7718,-0.025979026836492062,False
7727,-0.0026073253589620677,False
7739,0.009160471173539152,False
7740,0.001922175156717526,False
7749,-0.006911094455361634,False
7752,-0.03429321746873278,False
7759,-0.0055782158240864285,False
7762,-0.007826974997844943,False
7766,-0.06015694072511544,False
7768,-0.004147224224375731,False
7771,-0.027007114544767424,False
7779,-0.0053767136738609575,False
7781,0.04144868117415475,False
7786,0.13481617674511814,True
7793,0.1285531244242368,True
7808,0.0679388730402389,False
7824,-0.007803877945936841,False
7827,0.08528355198218693,True
7829,-0.009906662862086888,False
7832,-0.049908450121439865,False
7842,-0.024419386135233458,False
7845,0.012138131699673229,False
7854,0.012844153868569182,False
7855,-0.008732962983304306,False
7865,0.13281072358837123,True
7868,-0.004161687250116204,False
7886,-0.0024161131416180356,False
7887,-0.004955718900045077,False
7896,-0.010426285953852798,False
7897,0.01795689251454825,False
7898,0.01607849897529412,False
7919,-0.0019613042568439403,False
7934,-0.006758537199189274,False
7955,-0.17722286039452298,False
7956,0.013911036816219802,False
7961,0.007661118732491622,False
7962,-0.04824853687597034,False
7966,-0.0040229833600430795,False
7983,-0.006667625463158641,False
7985,-0.016665074751809183,False
7986,-0.009098984445986101,False
7988,-0.0074272471709988346,False
7989,-0.02619244224661713,False
7990,0.003324335861063336,False
7991,-0.005215022592223183,False
8003,0.017588306231676357,False
8008,0.042398822419941376,False
8012,0.047523972488093966,False
8013,0.007207054766777491,False
8017,-0.04462706499377352,False
8019,0.15715270013596866,True
8027,0.025893962808417752,False
8035,-0.005404052310068261,False
8042,-0.012910668079162814,False
8044,-0.003623676833998904,False
8053,0.053811990241810104,False
8061,-0.021406616956322358,False
8085,-0.016332840367938663,False
8095,-0.055358034723567484,False
8096,-0.03207431435604031,False
8098,-0.027382779976088532,False
8099,-0.03187130709349232,False
8100,-0.036270536693973704,False
8101,-0.008628872891594865,False
8102,-0.02266733431058289,False
8123,-0.00017275122894400166,False
8125,-0.0034872561586402856,False
8130,-0.0014744163065408993,False
8133,-0.0036864075154227345,False
8136,-0.006076519584379049,False
8145,0.0207817476614887,False
8150,-0.001738771756496574,False
8159,-0.006160347644162891,False
8161,0.0501380891517736,False
8162,-0.002091820959220192,False
8178,0.08346303404735703,True
8185,-0.003927620970684968,False
8254,-0.002952332789460752,False
8266,-0.006695724412323964,False
8287,-0.008187602949249152,False
8294,0.006307967496438618,False
8305,-0.004742326871049441,False
8317,-0.007926057792332486,False
8322,0.0027366904543960928,False
8355,-0.0044045674419204445,False
8356,-0.005742113166777631,False
8441,-0.008704709507304917,False
8518,-0.004007698179548644,False
8538,-0.001976609182249838,False
8540,-0.019113961159651506,False
8574,-0.006269432244239711,False
8580,-0.0029141005736268537,False
8595,-0.002932842389804784,False
8608,-0.011348416965907625,False
8622,-0.013490157390760855,False
8639,-0.0018705341861119718,False
8645,-0.007204350394221585,False
8691,-0.002031587456946474,False
8693,-0.01108093389637769,False
8702,-0.008016291236861761,False
8716,-0.002554330874866397,False
8774,-0.0010675258391924843,False
8797,-0.007333848021271492,False
8808,-0.015047046647357025,False
8817,-0.0056090075671333325,False
8821,-0.0013401125429549272,False
8840,-0.0004700700669363719,False
8845,-0.004633976211958905,False
8846,-0.0008186188367064094,False
8850,-0.001986172695628298,False
8885,-0.005661030037803481,False
8931,-0.004957426004682972,False
8932,-0.005954987477098592,False
8938,-0.0021913556400117735,False
8955,-0.004031165337641553,False
8975,-0.0058616816885129425,False
9051,-0.0023377986892483193,False
9056,-0.00536586597243624,False
9074,0.0011974485176869515,False
9096,-0.0012659187032544813,False
9097,-0.0112612052478752,False
9108,-0.0019080966975380457,False
9132,-0.0021892977346975105,False
9162,-0.0030922555357100834,False
9164,-0.005155725377995306,False
9172,-0.00040128004740977457,False
9186,-0.004927226068106189,False
9204,-0.0049646454310269365,False
9206,-0.0086872975499164,False
9208,-0.004579743523371028,False
9219,-0.003139037334324305,False
9238,-0.0015063205619091627,False
9252,-0.00269579498777895,False
9255,-0.004100278427287771,False
9260,-0.0036305398968929066,False
9278,-0.0160317314724958,False
9284,-0.008192838806936659,False
9286,0.009122537678187017,False
9362,-0.0017998916283866277,False
9380,-0.0021100040357911395,False
9407,-0.0019187213390138948,False
9422,-0.0038513181282949795,False
9451,-0.006263193257585707,False
9481,-0.014875988820830872,False
9515,-0.00031206898835365774,False
9528,-0.004112629759791228,False
9529,-0.0006952798739181023,False
9534,-0.004349568956843623,False
9553,-0.0033048034030305168,False
9555,-0.0064817831786497014,False
9576,-0.006982934453111495,False
9581,-0.0024438870921288064,False
9591,-0.003396060107686457,False
9602,-0.015212083649117521,False
9626,-0.0022467690972126594,False
9643,-0.0006750772789800913,False
9647,-0.0020539504471111464,False
9649,-0.010800124652639319,False
9652,0.003334534742869531,False
9655,-0.007292988588221224,False
9660,-0.003470737469240195,False
9683,-0.005404905329692741,False
9697,-0.0023974002564064716,False
9717,-0.0025845245202083065,False
9721,-0.004653475448618389,False
9732,-0.0017737484949609727,False
9751,-0.0012743157542665267,False
9763,-0.0033359742789895513,False
9848,0.008048032661950751,False
9852,-0.005441835973978433,False
9919,-0.00083318195499573,False
9992,-0.005450087166514619,False
10004,-0.0031665425456043304,False
10051,-0.0027663895428208436,False
10119,-0.002373390090122435,False
10129,-0.0020501649181291644,False
10136,0.013549907844075025,False
10145,0.003305376124552978,False
10173,-0.005983756414487571,False
10193,-0.00282889459652855,False
10207,-0.0021389670525619503,False
10209,-0.006610438623574764,False
10210,-0.00310508158300082,False
10350,-0.004893316635929876,False
10375,-0.007444120614196172,False
10410,-0.0053492189248991835,False
10428,-0.006837910101711631,False
10452,-0.0010696451548925588,False
10483,-0.005642065262095233,False
10491,-0.005670760166143201,False
10512,0.04595783433180297,False
10547,-0.005116435338472607,False
10653,-0.019176629581390523,False
10685,-0.04609048209479383,False
10701,-0.00377168878250077,False
10730,-0.006355627375519084,False
10740,-0.012812331781584932,False
10773,-0.0022018556418499343,False
10775,-0.0030960378254151445,False
10781,-0.003953653812448162,False
10798,-0.0006709658354980064,False
10808,0.002995286578896112,False
10828,-0.006549713038433149,False
10840,-0.0057851768684947825,False
10854,-0.004845861429892522,False
10872,-0.01384538379969616,False
10909,-0.01428792946714193,False
10962,-0.005969341021624744,False
10992,-0.004534585611789975,False
11053,-0.005787192488893152,False
11089,-0.016649341167492775,False
11099,-0.010768929936693436,False
11106,-0.014599226577796897,False
11108,-0.005175230275347879,False
11134,-0.026244891640374683,False
11139,-0.005906759711437689,False
11156,-0.01205503696842194,False
11164,-0.003943765211101003,False
11165,-0.0020751377510744395,False
11166,0.020423424515278867,False
11171,0.003698774394587366,False
11183,-0.00043998102184527644,False
11184,0.0581098117282024,False
11195,-0.0020414894387778696,False
11210,-0.0006644199127330256,False
11250,-0.0025177330905700166,False
11335,-0.004036331177009426,False
11346,-0.03529000888290511,False
11365,-0.017611195266923656,False
11386,-0.0030905000634041868,False
11424,0.0009379176788559486,False
11437,-0.0006193185956763071,False
11450,-0.004522595877736674,False
11470,-0.009648038814242707,False
11524,-0.08184543250663023,False
11532,0.01594001926320937,False
11542,0.025372197938032377,False
11547,-0.020713838794248877,False
11551,0.0013659722013731267,False
11556,-0.007041502654969092,False
11566,-0.003930200946815444,False
11575,0.09225233316208947,True
11578,-0.024907116790190722,False
11584,-0.0283514354385453,False
11601,0.01246835672582171,False
11603,0.015599166867727637,False
11604,0.022502819704604687,False
11605,-0.0035503634515723546,False
11606,-0.006779059266024266,False
11609,-0.0012923750225475822,False
11619,-0.0037606876092239356,False
11624,-0.006854940857807468,False
11628,0.03409009770424205,False
11633,-0.006751203810687818,False
11644,0.13695739690918105,True
11654,0.11098674327498179,True
11656,-0.005247001283171783,False
11677,-0.07134629353445855,False
11679,0.011200424356312856,False
11682,-0.016172829473761467,False
11685,0.020529173678397145,False
11688,-0.007495121993591161,False
11701,-0.01757814740371765,False
11702,-0.021453107502190736,False
11704,-0.006203197023068969,False
11711,0.00011958600035644684,False
11720,-0.019418103307415818,False
11721,-0.00659369696813882,False
11722,0.012535866785473401,False
11724,-0.005342905771355402,False
11725,-0.006990828085420968,False
11728,-0.02129435573211282,False
11739,-0.009201632561145742,False
11750,-0.043736355061978566,False
11763,-0.0035735784776992053,False
11764,-0.00798983336428135,False
11766,-0.0032807422288308103,False
11767,-0.01473724275022586,False
11771,-0.0055353330449224815,False
11775,-0.002884748001734735,False
11776,-0.005113296485573684,False
11780,-0.002321198770411615,False
11783,-0.005323885462029489,False
11784,-0.0009977012034309521,False
11786,0.030929146932930838,False
11802,0.019962764334392754,False
11804,-0.004067415463798986,False
11805,0.15425437101892053,True
11832,-0.008456747719001274,False
11837,0.03524134579219241,False
11840,0.13008105035848422,True
11844,0.009979194668538104,False
11849,0.10901459814382107,True
11860,-0.011520157911129873,False
11911,-0.001290428229452181,False
11919,-0.009239772359169096,False
11932,-0.039917037671721015,False
11933,0.0025815041820635037,False
11934,-0.017182560814227477,False
11939,-0.003806262580452711,False
11943,-0.002572047403326526,False
11944,-0.02341910930575354,False
11948,0.014011255025871996,False
11949,0.004191752746312214,False
11952,0.017818112840104636,False
11953,0.027015572744762243,False
11954,-0.013469776117336935,False
11955,-0.010694576244423869,False
11956,-0.005378909249630779,False
11957,-0.0996434583267167,False
11967,0.007184179670287856,False
11971,-0.0050741207597227445,False
11972,-0.036613641991231315,False
11979,-0.173358400685747,False
11983,-0.0009378498142676318,False
11984,-0.0029762403019096767,False
11991,-0.2603213252980009,False
11992,-0.02524652847604174,False
11998,-0.004156081841159948,False
12006,0.057330194988949874,False
12021,0.025427261078066227,False
12026,-0.004898214212236188,False
12044,-0.003539624678784431,False
12045,-0.015438915222349822,False
12047,-0.013883160991230293,False
12048,-0.01056360613534488,False
12052,-0.020368933839039434,False
12053,-0.04945859001825229,False
12056,-0.01223727639709737,False
12062,0.014001517474225103,False
12076,-0.010637759354242165,False
12079,-0.014653287372569155,False
12087,-0.02294194706603769,False
12088,0.03401288333966739,False
12091,-0.1047611385626238,False
12094,-0.037475643586563974,False
12112,-0.004922605144646408,False
12114,-0.04694453006631294,False
12128,-0.022943445132007977,False
12147,0.049091630367253405,False
12148,-0.006749064378155685,False
12151,0.0566448711241263,False
12155,-0.004935021827557828,False
12163,-0.022366778974606944,False
12166,-0.008441973992455682,False
12177,0.022223535017944225,False
12182,-0.0049241927157849365,False
12185,-0.008243018175791081,False
12187,0.0523782065971105,False
12207,0.00432889786171986,False
12217,-0.005721562622515085,False
12218,-0.00535320548264959,False
12219,-0.005659794422678049,False
12248,0.0011091586326470678,False
12254,-0.03380203714276405,False
12274,-0.09462422675194389,False
12286,-0.05176130573108701,False
12292,0.12013425116159505,True
12302,-0.014339588735706309,False
12346,-0.006546600350889351,False
12347,-0.012875152362673599,False
12349,-0.049137433704308675,False
12361,-0.01952426198258211,False
12363,-0.0067135590216997765,False
12385,0.16779303223520536,True
12392,0.01117227397978817,False
12401,0.08419125991888607,True
12413,-0.0032357684331792936,False
12414,-0.0017369990442677057,False
12419,-0.04054367711601352,False
12426,0.023371558525932378,False
12431,0.05982496743316101,False
12454,-0.007160953637473392,False
12458,-0.00991956797035012,False
12461,0.07165557930419827,True
12468,0.0017737834017355152,False
12472,0.07091927393016796,True
12473,-0.002261074099091702,False
12480,-0.0009562385046823754,False
12481,-0.007836693413093856,False
12485,-0.07755902485230085,False
12486,-0.19041377572271742,False
12499,-0.0036035474084129605,False
12507,0.0008323931986892674,False
12518,-0.0013669452098011739,False
12546,-0.019926996863355088,False
12550,0.025782633961541873,False
12551,0.06743644241335921,False
12552,-0.015003588765289276,False
12560,-0.02409170953194767,False
12563,-0.0010787074659978865,False
12568,0.031743388241898894,False
12570,0.018140441946244125,False
12575,-0.05834789738148646,False
12576,0.0038527993360254757,False
12577,0.007404935439772903,False
12578,-0.03672338282878762,False
12579,0.0063876602624518735,False
12580,-0.0024678746673198752,False
12582,-0.05745977180290974,False
12584,-0.055523639475050825,False
12585,-0.02784971273862541,False
12586,-0.056657838310970585,False
12587,-0.012036949368710491,False
12588,-0.023846702896924213,False
12589,-0.03544574569627805,False
12590,-0.01278863695117128,False
12591,-0.0015830433428841329,False
12592,0.04164239024222685,False
12593,-0.003704805589548112,False
12595,-0.02710920363985766,False
12597,0.004068526160555058,False
12617,-0.006846559263804424,False
12623,-0.01526736947824051,False
12646,0.04500099750153466,False
12648,0.021874376694375103,False
12649,-0.0028461965689129984,False
12651,0.04377559406137268,False
12652,0.017422885388325492,False
12654,0.05209403495987937,False
12659,-0.1274491535386762,False
12660,-0.004461327933067437,False
12661,0.00999649446091266,False
12662,0.02925364902064117,False
12667,-0.032565457257537934,False
12668,-0.02065046987893699,False
12686,-0.0077609988989912485,False
12687,-0.006510701960606376,False
12688,-0.012046020381296936,False
12689,-0.00866461802946656,False
12690,-0.013148386691619794,False
12695,-0.12986682332832117,False
12742,-0.00760419978400703,False
12769,-0.0001101998142900591,False
12810,-0.006294836240859616,False
12936,0.09576328757667431,True
12937,0.025521869103444467,False
12940,-0.09065716635068106,False
12942,-0.06503497972085438,False
12950,-0.020812844647963385,False
12954,-0.002979813788123159,False
12960,-0.08844794870822072,False
12961,-0.003688720546559582,False
12962,-0.0048791155450506095,False
12964,0.006243594902774674,False
12979,-0.03664352431385817,False
12982,-0.01661282573267032,False
12983,0.0029593695033059766,False
12985,0.01041692537016318,False
12986,0.024392249707514295,False
12990,0.0003720315411977781,False
12992,0.044094918685765636,False
12993,-0.07829416774278258,False
12994,0.07079706532835138,True
12998,0.03537637390492364,False
13000,0.0031965197063264683,False
13016,-0.019400627925886392,False
13017,-0.021924711706287552,False
13018,0.02088560613230658,False
13025,0.0023741449898838766,False
13026,-0.026956583252712246,False
13030,0.022777088100499495,False
13031,0.07732117447698537,True
13032,0.05798296285864262,False
13034,0.0641270993440373,False
13055,-0.12030255923290643,False
13061,-0.004795570926423188,False
13064,-0.05567272964560154,False
13084,0.018835484035891754,False
13101,-0.010597935823808762,False
13120,-0.004947216402100355,False
13140,-0.007465480907455345,False
13142,-0.004861891212588283,False
13145,0.11010585046233405,True
13158,-0.004324202637004122,False
13167,-0.02752224558658217,False
13168,0.017670202510938805,False
13169,-0.08875395965558233,False
13170,0.004221743913382079,False
13171,-0.103875980764795,False
13174,-0.013057150557795869,False
13175,0.011380872082515857,False
13188,-0.05719955616462241,False
13189,-0.077825483171427,False
13193,-0.005491420489626487,False
13199,-0.006335302211604411,False
13208,-0.004656624404730893,False
13211,0.012246574244081807,False
13212,-0.014777042234177548,False
13215,0.002445870960222647,False
13220,-0.027744495780965363,False
13221,-0.007057954000339617,False
13222,0.057635583427968574,False
13224,0.050904740204371364,False
13225,0.03346426541565133,False
13228,0.11605723606311419,True
13229,-0.013184364684214954,False
13230,0.04576203773437104,False
13235,0.017600618015008215,False
13236,-0.0010519911314311689,False
13242,0.010965020383932728,False
13245,0.09803712774903355,True
13246,0.02045960100233008,False
13253,0.012335242437118836,False
13254,-0.0036431173825621924,False
13269,-0.04191400148730329,False
13274,-0.0537170969627184,False
13276,-0.04678651442316789,False
13281,-0.002670264096481528,False
13282,-0.03704320463373777,False
13303,0.07376424683376226,True
13305,-0.04262086572638794,False
13307,0.00028385093893888117,False
13311,-0.019648161925037516,False
13312,-0.003926580157936437,False
13336,-0.04382644690305884,False
13338,-0.010613410281458934,False
13355,-0.00256317077158839,False
13366,-0.0028136955257094375,False
13371,0.011725104525956924,False
13388,-0.006318315423967494,False
13410,-0.005158730076573813,False
13416,-0.0022943055891361907,False
13419,-0.009418623290774891,False
13421,-0.005647779033644495,False
13424,0.01061840674664323,False
13439,-0.0023324359647859294,False
13442,-0.0037096025486807807,False
13460,-0.003293622055550126,False
13477,-0.005893280243087653,False
13487,0.026986366577604292,False
13525,0.0003179152983786755,False
13533,-0.013857175422017993,False
13552,-0.004721456981439859,False
13553,-0.012128825360644814,False
13557,-0.006594323959121969,False
13571,0.01995532800539104,False
13573,0.13881656272955784,True
13574,0.016131100644260897,False
13575,0.09125086050495723,True
13581,-0.10658511652512469,False
13583,0.03834522754879725,False
13608,-0.03422187235743541,False
13620,-0.06171450613419205,False
13632,-0.005548693563576218,False
13654,0.010507699266844786,False
13655,0.01479045144002411,False
13665,0.0035205820916216495,False
13667,0.001349939699894863,False
13671,-0.043170131708120445,False
13676,-0.012515702891995818,False
13677,-0.003996681184042154,False
13679,-0.006829129391864891,False
13701,-0.019286514310997774,False
13710,-0.006505196322769169,False
13716,-0.028965783910863678,False
13722,-0.008902304082250196,False
13754,-0.022160012429714087,False
13756,-0.002101720028413695,False
13788,-0.0038588142696556957,False
13820,-0.0036757770710502294,False
13827,0.03185262994921084,False
13834,-0.005838020764671732,False
13839,-0.021944999271452763,False
13848,0.004355452254730656,False
13850,-0.007321445647261253,False
13855,0.15247517124028,True
13871,0.10535743677088345,True
13879,0.003985915579264536,False
13881,0.0597354132973217,False
13882,-0.004042633095488575,False
13883,0.056892511056215254,False
13886,-0.052730978806670444,False
13894,-0.01308006693681069,False
13916,-0.06405090899058395,False
13923,-0.0007839435793656078,False
13932,0.04832917274734657,False
13943,-0.005805310759828887,False
13948,-0.016687023519428974,False
13960,-0.00658509460297192,False
13977,0.13107877622839456,True
13980,0.20518848488839875,True
13981,-0.07027529099967851,False
13985,-0.044738180021961046,False
13986,0.009093265660355943,False
13991,0.10196791567985039,True
13994,-0.0035241377634332603,False
13999,0.0038992351602329077,False
14015,0.025129498775302957,False
14020,0.08607704468916018,True
14022,0.06740482180139068,False
14023,0.13915933029552285,True
14026,-0.017584999097695383,False
14048,0.09592624384648049,True
14052,0.07830317736122996,True
14061,0.07633072363416554,True
14080,0.046945527552507055,False
14088,-0.07729052206381828,False
14106,-0.004638819114753546,False
14109,0.013160135343421003,False
14126,-0.02054591624564813,False
14129,0.18025463014201915,True
14134,-0.002561272108668747,False
14137,-0.018138924712094013,False
14146,0.07499146869253756,True
14159,0.09181586001172114,True
14171,0.10576026233740969,True
14201,-0.002347144593570483,False
14210,-0.0009324711898582915,False
14217,-0.026277129599871153,False
14249,-0.00740327301974224,False
14261,-0.009641630423884554,False
14278,7.235168301248277e-05,False
14279,0.05321719771162893,False
14282,0.0562204906506929,False
14285,-0.03245537028113502,False
14286,0.05700687015864126,False
14288,0.0309976284760382,False
14293,-0.04693482308193078,False
14301,-0.018061538090320222,False
14306,-0.06469770027779645,False
14307,0.05782938345014627,False
14308,0.10237148379444092,True
14309,-0.05863274492896265,False
14310,-0.02444315618326838,False
14317,0.010036512872153468,False
14319,0.030552678448365126,False
14322,0.014359901808831177,False
14330,-0.023098444819132993,False
14354,-0.008381153772177538,False
14356,0.17956207037989147,True
14362,-0.07721773985381081,False
14387,0.04011697198509355,False
14390,0.07685112529457515,True
14391,-0.014091735773835271,False
14413,-0.014967548779006965,False
14433,-0.013369982200815323,False
14442,0.036996017132211755,False
14449,-0.002778875861234852,False
14450,0.037556434798670345,False
14455,0.024361260054433516,False
14456,-0.003629542874245127,False
14459,0.010467348964383952,False
14460,0.032364730932651964,False
14484,-0.023107861769873266,False
14491,-0.0007430965733828175,False
14492,-0.004038530667673413,False
14495,-0.007447197667707138,False
14499,-0.01292613368397969,False
14528,-0.008468521720627759,False
14537,0.020318003672120732,False
14538,-0.09671299789793299,False
14540,-0.0017988518261542424,False
14558,-0.1313386937728464,False
14589,0.05002607217865607,False
14601,-0.008285628447846007,False
14602,-0.006121337581878491,False
14609,0.02154476925399616,False
14615,0.11493943563956016,True
14622,-0.06322951446552667,False
14623,-0.11585780077498929,False
14630,0.05917385658863819,False
14632,-0.0001398656528299148,False
14633,0.005714083869435741,False
14634,0.01599377276054794,False
14635,0.059032198283282905,False
14639,-0.022907656815543992,False
14647,-0.01435035362427762,False
14657,-0.014356657009266244,False
14664,-0.03161150716444795,False
14698,-0.006016181597768846,False
14702,-0.10398975466473107,False
14705,-0.046582239679800325,False
14706,-0.00782481147223608,False
14716,-0.07672775636008165,False
14718,-0.001750967833710273,False
14732,-0.005311364907785355,False
14771,-0.05911261588087376,False
14777,-0.0063297663886501,False
14783,0.03795690338457127,False
14784,0.012990156339141459,False
14785,-0.005181634033879296,False
14826,0.0008780606241548187,False
14827,0.0479673655020996,False
14832,0.06582478279772998,False
14833,0.027877209920566328,False
14839,-0.0022430054574349395,False
14865,0.0005832855965658939,False
14884,-0.018239455004368976,False
14885,-0.014224374400949244,False
14889,-0.005147924084549972,False
14891,0.05724071367276668,False
14897,-0.005120770689177249,False
14903,-0.008981477952502422,False
14918,-0.053151941517211,False
14920,-0.006530940947011124,False
14927,-0.03492303837812161,False
14938,-0.017650493481201807,False
14939,0.09354712725585751,True
14940,0.018909585173869682,False
14941,0.024378700105468797,False
14945,0.08994432865371935,True
14952,-0.005970424976737231,False
14957,0.1809665961422415,True
14958,-0.0063842326879078905,False
14959,0.010358056391945713,False
14963,-0.052947563504775814,False
14966,0.015026390287117797,False
14967,-0.02009053610104341,False
14984,-0.006484555617065838,False
14986,-0.0002747766267299656,False
14994,-0.0045651158399864,False
15010,-0.01728236154702017,False
15016,0.1263350981514143,True
15023,0.0034739004646126836,False
15026,0.13354905598392114,True
15027,0.0629950156255078,False
15028,-0.0025171593385074085,False
15034,-0.006074337510315762,False
15035,-0.017703787046085172,False
15050,0.14616412127688355,True
15053,0.006623053039354667,False
15062,0.01381558855673704,False
15165,0.0022077037828045596,False
15171,0.03701589227809723,False
15173,0.00018788913381826179,False
15174,0.059294934601477084,False
15177,0.05247195381810591,False
15178,0.1340757162799213,True
15179,0.17305816141386027,True
15181,0.0065847031744275504,False
15204,0.10784546282111665,True
15205,0.008075175739875477,False
15206,0.08748668366091163,True
15208,-0.03647472944288628,False
15217,0.12741426917788012,True
15218,0.08894432960462235,True
15288,-0.15830163512173742,False
15293,0.02020573784043357,False
15297,0.005084070507209065,False
15324,-0.003227640041673927,False
15335,-0.03697507844340353,False
15336,-0.023845923649115672,False
15337,0.023458153781862487,False
15339,-0.016074334074190694,False
15343,0.12864801896166975,True
15349,-0.00845544793047944,False
15353,-0.06668768165877462,False
15358,-0.07407790711842042,False
15360,-0.04505666211149566,False
15378,0.048571015227989,False
15380,-0.03730916864685983,False
15382,0.06698315666491503,False
15385,-0.018394330398306305,False
15389,0.014695880237069721,False
15391,-0.02499065591445087,False
15393,-0.009355778427029367,False
15406,0.009617992967854972,False
15407,0.13106590992352468,True
15413,-0.002196352024599029,False
15421,0.10047814691932258,True
15435,-0.013976548230460477,False
15437,-0.0032609024879218986,False
15439,-0.0055340808529020635,False
15449,-0.015002395886142633,False
15463,0.14927623850150198,True
15464,-0.0009958841292091144,False
15469,0.08495301201744948,True
15474,0.014672342450185396,False
15486,-0.0011044667682276869,False
15494,-0.010095838556840145,False
15507,0.016426518863225874,False
15527,-0.012880986668352664,False
15554,0.04099530832094658,False
15555,0.062231449890315066,False
15565,-0.07839936762576429,False
15574,-0.051039255083805725,False
15577,-0.007371714449043278,False
15587,-0.015544130463059297,False
15593,-0.03552918371468707,False
15595,0.008188037222926972,False
15596,-0.04428527442632679,False
15597,0.00495188862424677,False
15645,0.06126298737443098,False
15656,-0.00015607404405426864,False
15664,-0.002023627525369155,False
15676,0.024967466001754774,False
15688,-0.004877981126474898,False
15704,-0.0035408556915465677,False
15710,-0.002179303027861276,False
15732,-0.09789186006602317,False
15733,-0.009781800647255404,False
15734,4.606183754153553e-05,False
15739,-0.015406228144172546,False
15748,-0.0033059288516468937,False
15752,-0.0007704396585522132,False
15755,-0.04583956933252234,False
15758,-0.0025002160635221307,False
15759,-0.0012887153906960176,False
15765,-0.10274383532038407,False
15768,-0.0016671000865941118,False
15782,0.00042113145810782765,False
15785,-0.0008774201331378229,False
15799,-0.0037281661473374896,False
15807,-0.007029879557369148,False
15811,-0.03768565433498387,False
15819,-0.005344255623323417,False
15820,-0.0053027884449668,False
15845,-0.03251013598967966,False
15850,-0.0015380501958090348,False
15884,-0.05184387449460025,False
15911,0.02365707208147491,False
15917,-0.009375523611637638,False
15919,-0.006938393274154535,False
15921,0.10902299338953976,True
15935,-0.0031106438349385577,False
15936,0.08576109699705359,True
15953,-0.11733621226228484,False
15959,0.006571298504868343,False
15970,0.035544232188121506,False
15972,-0.003214399060846705,False
15984,-0.0086446158262907,False
15992,-0.0028650541422031587,False
15998,-0.008574558997097593,False
16000,-0.005382656071117325,False
16012,-0.003555804161903947,False
16021,-0.04689261255887524,False
16023,-0.005842813232260741,False
16024,0.016787873042442537,False
16031,0.06523667644595467,False
16045,-0.05032431339547885,False
16063,-0.0009609549952691673,False
16068,0.0007486330177907851,False
16079,-0.033594331032690924,False
16080,-0.0012107412408786545,False
16102,-0.007763998454627295,False
16111,-0.003403067238304432,False
16162,-0.003592591312327972,False
16169,-0.005297049327703268,False
16179,-0.003030741054632251,False
16194,-0.015017471790369148,False
16195,-0.024533844340098317,False
16196,-0.04209895807998431,False
16197,-0.04846059948469979,False
16212,-0.012299971219269514,False
16217,-0.07367256854731206,False
16222,-0.08325988650954154,False
16244,0.012652159981744508,False
16247,0.14509383729942005,True
16250,-0.005315410119816725,False
16251,-0.005658954951587195,False
16254,0.114508220327341,True
16569,-0.006215102404067394,False
16581,-0.003147424088499058,False
16676,-0.0056796443073790755,False
16690,-0.0021626066499753575,False
16748,-0.004711632439003442,False
16878,-0.0016988586945331518,False
16942,-0.00688194239062482,False
17060,-0.015429242776104388,False
17073,-0.00790212997664642,False
17106,-0.007634823826801678,False
17306,-0.0027238898845016657,False
17312,-0.0027720129544044976,False
17366,-0.004673014306806506,False
17394,-0.004106719656758161,False
17406,0.039745391434096486,False
17420,-0.004523446500777855,False
17427,-0.008889839458963667,False
17449,-0.003341596611298073,False
17457,0.031742815238326894,False
17459,-0.004507214514193212,False
17461,-0.0021351110970925574,False
17462,-0.0029125893563364223,False
17464,0.03257886318179905,False
17465,-0.010657664895516146,False
17468,0.042684959275196735,False
17475,-0.006191783579847309,False
17493,-0.04552297020398495,False
17497,0.01758208534213576,False
17506,0.007885203740289021,False
17509,-0.141307914317508,False
17519,-0.011043368940291861,False
17552,0.053820986615983835,False
17555,-0.019597484383999903,False
17566,-0.03698221183021715,False
17577,-0.045616481811303344,False
17582,-0.00396077323960273,False
17588,0.019609546214533074,False
17600,-0.002360637399097283,False
17603,-0.01345217322355476,False
17608,-0.0032848396981649914,False
17617,-0.03367476374990742,False
17654,-0.004470219172779781,False
17674,-0.004817723906156171,False
17677,-0.0063740496275434405,False
17714,-0.03971357854886871,False
17726,-0.02987028442401127,False
17727,-0.014317521163297875,False
17737,-0.023161910074279177,False
17747,-0.015647931805794116,False
17750,-0.00378692635539788,False
17767,-0.0046588798646267195,False
17768,0.005897022548627463,False
17772,-0.04876713440118101,False
17789,0.027806288434080156,False
17790,-0.01645527453470523,False
17792,-0.004861877983230672,False
17794,-0.04747479761729673,False
17808,-0.013369579502735329,False
17810,-0.005448672331842581,False
17814,0.0011849636339983194,False
17816,0.0020841246569484177,False
17820,0.05164045031726118,False
17829,0.03619995318315337,False
17835,-0.018056986128903905,False
17840,0.0016102007575732851,False
17842,-0.003600103505992671,False
17844,0.05913880745025983,False
17862,0.006092104907034821,False
17866,-0.008527173744622309,False
17869,0.02797099795475553,False
17878,-0.008675810224638302,False
17891,0.01698798011928757,False
17906,-0.005500687601365537,False
17927,0.0028997253598143603,False
17928,-0.02805012717381182,False
17939,-0.004012448082202712,False
17954,-0.0024091739173269376,False
17958,0.00968784175055886,False
17959,-0.028108566259301287,False
17970,-0.0036756898835125246,False
17983,0.018411716584975445,False
17989,-0.015134563311136544,False
18000,-0.010191783171432814,False
18004,-0.012266693343992075,False
18007,0.03185883806571527,False
18012,0.01722335543373447,False
18045,0.007811308176398023,False
18059,-0.06032518431897401,False
18070,-0.04384528725268226,False
18071,-0.13567212603071088,False
18091,0.11920890132705075,True
18134,0.05216548289560686,False
18135,0.0009918781231500655,False
18137,0.00506362814129306,False
18145,-0.0015210183681808494,False
18159,0.07484977061454368,True
18163,0.03689562022348218,False
18168,-0.008577910087894451,False
18179,-0.004132573412509859,False
18192,0.07896415665180458,True
18194,0.00920601311661289,False
18210,-0.011245318180713306,False
18216,0.06887400462480688,False
18222,0.09812050401021735,True
18227,-0.01704737952183426,False
18237,0.03688410869646594,False
18242,-0.0032202553353367393,False
18243,-0.003400744428585644,False
18253,0.008363278841672187,False
18258,0.13948011668705063,True
18263,0.03579741206249607,False
18270,-0.05713260253869602,False
18274,-0.028296695037347996,False
18279,-0.018531786263808154,False
18287,0.01994835922932956,False
18290,-0.01817425811468272,False
18293,-0.008259634086961695,False
18296,0.004425969579761704,False
18297,0.0858084647872916,True
18301,-0.005938835757102262,False
18306,0.015016707452057144,False
18310,-0.05473390288966468,False
18313,-0.02210288001898895,False
18316,-0.004931237595487284,False
18328,-0.011473244969157342,False
18353,0.01801565691113779,False
18357,-0.046060131041203406,False
18364,-0.06755662092109056,False
18440,-0.005282602480500232,False
18443,-0.004161533913844012,False
18448,-0.005838261578827881,False
18450,-0.03070268081296149,False
18462,-0.005963108159074836,False
18473,0.037602117308550696,False
18511,-0.043129612023359014,False
18513,-3.41593228380504e-05,False
18529,-0.0037602360129247755,False
18534,-0.05185240424733698,False
18537,-0.0022330883859918776,False
18553,-0.003095210980965454,False
18556,-0.0018182779846876778,False
18581,-0.03911921404542626,False
18594,0.06255411449576438,False
18606,-0.002661551260389948,False
18630,-0.0017354331587888028,False
18632,0.056403636880395715,False
18636,0.08142073677849374,True
18648,-0.012346296836809044,False
18649,-0.0009339403662123185,False
18674,-0.002409623771104365,False
18675,0.014765667437061017,False
18689,-0.0002817060936786101,False
18690,-0.003687173023146764,False
18702,-0.004617656973419786,False
18732,-0.002467636699537702,False
18736,-0.03872803468084539,False
18739,0.025457070934504653,False
18741,-0.003601621350948407,False
18785,0.056622081006935804,False
18791,-0.0023662800027283207,False
18817,-0.0018056406324262321,False
18824,-0.007869717617493267,False
18827,-0.0023305858189265776,False
18833,-0.013785752050588934,False
18836,0.046461719021873786,False
18837,-0.0032654235104059713,False
18861,0.15509433428968333,True
18864,0.18908652986104477,True
18868,-0.003959011286716842,False
18876,-0.0037486332376546446,False
18877,-0.015726638948058924,False
18940,-0.008225051701904433,False
18948,0.05779787537706569,False
18957,0.004559978090438369,False
18972,0.008700626060964153,False
18973,-0.018842952776761387,False
18981,-0.0028339620028220327,False
18985,0.007079731586989198,False
18989,-0.007982620091957118,False
18998,0.0691934975426839,True
19003,-0.0869782441435705,False
19018,-0.014622787430363396,False
19024,0.043791773278108084,False
19025,-0.19677503546867942,False
19029,0.018123656510811288,False
19030,-0.0030763414132648384,False
19034,-0.004780186457877595,False
19052,0.009020681184930986,False
19074,-0.0013375450331134225,False
19087,0.0021571660261770083,False
19089,0.02441151699665726,False
19093,0.05965507390673602,False
19131,-0.018650910817505813,False
19139,0.0009030630812716785,False
19150,-0.005102281252606434,False
19154,0.02921368284342735,False
19158,-0.006995213195833641,False
19159,-0.008821903533986503,False
19163,-0.019748768230862378,False
19167,-0.013536684813481671,False
19168,-0.09867131779631332,False
19176,5.748999376821966e-05,False
19179,-0.007604687280455979,False
19190,-0.02021025653810837,False
19192,0.10226199336635422,True
19202,-0.04797982531608891,False
19211,0.031473896997016804,False
19240,-0.015151200600929303,False
19241,-0.015402014903628936,False
19252,-0.012012000810894048,False
19258,-0.004087590614161282,False
19270,0.05230798251184816,False
19272,-0.005289778322367941,False
19276,0.07071659757265135,True
19287,-0.006296161162312338,False
19290,0.05675610942819725,False
19299,0.008215248943345941,False
19300,0.024088892434760405,False
19305,-0.012272408638105319,False
19308,-0.03930626172855775,False
19312,0.00624727335460645,False
19315,0.029330318492956028,False
19318,-0.004915271765822071,False
19321,-0.012915662022265078,False
19326,0.02003968229533289,False
19327,0.10452780108857047,True
19340,-0.0018179511024627596,False
19357,-0.012455853017024957,False
19396,0.16193473227464428,True
19398,-0.03232429181800287,False
19404,-0.03375192865796202,False
19407,0.0196675594503174,False
19412,0.014387394769795628,False
19459,-0.007914302178645374,False
19460,-0.009961071464017765,False
19478,-0.0024540382134473123,False
19481,-0.0161808330673294,False
19498,-0.01078927716064846,False
19542,0.018558753205519404,False
19549,-0.004769906100272374,False
19550,-0.0003041583223777992,False
19560,-0.02970004670228852,False
19573,-0.008291383381785481,False
19576,-0.011087688389518895,False
19587,-0.004487915404982087,False
19591,0.03996236064642323,False
19627,-0.027379907123950477,False
19688,0.07117020189328957,True
19689,-0.001037552601708247,False
19706,-0.0063376305655003795,False
19712,-0.024630195576923027,False
19716,0.03790035989841348,False
19731,0.12929832803149904,True
19732,-0.005561312008742589,False
19733,-0.005832629835834368,False
19734,-0.0022061310573127375,False
19773,-0.003132784289662452,False
19782,0.1600537898742387,True
19799,-0.004639938844518193,False
19801,0.011732814917682795,False
19804,-0.0019932507716482273,False
19817,-0.006381896393077211,False
19837,-0.14848981618064808,False
19840,-0.1618053587218844,False
19842,-0.06192880053469404,False
19871,0.006650322804978416,False
19872,-0.001863655632636912,False
19894,0.0026521055167696202,False
19902,0.015243183484111201,False
19922,-0.17245537022827834,False
19930,0.26660359575334175,True
19949,-0.12481713521702577,False
19953,0.01326988827056089,False
19959,-0.031869976178504594,False
19961,-0.011668197832921952,False
19963,-0.009260860801354883,False
19965,-0.042094768139112386,False
19984,-0.00756983261751917,False
19985,-0.04560895618006455,False
19992,-0.002184550701166868,False
20003,-0.00530182909432882,False
20012,0.048801753129298395,False
20022,-0.0006734491597917336,False
20028,-0.0175427482559971,False
20032,-0.06642819885015257,False
20040,-0.01771721337942191,False
20054,-0.014518128972622722,False
20060,0.02064738804995117,False
20062,-0.014886568856432697,False
20068,0.11872643466635273,True
20069,0.08574275409359003,True
20074,0.11294546510941601,True
20076,0.10578717728471822,True
20078,0.014080315700379712,False
20079,-0.0008179554967922952,False
20084,0.0012847069090145384,False
20091,0.1081971920914757,True
20096,-0.008625983374164193,False
20108,-0.017666961276276535,False
20109,-0.0018373135734807385,False
20115,-0.04394475901132305,False
20116,0.02248324504504143,False
20118,-0.06147366458870671,False
20125,-0.0006991374172417093,False
20130,-0.017577259616844622,False
20145,0.16372143804272005,True
20147,-0.06450952046838003,False
20165,-0.011539340068919246,False
20186,-0.0916878632480512,False
20189,0.048857303740092575,False
20221,-0.03845003340753765,False
20229,-0.0018653681836420513,False
20233,-0.0010487875597166444,False
20234,-0.007270723656144793,False
20238,-0.0015290117804623242,False
20251,-0.0072599824184651,False
20259,-0.004875600044698637,False
20262,0.0005243740084470495,False
20269,0.018734307231742582,False
20270,0.013542815883712943,False
20306,0.0008647623111316181,False
20339,0.09861229266037382,True
20340,0.012492500339774825,False
20342,0.015123474254534098,False
20343,0.048169339990496864,False
20353,-0.021107971080044696,False
20354,-1.3531427670031352e-05,False
20356,-0.007067069392431283,False
20363,-0.00877016058584397,False
20364,-0.024592792076175034,False
20384,-0.01523832136388921,False
20385,-0.008980297088071177,False
20386,0.02344428035930353,False
20388,-0.009005032697500597,False
20390,-0.025374080839654724,False
20399,-0.13452319576795935,False
20402,0.12033261031682173,True
20403,-0.010479799432955749,False
20414,0.004665009709022665,False
20416,-0.07117158402510972,False
20417,-0.0788973461082204,False
20426,0.01825525760112037,False
20430,0.07526424638532847,True
20432,0.0420937398693344,False
20439,-0.0511820802464285,False
20444,-0.021095436330987902,False
20445,-0.008767018907458062,False
20451,-0.021596837719945843,False
20453,-0.002383618968490803,False
20454,0.021302196622510844,False
20459,-0.01770661646323183,False
20515,-0.003152975954677702,False
20525,0.06743859119759459,False
20529,0.06832163056321518,False
20532,0.11549020315299292,True
20537,-0.011956068785814473,False
20548,0.00646677638954521,False
20552,-0.0013750396543596118,False
20556,0.010227605418172,False
20557,0.1315407852726604,True
20560,-0.006286791998910179,False
20561,0.008810193747428596,False
20568,-0.021060560279141462,False
20583,-0.02386617253271669,False
20598,-0.0030075706186016783,False
20599,0.04741795312361787,False
20601,-0.003696210195080953,False
20612,-0.00410217279725467,False
20621,-0.003913618608170145,False
20629,-0.006925744581562722,False
20631,-0.01130253103203787,False
20642,-0.11069340143078715,False
20645,0.1666140578011428,True
20647,0.09626347392345015,True
20660,-0.002697714859378545,False
20669,0.01070490113370877,False
20698,0.039523523709688334,False
20726,-0.017725239133902258,False
20729,-0.009718140497610947,False
20730,0.03976945762435948,False
20741,-0.0026679609854089008,False
20746,-0.0037180693714864324,False
20749,-0.0037252531579583512,False
20753,-0.003230414159645032,False
20754,-0.010530622899821979,False
20757,-0.02734576609723274,False
20791,-0.013307597401918685,False
20799,0.05678818677331471,False
20801,-0.0038469333165028624,False
20802,-0.010764468217874176,False
20803,0.023775354294249297,False
20827,-0.0020699541192039615,False
20834,-0.004505912887013062,False
20856,-0.0003387794772855361,False
20864,-0.005549024201311623,False
20866,-0.006601080167096135,False
20869,-0.007930367031479308,False
20881,-0.04325995237562056,False
20892,-0.036077000456529534,False
20902,-0.005344805818122396,False
20918,-0.0076092754407145165,False
20939,0.01699504987743589,False
20959,-0.0011431982797528628,False
20961,0.018176374582706652,False
20968,-0.0029413144420634037,False
20969,0.009721246931710047,False
20972,0.01322942792573408,False
20981,-0.001999741530573522,False
20983,0.009260788330132478,False
20988,-0.006810582063230994,False
20991,-0.0029515692236019965,False
21020,-0.002084848676483903,False
21023,-0.005478364091085483,False
21030,-0.0034085943956462528,False
21033,0.0440624556368034,False
21035,0.07104029608113786,True
21038,0.010646319314770123,False
21041,0.011857086336116521,False
21047,-0.02025311940735422,False
21049,0.023039618469678093,False
21053,0.061483387051354615,False
21075,-0.004053905483685367,False
21077,-0.0021145473708088255,False
21080,0.006244962176965788,False
21089,0.033642519404110297,False
21093,0.02670717167992484,False
21094,-0.008233910134196817,False
21096,-0.02560271550900608,False
21115,0.04857689875815121,False
21127,-0.09180334529785478,False
21132,-0.0018830519672703736,False
21188,0.003240880039384024,False
21190,-0.029109049006582673,False
21208,0.0013024352434659993,False
21213,-0.009485824493356613,False
21232,-0.007089877022267325,False
21238,-0.07801913530213224,False
21246,0.004044479720398625,False
21249,0.001716266897532301,False
21253,-0.061937067279118095,False
21269,-0.05609118459211676,False
21288,-0.00682570614233696,False
21290,-0.013419524288854765,False
21292,-0.0027140931524814206,False
21333,0.017452297164832094,False
21334,-0.08614135578268525,False
21335,0.10948597837259641,True
21342,-0.005935492199858789,False
21348,-0.006542652916222638,False
21354,0.08241121396637796,True
21365,-0.005669664356546416,False
21371,-0.0051924386908365145,False
21378,-0.12781932340402627,False
21379,-0.019693832376550376,False
21382,-0.0016454938498548322,False
21389,-0.004231416585174974,False
21391,0.01878800932071121,False
21397,-0.003520753760264607,False
21450,0.0061852945773285374,False
21461,-0.11889215278984915,False
21468,0.027698209109878507,False
21493,0.0952070669293506,True
21494,-0.017067194723207075,False
21517,0.14112629526490963,True
21518,-0.07611658891216645,False
21523,-0.00717521359587759,False
21526,-0.07876314072647983,False
21530,-0.004675139167806407,False
21532,-0.00412066060399945,False
21533,-0.0027831126363026134,False
21536,0.13143361473136178,True
21544,-0.0027177474261518364,False
21546,-0.0071618368907433675,False
21551,-0.008745403885689305,False
21571,-0.030835171369172742,False
21579,-0.00022914917865671716,False
21590,-0.019554837066848848,False
21592,-0.004868731411187903,False
21607,-0.010246920318737918,False
21610,-0.054345671173873726,False
21624,-0.0036724309230055014,False
21637,-0.0034844484493425573,False
21654,-0.06340717629870586,False
21675,-0.019974238805061818,False
21700,-0.045780490820605826,False
21703,-0.031274853489065356,False
21704,-0.005879016901684538,False
21713,-0.01726639070445416,False
21746,-0.02202357343217545,False
21747,-0.0178581368796067,False
21756,-0.010854161277666148,False
21763,0.022279291643271974,False
21765,0.017804129271370983,False
21775,0.022957682840056823,False
21790,-0.024947985371497405,False
21807,-0.0012416587620745754,False
21818,-0.004591530596403937,False
21833,-0.010334829927325779,False
21836,0.07432657886356524,True
21848,-0.0404902971908162,False
21856,0.01592931829247675,False
21865,0.00766838589192108,False
21866,-0.0068288392996935475,False
21879,-0.009367156640727372,False
21889,0.039484148535413,False
21906,-0.012218010718799683,False
21916,-0.0222708246625969,False
21933,-0.005761927781422906,False
21942,-0.010500930510225099,False
21948,-0.005702923929713075,False
21965,-0.0032083373078864927,False
21971,-0.0024007231567407983,False
21998,-0.0005789208374448279,False
22001,-0.0044526547364805704,False
22003,-0.0018299290720900456,False
22005,0.008111489652847335,False
22036,0.0018040643336550007,False
22037,-0.005849820699963019,False
22072,-0.004868096637543255,False
22087,-0.07854816701125256,False
22092,0.07650294606477948,True
22116,-0.0037651690436724524,False
22151,-0.06025826225491167,False
22166,-0.029466835155829457,False
22169,0.036843878549933956,False
22171,0.07024132270342792,True
22202,-0.00371496307457685,False
22205,-0.00983827274662239,False
22207,-0.0003691303864815443,False
22208,-0.05636501490665518,False
22212,-0.009476207695789293,False
22222,-0.02388903029098764,False
22234,-0.011438541397063068,False
22239,-0.0013301088779794662,False
22242,-0.09042336628033812,False
22243,-0.04857612104544586,False
22245,0.04285844486519111,False
22246,-0.004695016338521067,False
22257,-0.10634730644061903,False
22264,-0.006976460985422337,False
22266,-0.025210433407603733,False
22267,-0.006856407311753356,False
22269,-0.024900728360251,False
22275,-0.006908684828764588,False
22282,-0.005513293291932975,False
22287,-0.006323693144294982,False
22307,-0.012990374586967684,False
22308,-0.012652056387610541,False
22311,0.03561010841284982,False
22319,-0.0063555862672448615,False
22321,-0.006857135220507724,False
22341,0.0034870498691413118,False
22387,0.0006714766145409467,False
22402,-0.02018560363188822,False
22408,-0.0057949704695393015,False
22409,-0.008312285645303829,False
22410,0.17257737444361626,True
22420,-0.014566416001154785,False
22427,-0.008726879515717025,False
22441,0.042762680127546006,False
22469,-0.0294816923849688,False
22477,-0.030455536873540755,False
22481,0.05072425377131969,False
22492,-0.0048952039719933355,False
22509,-0.0037217779895914447,False
22514,0.10642661594551049,True
22515,0.027580736067200455,False
22518,-0.013393777349890015,False
22538,-0.005984350327907028,False
22541,-0.01701240931199925,False
22546,0.052112608647898684,False
22547,0.000290673366281128,False
22551,0.0676645205533654,False
22552,0.07294328072120813,True
22553,-0.0031247852871916326,False
22557,0.008898669133747275,False
22562,-0.002818788981027685,False
22570,-0.0021701440347468566,False
22584,-0.0053279913669693375,False
22587,-0.006791808964754591,False
22593,-0.00045336679821235154,False
22595,0.02075256914631684,False
22607,0.09108392472856416,True
22624,-0.07419185768197857,False
22635,-0.02501971785619612,False
22636,-0.09911238444880359,False
22645,-0.014471142431646706,False
22656,0.00862978993096687,False
22670,-0.02380472056544061,False
22671,0.053147397045254854,False
22691,-0.0697964520977718,False
22692,-0.1711938599997127,False
22695,-0.004927002679250725,False
22710,-0.001611772388383468,False
22715,-0.0035392928034138765,False
22736,-0.025510425673131984,False
22737,0.0012979367308004587,False
22751,-0.0005592332594493689,False
22761,-0.0017745768471160292,False
22789,-0.004464734216187297,False
22800,-0.0016844920154996126,False
22802,-0.004249047376220945,False
22816,-0.008573455905489016,False
22819,-0.006722903798597476,False
22826,0.003955194898672958,False
22832,0.007188419119269909,False
22851,-0.038189880905245895,False
22859,-0.01129421262169987,False
22886,0.08369175284064036,True
22888,-0.007781195787483972,False
22890,-0.0070983975957746364,False
22891,0.16328638831582293,True
22892,-0.0189794231804907,False
22893,0.011324010753230914,False
22903,0.050500206561590454,False
22905,0.06314665279466242,False
22906,-0.0024720086648407887,False
22914,-0.003410481589144819,False
22920,-0.005694782828938981,False
22923,0.062418332053038525,False
22926,0.0693814038955097,True
22929,-0.0036005125366168783,False
22931,-0.023483228016923333,False
22932,-0.06890138122273627,False
22939,0.010946354479367182,False
22942,-0.004198896957459322,False
22948,-0.06506937684662434,False
22959,-0.00468958998662548,False
22980,0.010030665866135218,False
23006,-0.002348857829437073,False
23018,-0.03952097861964133,False
23020,-0.0037261683545862217,False
23022,-0.006792301568164207,False
23023,0.0004932498895734249,False
23028,0.08602155172230877,True
23029,-0.0005470175550735451,False
23033,0.0123909814621936,False
23036,-0.01653499547064807,False
23038,-0.013664998926681328,False
23041,0.06726951999243495,False
23048,0.037352715059109275,False
23051,-0.005642524616878497,False
23055,0.014892665152848735,False
23056,0.023094859139055183,False
23057,0.023462546555830705,False
23066,-0.0311138949612631,False
23068,0.005384480890502423,False
23154,-0.005148857523601361,False
23263,-0.017456879381282507,False
23264,-0.017283035621268497,False
23284,-0.003545978138463844,False
23302,-0.05043411798590044,False
23317,0.027031294323629117,False
23334,-0.0015305410158834405,False
23354,-0.1398687702333852,False
23357,-0.06134485234109182,False
23358,0.004602328743582715,False
23364,-0.0325447158858928,False
23399,-0.0038772949943696546,False
23434,0.0024216096145444023,False
23441,-0.001098628797614572,False
23442,-0.02329054690523492,False
23443,-0.08926845809286575,False
23445,-0.015151495597536382,False
23446,-0.0009933810745173226,False
23450,-0.009644244173092838,False
23451,-0.002748602759537005,False
23456,-0.02357938802916706,False
23465,-0.020647723539298238,False
23469,-0.003182835936464347,False
23489,-0.1399996177776882,False
23500,-0.005387719169039108,False
23505,-0.03418383791971997,False
23507,-0.013177293456420092,False
23511,-0.005694547107528865,False
23519,-0.07037296679399176,False
23535,-0.01033091597196647,False
23536,-0.005685006620148629,False
23537,-0.004247802129582276,False
23541,-0.033143912081030395,False
23557,-0.0062611704023736925,False
23580,-0.0037254699082724108,False
23592,-0.011665717107028913,False
23605,-0.020838240173680956,False
23615,-0.0032355013712291976,False
23622,-0.006451820537579047,False
23640,0.04250441861887831,False
23642,-0.006954067154544708,False
23650,-0.011791536410605832,False
23663,-0.0027760715581733363,False
23664,-0.018761249678563553,False
23693,0.02475209499066407,False
23705,0.12046860077679061,True
23728,-0.015564554533536211,False
23730,-0.00043429396580068106,False
23737,-0.02375723589490132,False
23762,-0.0277771574653009,False
23787,0.04938819782047418,False
23819,-0.035296652139030715,False
23830,-0.001609812583426877,False
23833,0.14857228463764216,True
23840,-0.0042642366502687774,False
23856,-0.00410550065578998,False
23885,-0.04642058775486167,False
23887,-0.007639660492253901,False
23892,-0.004083106681978539,False
23894,-0.003998495537103415,False
23897,-0.0003979366605756705,False
23915,0.028309138694228787,False
23943,-0.0029332328737222864,False
23959,-0.004805088654798911,False
23961,-0.05404977301101399,False
23978,0.0063074682931871465,False
23987,-0.007641763506721154,False
24005,9.111253540007127e-05,False
24035,-0.044636302939530505,False
24050,-0.004230798191863125,False
24051,-0.0036400551772144203,False
24053,0.003975296004207746,False
24054,0.1573933662228198,True
24055,0.04036219701541083,False
24078,0.21673654617958343,True
24087,-0.041248686983809256,False
24372,0.07362038410572662,True
24391,-0.005185888091342348,False
24398,0.057350265035298165,False
24416,-0.06716852640397979,False
24499,-0.0005376317639777065,False
24504,0.1539168142916302,True
24506,-0.014974576551011014,False
24507,0.056026542502966556,False
24520,-0.015053292857349666,False
24525,-0.00401517093916233,False
24530,-0.0023517861534744625,False
24536,-0.004195082473538727,False
24550,-0.01895922448045321,False
24564,-0.024590822635806753,False
24565,0.008111679573079598,False
24572,-0.009321717690142138,False
24574,-0.021912850211550126,False
24579,-0.002786598892780768,False
24580,-0.06905517681989058,False
24628,-0.00427810734570267,False
24633,-0.015364513584284046,False
24634,-0.09020148487053783,False
24653,-0.023022348031225437,False
24655,-0.012017253583044719,False
24675,-0.0072233146501544205,False
24681,-0.02137878697833044,False
24683,0.018926060709819018,False
24692,-0.012144410053227549,False
24705,0.003501032268897188,False
24750,-0.06391094117991274,False
24752,0.01686585638576709,False
24764,-0.005765817774596596,False
24769,-0.02882737585924208,False
24809,-0.004574556384964588,False
24837,-0.011506832555194932,False
24896,-0.017611856057492575,False
24897,0.07308105858152966,True
24899,-0.02040096100386587,False
24903,0.04972307171836051,False
24904,-0.022552199593824387,False
24911,-0.005834328302216238,False
24947,-0.02594596544732121,False
24953,-0.006359861307000375,False
24965,-0.003567748625636951,False
24966,-0.026052746410620824,False
24971,-0.0054890477153708254,False
25040,-0.0023335086840689397,False
25073,-0.016099355006318244,False
25079,-0.004433743676555373,False
25098,-0.01601647203182557,False
25137,-0.018355302646731304,False
25154,-0.010597810222924628,False
25159,-0.0026929084111925873,False
25191,-0.003227877955286261,False
25204,-0.003858574633655446,False
25206,-0.027874140494812,False
25216,0.002559655406566305,False
25219,-0.02012348224310665,False
25245,-0.0032353819277526285,False
25271,0.07019062611606683,True
